#pragma once

#include <Arduino.h>
#include <pgmspace.h>

// Generated by esp32_rgb565_sequence/sequence_to_rgb565.py
// RLE4 format: byte pairs of run length and 4-bit palette index.
#define RGB565_SEQUENCE_ENCODING_RLE4 1
const uint8_t frames_palette_bits = 4;
const uint8_t frames_palette_size = 16;
const uint16_t frames_width = 64;
const uint16_t frames_height = 64;
const uint16_t frames_frame_count = 27;
const uint32_t frames_pixels_per_frame = 4096;
const uint32_t frames_rle_size = 56656;

const uint16_t frames_palette[27][16] PROGMEM = {
    {0x0861, 0x0882, 0x1081, 0x1082, 0x18C3, 0xB308, 0xE3AA, 0x0000, 0x0000, 0x0000, 0x0000, 0x0000, 0x0000, 0x0000, 0x0000, 0x0000},
    {0x0861, 0x0882, 0x1081, 0x1082, 0x18C3, 0xD369, 0x0000, 0x0000, 0x0000, 0x0000, 0x0000, 0x0000, 0x0000, 0x0000, 0x0000, 0x0000},
    {0x0861, 0x0882, 0x1082, 0x2104, 0xB308, 0xE3AA, 0x0000, 0x0000, 0x0000, 0x0000, 0x0000, 0x0000, 0x0000, 0x0000, 0x0000, 0x0000},
    {0x0861, 0x0882, 0x1082, 0x2104, 0xB308, 0xE3AA, 0x0000, 0x0000, 0x0000, 0x0000, 0x0000, 0x0000, 0x0000, 0x0000, 0x0000, 0x0000},
    {0x0861, 0x0882, 0x1081, 0x1082, 0x18C3, 0xB308, 0xE3AA, 0x0000, 0x0000, 0x0000, 0x0000, 0x0000, 0x0000, 0x0000, 0x0000, 0x0000},
    {0x0861, 0x0882, 0x1081, 0x1082, 0x18C3, 0xB308, 0xE3AA, 0x0000, 0x0000, 0x0000, 0x0000, 0x0000, 0x0000, 0x0000, 0x0000, 0x0000},
    {0x0861, 0x0882, 0x1082, 0x18C3, 0xB308, 0xE3AA, 0x0000, 0x0000, 0x0000, 0x0000, 0x0000, 0x0000, 0x0000, 0x0000, 0x0000, 0x0000},
    {0x0861, 0x0882, 0x1082, 0x18C3, 0xB308, 0xE3AA, 0x0000, 0x0000, 0x0000, 0x0000, 0x0000, 0x0000, 0x0000, 0x0000, 0x0000, 0x0000},
    {0x0861, 0x0882, 0x1081, 0x1082, 0x18C3, 0xB308, 0xE3AA, 0x0000, 0x0000, 0x0000, 0x0000, 0x0000, 0x0000, 0x0000, 0x0000, 0x0000},
    {0x0861, 0x0881, 0x1081, 0x1082, 0x18C3, 0xB308, 0xE3AA, 0x0000, 0x0000, 0x0000, 0x0000, 0x0000, 0x0000, 0x0000, 0x0000, 0x0000},
    {0x0861, 0x0882, 0x1081, 0x1082, 0x20E3, 0xBB4A, 0xE3AA, 0x0000, 0x0000, 0x0000, 0x0000, 0x0000, 0x0000, 0x0000, 0x0000, 0x0000},
    {0x0861, 0x0882, 0x1081, 0x1082, 0x20E3, 0xD38A, 0x0000, 0x0000, 0x0000, 0x0000, 0x0000, 0x0000, 0x0000, 0x0000, 0x0000, 0x0000},
    {0x0861, 0x0882, 0x1081, 0x1082, 0x20E3, 0xD38A, 0x0000, 0x0000, 0x0000, 0x0000, 0x0000, 0x0000, 0x0000, 0x0000, 0x0000, 0x0000},
    {0x0861, 0x0882, 0x1081, 0x1082, 0x20E3, 0xD38A, 0x0000, 0x0000, 0x0000, 0x0000, 0x0000, 0x0000, 0x0000, 0x0000, 0x0000, 0x0000},
    {0x0861, 0x0882, 0x1081, 0x1082, 0x20E3, 0xD3AA, 0x0000, 0x0000, 0x0000, 0x0000, 0x0000, 0x0000, 0x0000, 0x0000, 0x0000, 0x0000},
    {0x0861, 0x0882, 0x1081, 0x1082, 0x20E3, 0xD3AA, 0x0000, 0x0000, 0x0000, 0x0000, 0x0000, 0x0000, 0x0000, 0x0000, 0x0000, 0x0000},
    {0x0861, 0x0882, 0x1081, 0x1082, 0x20E3, 0xD3AA, 0x0000, 0x0000, 0x0000, 0x0000, 0x0000, 0x0000, 0x0000, 0x0000, 0x0000, 0x0000},
    {0x0861, 0x0882, 0x1081, 0x1082, 0x20E3, 0xD3AA, 0x0000, 0x0000, 0x0000, 0x0000, 0x0000, 0x0000, 0x0000, 0x0000, 0x0000, 0x0000},
    {0x0861, 0x0882, 0x1081, 0x1082, 0x20E3, 0xBB49, 0xE3AA, 0x0000, 0x0000, 0x0000, 0x0000, 0x0000, 0x0000, 0x0000, 0x0000, 0x0000},
    {0x0861, 0x0881, 0x1081, 0x1082, 0x20E3, 0xBB4A, 0xE3AA, 0x0000, 0x0000, 0x0000, 0x0000, 0x0000, 0x0000, 0x0000, 0x0000, 0x0000},
    {0x0861, 0x0881, 0x1081, 0x1082, 0x20E3, 0xBB4A, 0xE3AA, 0x0000, 0x0000, 0x0000, 0x0000, 0x0000, 0x0000, 0x0000, 0x0000, 0x0000},
    {0x0861, 0x0881, 0x1081, 0x1082, 0x20E3, 0xD38A, 0x0000, 0x0000, 0x0000, 0x0000, 0x0000, 0x0000, 0x0000, 0x0000, 0x0000, 0x0000},
    {0x0861, 0x0882, 0x1081, 0x1082, 0x20E3, 0xD38A, 0x0000, 0x0000, 0x0000, 0x0000, 0x0000, 0x0000, 0x0000, 0x0000, 0x0000, 0x0000},
    {0x0861, 0x0882, 0x1081, 0x1082, 0x20E3, 0xCBAA, 0x0000, 0x0000, 0x0000, 0x0000, 0x0000, 0x0000, 0x0000, 0x0000, 0x0000, 0x0000},
    {0x0861, 0x0882, 0x1081, 0x1082, 0x20E3, 0xCBAA, 0x0000, 0x0000, 0x0000, 0x0000, 0x0000, 0x0000, 0x0000, 0x0000, 0x0000, 0x0000},
    {0x0861, 0x0882, 0x1081, 0x1082, 0x20E3, 0xCBAA, 0x0000, 0x0000, 0x0000, 0x0000, 0x0000, 0x0000, 0x0000, 0x0000, 0x0000, 0x0000},
    {0x0861, 0x0882, 0x1081, 0x1082, 0x18E3, 0xCB8A, 0x0000, 0x0000, 0x0000, 0x0000, 0x0000, 0x0000, 0x0000, 0x0000, 0x0000, 0x0000}
};

const uint32_t frames_offsets[28] PROGMEM = {
    0, 2032, 4026, 6006, 7982, 10012, 12028, 14032,
    16036, 18066, 20088, 22346, 24570, 26792, 29006, 31128,
    33272, 35426, 37580, 39748, 41916, 44098, 46330, 48576,
    50614, 52656, 54682, 56656
};

const uint8_t frames_rle_data[56656] PROGMEM = {
    0xFF, 0x03, 0xFF, 0x03, 0xFF, 0x03, 0xFF, 0x03, 0xFF, 0x03, 0x11, 0x03, 0x01, 0x01, 0x1C, 0x00,
    0x01, 0x01, 0x21, 0x03, 0x01, 0x01, 0x02, 0x03, 0x1B, 0x04, 0x01, 0x03, 0x01, 0x01, 0x20, 0x03,
    0x01, 0x00, 0x01, 0x04, 0x1C, 0x06, 0x01, 0x04, 0x01, 0x00, 0x20, 0x03, 0x01, 0x00, 0x01, 0x05,
    0x1C, 0x06, 0x01, 0x04, 0x01, 0x00, 0x1A, 0x03, 0x07, 0x00, 0x01, 0x04, 0x1C, 0x06, 0x01, 0x04,
    0x01, 0x00, 0x19, 0x03, 0x01, 0x00, 0x07, 0x04, 0x01, 0x05, 0x1C, 0x06, 0x01, 0x04, 0x01, 0x00,
    0x19, 0x03, 0x01, 0x00, 0x01, 0x05, 0x23, 0x06, 0x01, 0x04, 0x01, 0x00, 0x19, 0x03, 0x01, 0x00,
    0x01, 0x05, 0x23, 0x06, 0x01, 0x04, 0x01, 0x00, 0x19, 0x03, 0x01, 0x00, 0x01, 0x05, 0x23, 0x06,
    0x01, 0x04, 0x01, 0x00, 0x19, 0x03, 0x01, 0x00, 0x01, 0x05, 0x1C, 0x06, 0x02, 0x04, 0x01, 0x02,
    0x01, 0x04, 0x03, 0x06, 0x01, 0x04, 0x01, 0x00, 0x19, 0x03, 0x01, 0x00, 0x01, 0x05, 0x0B, 0x06,
    0x04, 0x05, 0x0D, 0x06, 0x01, 0x02, 0x02, 0x00, 0x01, 0x04, 0x03, 0x06, 0x01, 0x04, 0x01, 0x00,
    0x19, 0x03, 0x01, 0x00, 0x01, 0x05, 0x0A, 0x06, 0x01, 0x04, 0x04, 0x00, 0x01, 0x04, 0x0C, 0x06,
    0x01, 0x02, 0x02, 0x00, 0x01, 0x04, 0x03, 0x06, 0x01, 0x04, 0x05, 0x00, 0x15, 0x03, 0x01, 0x00,
    0x01, 0x04, 0x07, 0x05, 0x03, 0x06, 0x05, 0x04, 0x01, 0x05, 0x0C, 0x06, 0x04, 0x04, 0x03, 0x06,
    0x01, 0x05, 0x05, 0x04, 0x01, 0x01, 0x15, 0x03, 0x07, 0x00, 0x01, 0x04, 0x21, 0x06, 0x01, 0x05,
    0x01, 0x00, 0x1B, 0x03, 0x01, 0x00, 0x01, 0x04, 0x21, 0x06, 0x01, 0x05, 0x01, 0x00, 0x1B, 0x03,
    0x01, 0x00, 0x01, 0x04, 0x21, 0x06, 0x01, 0x05, 0x01, 0x00, 0x1B, 0x03, 0x01, 0x00, 0x01, 0x04,
    0x21, 0x06, 0x01, 0x05, 0x01, 0x00, 0x1B, 0x03, 0x01, 0x00, 0x01, 0x04, 0x21, 0x06, 0x01, 0x05,
    0x01, 0x00, 0x1B, 0x03, 0x01, 0x00, 0x01, 0x04, 0x1F, 0x06, 0x01, 0x05, 0x02, 0x04, 0x1C, 0x03,
    0x01, 0x00, 0x01, 0x04, 0x1D, 0x06, 0x01, 0x05, 0x01, 0x06, 0x01, 0x05, 0x02, 0x00, 0x1C, 0x03,
    0x01, 0x00, 0x01, 0x04, 0x1C, 0x06, 0x01, 0x04, 0x03, 0x02, 0x1E, 0x03, 0x01, 0x00, 0x01, 0x04,
    0x1C, 0x06, 0x01, 0x04, 0x01, 0x00, 0x02, 0x01, 0x1E, 0x03, 0x01, 0x00, 0x01, 0x04, 0x1C, 0x06,
    0x01, 0x04, 0x01, 0x00, 0x20, 0x03, 0x01, 0x00, 0x01, 0x04, 0x03, 0x06, 0x04, 0x05, 0x03, 0x06,
    0x08, 0x05, 0x03, 0x06, 0x04, 0x05, 0x03, 0x06, 0x01, 0x04, 0x01, 0x00, 0x20, 0x03, 0x01, 0x00,
    0x01, 0x04, 0x03, 0x06, 0x01, 0x04, 0x02, 0x00, 0x01, 0x04, 0x03, 0x06, 0x01, 0x04, 0x06, 0x00,
    0x01, 0x04, 0x03, 0x06, 0x01, 0x04, 0x02, 0x00, 0x01, 0x04, 0x03, 0x06, 0x01, 0x04, 0x01, 0x00,
    0x20, 0x03, 0x01, 0x00, 0x01, 0x04, 0x03, 0x06, 0x01, 0x04, 0x02, 0x00, 0x01, 0x04, 0x03, 0x06,
    0x01, 0x04, 0x01, 0x00, 0x04, 0x03, 0x01, 0x00, 0x01, 0x05, 0x03, 0x06, 0x01, 0x04, 0x01, 0x01,
    0x01, 0x00, 0x01, 0x04, 0x03, 0x06, 0x01, 0x04, 0x01, 0x00, 0x20, 0x03, 0x01, 0x00, 0x01, 0x04,
    0x03, 0x06, 0x01, 0x04, 0x02, 0x00, 0x01, 0x04, 0x03, 0x06, 0x01, 0x04, 0x01, 0x00, 0x04, 0x03,
    0x01, 0x00, 0x01, 0x05, 0x03, 0x06, 0x01, 0x04, 0x02, 0x00, 0x01, 0x04, 0x03, 0x06, 0x01, 0x04,
    0x01, 0x00, 0x20, 0x03, 0x01, 0x00, 0x01, 0x04, 0x03, 0x06, 0x01, 0x04, 0x02, 0x00, 0x01, 0x04,
    0x03, 0x06, 0x01, 0x04, 0x01, 0x00, 0x04, 0x03, 0x01, 0x00, 0x01, 0x05, 0x03, 0x06, 0x01, 0x04,
    0x01, 0x01, 0x01, 0x00, 0x01, 0x04, 0x03, 0x06, 0x01, 0x04, 0x01, 0x00, 0x15, 0x03, 0x01, 0x00,
    0x01, 0x03, 0x01, 0x00, 0x01, 0x03, 0x01, 0x00, 0x01, 0x03, 0x01, 0x00, 0x01, 0x01, 0x02, 0x00,
    0x01, 0x03, 0x01, 0x00, 0x01, 0x04, 0x03, 0x05, 0x01, 0x04, 0x02, 0x00, 0x01, 0x04, 0x03, 0x05,
    0x01, 0x04, 0x01, 0x00, 0x01, 0x03, 0x02, 0x00, 0x01, 0x03, 0x01, 0x00, 0x01, 0x04, 0x03, 0x05,
    0x01, 0x04, 0x02, 0x00, 0x01, 0x04, 0x03, 0x05, 0x01, 0x04, 0x01, 0x00, 0x01, 0x03, 0x01, 0x00,
    0x02, 0x01, 0x01, 0x00, 0x01, 0x03, 0x01, 0x00, 0x01, 0x03, 0x01, 0x00, 0x01, 0x03, 0x02, 0x00,
    0x01, 0x01, 0x01, 0x00, 0x01, 0x03, 0x01, 0x00, 0x01, 0x03, 0x01, 0x00, 0x01, 0x03, 0x02, 0x00,
    0x01, 0x04, 0x01, 0x03, 0x01, 0x04, 0x01, 0x00, 0x01, 0x04, 0x01, 0x01, 0x01, 0x04, 0x01, 0x03,
    0x02, 0x04, 0x01, 0x03, 0x01, 0x04, 0x01, 0x00, 0x01, 0x04, 0x01, 0x02, 0x01, 0x04, 0x01, 0x03,
    0x02, 0x04, 0x01, 0x03, 0x01, 0x04, 0x01, 0x02, 0x01, 0x04, 0x01, 0x02, 0x01, 0x04, 0x01, 0x03,
    0x02, 0x04, 0x01, 0x03, 0x01, 0x04, 0x01, 0x00, 0x01, 0x04, 0x01, 0x00, 0x01, 0x04, 0x01, 0x03,
    0x02, 0x04, 0x01, 0x03, 0x01, 0x04, 0x01, 0x02, 0x01, 0x04, 0x01, 0x00, 0x01, 0x04, 0x01, 0x03,
    0x02, 0x04, 0x01, 0x03, 0x01, 0x04, 0x01, 0x03, 0x01, 0x04, 0x01, 0x00, 0x01, 0x04, 0x01, 0x03,
    0x02, 0x04, 0x01, 0x03, 0x01, 0x04, 0x01, 0x03, 0x01, 0x04, 0x01, 0x00, 0x01, 0x04, 0x01, 0x03,
    0x03, 0x04, 0x01, 0x03, 0x01, 0x04, 0x01, 0x01, 0x01, 0x04, 0x01, 0x03, 0x01, 0x04, 0x01, 0x03,
    0x02, 0x04, 0x01, 0x03, 0x01, 0x04, 0x01, 0x00, 0x01, 0x04, 0x01, 0x01, 0x01, 0x04, 0x01, 0x03,
    0x02, 0x04, 0x01, 0x03, 0x01, 0x04, 0x01, 0x01, 0x01, 0x04, 0x01, 0x00, 0x01, 0x04, 0x01, 0x03,
    0x02, 0x04, 0x01, 0x03, 0x01, 0x04, 0x01, 0x03, 0x01, 0x04, 0x01, 0x01, 0x01, 0x04, 0x01, 0x03,
    0x02, 0x04, 0x01, 0x03, 0x01, 0x04, 0x01, 0x01, 0x01, 0x04, 0x01, 0x01, 0x01, 0x04, 0x01, 0x03,
    0x01, 0x04, 0x02, 0x03, 0x01, 0x04, 0x01, 0x03, 0x01, 0x04, 0x01, 0x00, 0x01, 0x04, 0x01, 0x03,
    0x01, 0x04, 0x02, 0x03, 0x01, 0x04, 0x01, 0x03, 0x01, 0x04, 0x01, 0x01, 0x01, 0x04, 0x01, 0x03,
    0x02, 0x04, 0x03, 0x03, 0x01, 0x02, 0x08, 0x03, 0x01, 0x01, 0x01, 0x04, 0x07, 0x03, 0x01, 0x02,
    0x01, 0x03, 0x01, 0x01, 0x07, 0x03, 0x01, 0x04, 0x01, 0x02, 0x07, 0x03, 0x01, 0x04, 0x01, 0x02,
    0x08, 0x03, 0x01, 0x01, 0x07, 0x03, 0x01, 0x04, 0x01, 0x01, 0x04, 0x03, 0x01, 0x04, 0x01, 0x03,
    0x01, 0x04, 0x01, 0x00, 0x01, 0x04, 0x01, 0x01, 0x01, 0x04, 0x01, 0x03, 0x02, 0x04, 0x01, 0x03,
    0x01, 0x04, 0x01, 0x00, 0x01, 0x04, 0x01, 0x01, 0x01, 0x04, 0x01, 0x03, 0x02, 0x04, 0x01, 0x03,
    0x01, 0x04, 0x01, 0x00, 0x01, 0x04, 0x01, 0x00, 0x01, 0x04, 0x01, 0x03, 0x02, 0x04, 0x01, 0x03,
    0x01, 0x04, 0x01, 0x01, 0x01, 0x04, 0x01, 0x00, 0x01, 0x04, 0x01, 0x03, 0x04, 0x04, 0x01, 0x01,
    0x01, 0x04, 0x01, 0x00, 0x01, 0x04, 0x01, 0x03, 0x04, 0x04, 0x01, 0x03, 0x01, 0x04, 0x01, 0x00,
    0x01, 0x04, 0x01, 0x03, 0x04, 0x04, 0x01, 0x03, 0x01, 0x04, 0x01, 0x00, 0x01, 0x04, 0x01, 0x01,
    0x02, 0x04, 0x01, 0x02, 0x03, 0x03, 0x01, 0x01, 0x01, 0x03, 0x01, 0x01, 0x01, 0x03, 0x01, 0x02,
    0x01, 0x01, 0x01, 0x03, 0x01, 0x01, 0x01, 0x03, 0x01, 0x01, 0x01, 0x03, 0x01, 0x01, 0x01, 0x03,
    0x02, 0x01, 0x01, 0x03, 0x01, 0x01, 0x01, 0x03, 0x01, 0x01, 0x01, 0x03, 0x01, 0x01, 0x01, 0x03,
    0x01, 0x01, 0x01, 0x02, 0x01, 0x03, 0x01, 0x01, 0x01, 0x03, 0x01, 0x01, 0x01, 0x03, 0x01, 0x01,
    0x01, 0x03, 0x02, 0x01, 0x01, 0x03, 0x01, 0x01, 0x01, 0x03, 0x01, 0x01, 0x01, 0x03, 0x01, 0x02,
    0x04, 0x03, 0x01, 0x01, 0x01, 0x03, 0x01, 0x01, 0x01, 0x03, 0x01, 0x01, 0x01, 0x03, 0x01, 0x01,
    0x02, 0x03, 0x01, 0x01, 0x01, 0x03, 0x01, 0x01, 0x01, 0x03, 0x01, 0x01, 0x01, 0x03, 0x01, 0x02,
    0x01, 0x03, 0x01, 0x04, 0x01, 0x03, 0x01, 0x04, 0x01, 0x00, 0x01, 0x04, 0x01, 0x01, 0x04, 0x04,
    0x01, 0x03, 0x01, 0x04, 0x01, 0x00, 0x01, 0x04, 0x01, 0x01, 0x01, 0x04, 0x01, 0x03, 0x02, 0x04,
    0x01, 0x03, 0x01, 0x04, 0x01, 0x00, 0x01, 0x04, 0x01, 0x00, 0x01, 0x04, 0x01, 0x03, 0x02, 0x04,
    0x01, 0x03, 0x01, 0x04, 0x01, 0x02, 0x01, 0x04, 0x01, 0x00, 0x01, 0x04, 0x01, 0x03, 0x04, 0x04,
    0x01, 0x00, 0x01, 0x04, 0x01, 0x00, 0x01, 0x04, 0x01, 0x03, 0x04, 0x04, 0x01, 0x03, 0x01, 0x04,
    0x01, 0x00, 0x01, 0x04, 0x01, 0x03, 0x04, 0x04, 0x01, 0x03, 0x01, 0x04, 0x01, 0x00, 0x01, 0x04,
    0x01, 0x01, 0x02, 0x04, 0x01, 0x00, 0x01, 0x03, 0x01, 0x00, 0x01, 0x03, 0x01, 0x00, 0x01, 0x03,
    0x01, 0x00, 0x01, 0x01, 0x02, 0x00, 0x01, 0x03, 0x01, 0x00, 0x01, 0x03, 0x01, 0x00, 0x01, 0x03,
    0x01, 0x00, 0x01, 0x01, 0x02, 0x00, 0x01, 0x01, 0x01, 0x00, 0x01, 0x03, 0x01, 0x00, 0x01, 0x03,
    0x01, 0x00, 0x01, 0x01, 0x02, 0x00, 0x01, 0x01, 0x01, 0x00, 0x01, 0x03, 0x01, 0x00, 0x01, 0x03,
    0x01, 0x00, 0x01, 0x03, 0x02, 0x00, 0x01, 0x01, 0x01, 0x00, 0x01, 0x03, 0x01, 0x00, 0x01, 0x03,
    0x01, 0x00, 0x01, 0x03, 0x02, 0x00, 0x01, 0x01, 0x01, 0x00, 0x01, 0x03, 0x01, 0x00, 0x01, 0x03,
    0x01, 0x00, 0x01, 0x03, 0x02, 0x00, 0x01, 0x01, 0x01, 0x00, 0x01, 0x03, 0x01, 0x00, 0x01, 0x03,
    0x01, 0x00, 0x01, 0x03, 0x02, 0x00, 0x01, 0x04, 0x01, 0x03, 0x01, 0x04, 0x01, 0x00, 0x01, 0x04,
    0x01, 0x01, 0x01, 0x04, 0x01, 0x03, 0x02, 0x04, 0x01, 0x03, 0x01, 0x04, 0x01, 0x00, 0x01, 0x04,
    0x01, 0x01, 0x01, 0x04, 0x01, 0x03, 0x02, 0x04, 0x01, 0x03, 0x01, 0x04, 0x01, 0x00, 0x01, 0x04,
    0x01, 0x00, 0x01, 0x04, 0x01, 0x03, 0x02, 0x04, 0x01, 0x03, 0x01, 0x04, 0x01, 0x01, 0x01, 0x04,
    0x01, 0x00, 0x01, 0x04, 0x01, 0x03, 0x04, 0x04, 0x01, 0x00, 0x01, 0x04, 0x01, 0x00, 0x01, 0x04,
    0x01, 0x03, 0x04, 0x04, 0x01, 0x03, 0x01, 0x04, 0x01, 0x00, 0x01, 0x04, 0x01, 0x03, 0x04, 0x04,
    0x01, 0x03, 0x01, 0x04, 0x01, 0x00, 0x01, 0x04, 0x01, 0x03, 0x02, 0x04, 0x40, 0x03, 0x01, 0x04,
    0x01, 0x03, 0x01, 0x04, 0x01, 0x00, 0x01, 0x04, 0x01, 0x01, 0x01, 0x04, 0x01, 0x03, 0x02, 0x04,
    0x01, 0x03, 0x01, 0x04, 0x01, 0x00, 0x01, 0x04, 0x01, 0x01, 0x01, 0x04, 0x01, 0x03, 0x02, 0x04,
    0x01, 0x03, 0x01, 0x04, 0x01, 0x00, 0x01, 0x04, 0x01, 0x00, 0x01, 0x04, 0x01, 0x03, 0x02, 0x04,
    0x01, 0x03, 0x01, 0x04, 0x01, 0x00, 0x01, 0x04, 0x01, 0x00, 0x01, 0x04, 0x01, 0x03, 0x02, 0x04,
    0x01, 0x03, 0x01, 0x04, 0x01, 0x01, 0x01, 0x04, 0x01, 0x00, 0x01, 0x04, 0x01, 0x03, 0x04, 0x04,
    0x01, 0x01, 0x01, 0x04, 0x01, 0x00, 0x01, 0x04, 0x01, 0x03, 0x04, 0x04, 0x01, 0x03, 0x01, 0x04,
    0x01, 0x00, 0x01, 0x04, 0x01, 0x01, 0x03, 0x04, 0x01, 0x03, 0x01, 0x04, 0x01, 0x02, 0x01, 0x04,
    0x01, 0x01, 0x01, 0x04, 0x01, 0x03, 0x02, 0x04, 0x01, 0x03, 0x01, 0x04, 0x01, 0x00, 0x01, 0x04,
    0x01, 0x01, 0x01, 0x04, 0x01, 0x03, 0x02, 0x04, 0x01, 0x03, 0x01, 0x04, 0x01, 0x02, 0x01, 0x04,
    0x01, 0x01, 0x01, 0x04, 0x01, 0x03, 0x02, 0x04, 0x01, 0x03, 0x01, 0x04, 0x01, 0x01, 0x01, 0x04,
    0x01, 0x01, 0x01, 0x04, 0x01, 0x03, 0x02, 0x04, 0x01, 0x03, 0x01, 0x04, 0x01, 0x01, 0x01, 0x04,
    0x01, 0x02, 0x01, 0x04, 0x01, 0x03, 0x01, 0x04, 0x02, 0x03, 0x01, 0x04, 0x01, 0x01, 0x01, 0x04,
    0x01, 0x00, 0x01, 0x04, 0x01, 0x03, 0x02, 0x04, 0x01, 0x03, 0x01, 0x04, 0x01, 0x03, 0x01, 0x04,
    0x01, 0x00, 0x01, 0x04, 0x01, 0x01, 0x02, 0x04, 0x02, 0x03, 0x01, 0x04, 0x01, 0x01, 0x01, 0x04,
    0x01, 0x03, 0x01, 0x04, 0x04, 0x03, 0x01, 0x04, 0x01, 0x01, 0x01, 0x04, 0x01, 0x03, 0x01, 0x04,
    0x04, 0x03, 0x01, 0x04, 0x01, 0x03, 0x01, 0x04, 0x01, 0x01, 0x05, 0x03, 0x01, 0x04, 0x01, 0x03,
    0x01, 0x04, 0x01, 0x01, 0x01, 0x04, 0x05, 0x03, 0x01, 0x01, 0x01, 0x04, 0x01, 0x01, 0x01, 0x04,
    0x06, 0x03, 0x01, 0x04, 0x01, 0x01, 0x01, 0x04, 0x06, 0x03, 0x01, 0x04, 0x01, 0x01, 0x01, 0x04,
    0x03, 0x03, 0x01, 0x04, 0x01, 0x03, 0x01, 0x04, 0x01, 0x00, 0x01, 0x04, 0x01, 0x01, 0x01, 0x04,
    0x01, 0x03, 0x02, 0x04, 0x01, 0x03, 0x01, 0x04, 0x01, 0x00, 0x01, 0x04, 0x01, 0x01, 0x01, 0x04,
    0x01, 0x03, 0x02, 0x04, 0x01, 0x03, 0x01, 0x04, 0x01, 0x00, 0x01, 0x04, 0x01, 0x00, 0x01, 0x04,
    0x01, 0x03, 0x02, 0x04, 0x01, 0x03, 0x01, 0x04, 0x01, 0x01, 0x01, 0x04, 0x01, 0x00, 0x01, 0x04,
    0x01, 0x03, 0x02, 0x04, 0x01, 0x03, 0x01, 0x04, 0x01, 0x00, 0x01, 0x04, 0x01, 0x00, 0x01, 0x04,
    0x01, 0x03, 0x04, 0x04, 0x01, 0x03, 0x01, 0x04, 0x01, 0x00, 0x01, 0x04, 0x01, 0x03, 0x04, 0x04,
    0x01, 0x03, 0x01, 0x04, 0x01, 0x00, 0x01, 0x04, 0x01, 0x01, 0x02, 0x04, 0x01, 0x01, 0x01, 0x03,
    0x01, 0x01, 0x01, 0x03, 0x01, 0x00, 0x01, 0x03, 0x01, 0x01, 0x01, 0x03, 0x02, 0x01, 0x01, 0x03,
    0x01, 0x01, 0x01, 0x03, 0x01, 0x01, 0x01, 0x03, 0x01, 0x01, 0x01, 0x03, 0x02, 0x01, 0x01, 0x03,
    0x01, 0x01, 0x01, 0x03, 0x01, 0x02, 0x01, 0x03, 0x01, 0x01, 0x01, 0x03, 0x02, 0x01, 0x01, 0x03,
    0x01, 0x01, 0x01, 0x03, 0x01, 0x01, 0x01, 0x03, 0x01, 0x01, 0x01, 0x03, 0x02, 0x01, 0x01, 0x03,
    0x01, 0x01, 0x01, 0x03, 0x01, 0x00, 0x01, 0x03, 0x01, 0x00, 0x01, 0x03, 0x02, 0x01, 0x01, 0x03,
    0x01, 0x01, 0x01, 0x03, 0x01, 0x01, 0x01, 0x03, 0x01, 0x01, 0x01, 0x03, 0x02, 0x01, 0x01, 0x02,
    0x01, 0x01, 0x01, 0x03, 0x01, 0x00, 0x01, 0x03, 0x01, 0x00, 0x01, 0x03, 0x02, 0x01, 0x01, 0x04,
    0x01, 0x03, 0x01, 0x04, 0x01, 0x00, 0x01, 0x04, 0x01, 0x01, 0x04, 0x04, 0x01, 0x03, 0x01, 0x04,
    0x01, 0x00, 0x01, 0x04, 0x01, 0x02, 0x01, 0x04, 0x01, 0x03, 0x02, 0x04, 0x01, 0x03, 0x01, 0x04,
    0x01, 0x00, 0x01, 0x04, 0x01, 0x00, 0x01, 0x04, 0x01, 0x03, 0x02, 0x04, 0x01, 0x03, 0x01, 0x04,
    0x01, 0x00, 0x01, 0x04, 0x01, 0x00, 0x01, 0x04, 0x01, 0x03, 0x04, 0x04, 0x01, 0x00, 0x01, 0x04,
    0x01, 0x00, 0x01, 0x04, 0x01, 0x03, 0x04, 0x04, 0x01, 0x01, 0x01, 0x04, 0x01, 0x00, 0x01, 0x04,
    0x01, 0x03, 0x04, 0x04, 0x01, 0x03, 0x01, 0x04, 0x01, 0x00, 0x01, 0x04, 0x01, 0x00, 0x02, 0x04,
    0xFF, 0x03, 0xFF, 0x03, 0xFF, 0x03, 0xFF, 0x03, 0xFF, 0x03, 0x11, 0x03, 0x01, 0x01, 0x1C, 0x00,
    0x01, 0x01, 0x21, 0x03, 0x01, 0x01, 0x02, 0x03, 0x1B, 0x04, 0x01, 0x03, 0x01, 0x01, 0x20, 0x03,
    0x01, 0x00, 0x01, 0x04, 0x1C, 0x05, 0x01, 0x04, 0x01, 0x00, 0x20, 0x03, 0x01, 0x00, 0x01, 0x04,
    0x1C, 0x05, 0x01, 0x04, 0x01, 0x00, 0x1A, 0x03, 0x07, 0x00, 0x01, 0x04, 0x1C, 0x05, 0x01, 0x04,
    0x01, 0x00, 0x19, 0x03, 0x01, 0x00, 0x07, 0x04, 0x1D, 0x05, 0x01, 0x04, 0x01, 0x00, 0x19, 0x03,
    0x01, 0x00, 0x24, 0x05, 0x01, 0x04, 0x01, 0x00, 0x19, 0x03, 0x01, 0x00, 0x24, 0x05, 0x01, 0x04,
    0x01, 0x00, 0x19, 0x03, 0x01, 0x00, 0x24, 0x05, 0x01, 0x04, 0x01, 0x00, 0x19, 0x03, 0x01, 0x00,
    0x1D, 0x05, 0x02, 0x04, 0x01, 0x02, 0x01, 0x04, 0x03, 0x05, 0x01, 0x04, 0x01, 0x00, 0x19, 0x03,
    0x01, 0x00, 0x1D, 0x05, 0x01, 0x02, 0x02, 0x00, 0x01, 0x04, 0x03, 0x05, 0x01, 0x04, 0x01, 0x00,
    0x19, 0x03, 0x01, 0x00, 0x0B, 0x05, 0x01, 0x04, 0x04, 0x00, 0x01, 0x04, 0x0C, 0x05, 0x01, 0x02,
    0x02, 0x00, 0x01, 0x04, 0x03, 0x05, 0x01, 0x04, 0x05, 0x00, 0x15, 0x03, 0x01, 0x00, 0x01, 0x04,
    0x0A, 0x05, 0x05, 0x04, 0x0D, 0x05, 0x04, 0x04, 0x03, 0x05, 0x06, 0x04, 0x01, 0x00, 0x15, 0x03,
    0x07, 0x00, 0x01, 0x04, 0x22, 0x05, 0x01, 0x00, 0x1B, 0x03, 0x01, 0x00, 0x01, 0x04, 0x22, 0x05,
    0x01, 0x00, 0x1B, 0x03, 0x01, 0x00, 0x01, 0x04, 0x22, 0x05, 0x01, 0x00, 0x1B, 0x03, 0x01, 0x00,
    0x01, 0x04, 0x22, 0x05, 0x01, 0x00, 0x1B, 0x03, 0x01, 0x00, 0x01, 0x04, 0x22, 0x05, 0x01, 0x00,
    0x1B, 0x03, 0x01, 0x00, 0x01, 0x04, 0x20, 0x05, 0x02, 0x04, 0x01, 0x01, 0x1B, 0x03, 0x01, 0x00,
    0x01, 0x04, 0x20, 0x05, 0x02, 0x00, 0x1C, 0x03, 0x01, 0x00, 0x01, 0x04, 0x1C, 0x05, 0x01, 0x04,
    0x01, 0x02, 0x01, 0x03, 0x01, 0x02, 0x1E, 0x03, 0x01, 0x00, 0x01, 0x04, 0x1C, 0x05, 0x01, 0x04,
    0x01, 0x00, 0x01, 0x03, 0x01, 0x01, 0x1E, 0x03, 0x01, 0x00, 0x01, 0x04, 0x1C, 0x05, 0x01, 0x04,
    0x01, 0x00, 0x20, 0x03, 0x01, 0x00, 0x01, 0x04, 0x04, 0x05, 0x02, 0x04, 0x06, 0x05, 0x05, 0x04,
    0x05, 0x05, 0x02, 0x04, 0x04, 0x05, 0x01, 0x04, 0x01, 0x00, 0x20, 0x03, 0x01, 0x00, 0x01, 0x04,
    0x03, 0x05, 0x01, 0x04, 0x02, 0x00, 0x01, 0x04, 0x03, 0x05, 0x01, 0x04, 0x06, 0x00, 0x01, 0x04,
    0x03, 0x05, 0x01, 0x04, 0x02, 0x00, 0x01, 0x04, 0x03, 0x05, 0x01, 0x04, 0x01, 0x00, 0x20, 0x03,
    0x01, 0x00, 0x01, 0x04, 0x03, 0x05, 0x01, 0x04, 0x02, 0x00, 0x01, 0x04, 0x03, 0x05, 0x01, 0x04,
    0x01, 0x00, 0x04, 0x03, 0x01, 0x00, 0x01, 0x04, 0x03, 0x05, 0x01, 0x04, 0x01, 0x01, 0x01, 0x00,
    0x01, 0x04, 0x03, 0x05, 0x01, 0x04, 0x01, 0x00, 0x20, 0x03, 0x01, 0x00, 0x01, 0x04, 0x03, 0x05,
    0x01, 0x04, 0x02, 0x00, 0x01, 0x04, 0x03, 0x05, 0x01, 0x04, 0x01, 0x00, 0x04, 0x03, 0x01, 0x00,
    0x01, 0x04, 0x03, 0x05, 0x01, 0x04, 0x02, 0x00, 0x01, 0x04, 0x03, 0x05, 0x01, 0x04, 0x01, 0x00,
    0x20, 0x03, 0x01, 0x00, 0x01, 0x04, 0x03, 0x05, 0x01, 0x04, 0x02, 0x00, 0x01, 0x04, 0x03, 0x05,
    0x01, 0x04, 0x01, 0x00, 0x04, 0x03, 0x01, 0x00, 0x01, 0x04, 0x03, 0x05, 0x01, 0x04, 0x01, 0x01,
    0x01, 0x00, 0x01, 0x04, 0x03, 0x05, 0x01, 0x04, 0x01, 0x00, 0x15, 0x03, 0x01, 0x00, 0x01, 0x03,
    0x01, 0x00, 0x01, 0x03, 0x01, 0x00, 0x01, 0x03, 0x01, 0x00, 0x01, 0x01, 0x02, 0x00, 0x01, 0x03,
    0x01, 0x00, 0x01, 0x04, 0x03, 0x05, 0x01, 0x04, 0x02, 0x00, 0x01, 0x04, 0x03, 0x05, 0x01, 0x04,
    0x01, 0x00, 0x01, 0x03, 0x02, 0x00, 0x01, 0x03, 0x01, 0x00, 0x01, 0x04, 0x03, 0x05, 0x01, 0x04,
    0x02, 0x00, 0x01, 0x04, 0x03, 0x05, 0x01, 0x04, 0x01, 0x00, 0x01, 0x03, 0x01, 0x00, 0x02, 0x01,
    0x01, 0x00, 0x01, 0x03, 0x01, 0x00, 0x01, 0x03, 0x01, 0x00, 0x01, 0x03, 0x02, 0x00, 0x01, 0x01,
    0x01, 0x00, 0x01, 0x03, 0x01, 0x00, 0x01, 0x03, 0x01, 0x00, 0x01, 0x03, 0x02, 0x00, 0x01, 0x04,
    0x01, 0x03, 0x01, 0x04, 0x01, 0x00, 0x01, 0x04, 0x01, 0x01, 0x01, 0x04, 0x01, 0x03, 0x02, 0x04,
    0x01, 0x03, 0x01, 0x04, 0x01, 0x00, 0x01, 0x04, 0x01, 0x02, 0x01, 0x04, 0x01, 0x03, 0x02, 0x04,
    0x01, 0x03, 0x01, 0x04, 0x01, 0x02, 0x01, 0x04, 0x01, 0x02, 0x01, 0x04, 0x01, 0x03, 0x02, 0x04,
    0x01, 0x03, 0x01, 0x04, 0x01, 0x00, 0x01, 0x04, 0x01, 0x00, 0x01, 0x04, 0x01, 0x03, 0x02, 0x04,
    0x01, 0x03, 0x01, 0x04, 0x01, 0x02, 0x01, 0x04, 0x01, 0x00, 0x01, 0x04, 0x01, 0x03, 0x02, 0x04,
    0x01, 0x03, 0x01, 0x04, 0x01, 0x03, 0x01, 0x04, 0x01, 0x00, 0x01, 0x04, 0x01, 0x03, 0x02, 0x04,
    0x01, 0x03, 0x01, 0x04, 0x01, 0x03, 0x01, 0x04, 0x01, 0x00, 0x01, 0x04, 0x01, 0x03, 0x03, 0x04,
    0x01, 0x03, 0x01, 0x04, 0x01, 0x01, 0x01, 0x04, 0x01, 0x03, 0x01, 0x04, 0x01, 0x03, 0x02, 0x04,
    0x01, 0x03, 0x01, 0x04, 0x01, 0x00, 0x01, 0x04, 0x01, 0x01, 0x01, 0x04, 0x01, 0x03, 0x02, 0x04,
    0x01, 0x03, 0x01, 0x04, 0x01, 0x01, 0x01, 0x04, 0x01, 0x00, 0x01, 0x04, 0x01, 0x03, 0x02, 0x04,
    0x01, 0x03, 0x01, 0x04, 0x01, 0x03, 0x01, 0x04, 0x01, 0x01, 0x01, 0x04, 0x01, 0x03, 0x02, 0x04,
    0x01, 0x03, 0x01, 0x04, 0x01, 0x01, 0x01, 0x04, 0x01, 0x01, 0x01, 0x04, 0x01, 0x03, 0x01, 0x04,
    0x02, 0x03, 0x01, 0x04, 0x01, 0x03, 0x01, 0x04, 0x01, 0x00, 0x01, 0x04, 0x01, 0x03, 0x01, 0x04,
    0x02, 0x03, 0x01, 0x04, 0x01, 0x03, 0x01, 0x04, 0x01, 0x01, 0x01, 0x04, 0x01, 0x03, 0x02, 0x04,
    0x03, 0x03, 0x01, 0x02, 0x08, 0x03, 0x01, 0x01, 0x01, 0x04, 0x07, 0x03, 0x01, 0x02, 0x01, 0x03,
    0x01, 0x01, 0x07, 0x03, 0x01, 0x04, 0x01, 0x02, 0x07, 0x03, 0x01, 0x04, 0x01, 0x02, 0x08, 0x03,
    0x01, 0x01, 0x07, 0x03, 0x01, 0x04, 0x01, 0x01, 0x04, 0x03, 0x01, 0x04, 0x01, 0x03, 0x01, 0x04,
    0x01, 0x00, 0x01, 0x04, 0x01, 0x01, 0x01, 0x04, 0x01, 0x03, 0x02, 0x04, 0x01, 0x03, 0x01, 0x04,
    0x01, 0x00, 0x01, 0x04, 0x01, 0x01, 0x01, 0x04, 0x01, 0x03, 0x02, 0x04, 0x01, 0x03, 0x01, 0x04,
    0x01, 0x00, 0x01, 0x04, 0x01, 0x00, 0x01, 0x04, 0x01, 0x03, 0x02, 0x04, 0x01, 0x03, 0x01, 0x04,
    0x01, 0x01, 0x01, 0x04, 0x01, 0x00, 0x01, 0x04, 0x01, 0x03, 0x04, 0x04, 0x01, 0x01, 0x01, 0x04,
    0x01, 0x00, 0x01, 0x04, 0x01, 0x03, 0x04, 0x04, 0x01, 0x03, 0x01, 0x04, 0x01, 0x00, 0x01, 0x04,
    0x01, 0x03, 0x04, 0x04, 0x01, 0x03, 0x01, 0x04, 0x01, 0x00, 0x01, 0x04, 0x01, 0x01, 0x02, 0x04,
    0x01, 0x02, 0x03, 0x03, 0x01, 0x01, 0x01, 0x03, 0x01, 0x01, 0x01, 0x03, 0x01, 0x02, 0x01, 0x01,
    0x01, 0x03, 0x01, 0x01, 0x01, 0x03, 0x01, 0x01, 0x01, 0x03, 0x01, 0x01, 0x01, 0x03, 0x02, 0x01,
    0x01, 0x03, 0x01, 0x01, 0x01, 0x03, 0x01, 0x01, 0x01, 0x03, 0x01, 0x01, 0x01, 0x03, 0x01, 0x01,
    0x01, 0x02, 0x01, 0x03, 0x01, 0x01, 0x01, 0x03, 0x01, 0x01, 0x01, 0x03, 0x01, 0x01, 0x01, 0x03,
    0x02, 0x01, 0x01, 0x03, 0x01, 0x01, 0x01, 0x03, 0x01, 0x01, 0x01, 0x03, 0x01, 0x02, 0x04, 0x03,
    0x01, 0x01, 0x01, 0x03, 0x01, 0x01, 0x01, 0x03, 0x01, 0x01, 0x01, 0x03, 0x01, 0x01, 0x02, 0x03,
    0x01, 0x01, 0x01, 0x03, 0x01, 0x01, 0x01, 0x03, 0x01, 0x01, 0x03, 0x03, 0x01, 0x04, 0x01, 0x03,
    0x01, 0x04, 0x01, 0x00, 0x01, 0x04, 0x01, 0x01, 0x04, 0x04, 0x01, 0x03, 0x01, 0x04, 0x01, 0x00,
    0x01, 0x04, 0x01, 0x01, 0x01, 0x04, 0x01, 0x03, 0x02, 0x04, 0x01, 0x03, 0x01, 0x04, 0x01, 0x00,
    0x01, 0x04, 0x01, 0x00, 0x01, 0x04, 0x01, 0x03, 0x02, 0x04, 0x01, 0x03, 0x01, 0x04, 0x01, 0x02,
    0x01, 0x04, 0x01, 0x00, 0x01, 0x04, 0x01, 0x03, 0x04, 0x04, 0x01, 0x00, 0x01, 0x04, 0x01, 0x00,
    0x01, 0x04, 0x01, 0x03, 0x04, 0x04, 0x01, 0x03, 0x01, 0x04, 0x01, 0x00, 0x01, 0x04, 0x01, 0x03,
    0x04, 0x04, 0x01, 0x03, 0x01, 0x04, 0x01, 0x00, 0x01, 0x04, 0x01, 0x01, 0x02, 0x04, 0x01, 0x00,
    0x01, 0x03, 0x01, 0x00, 0x01, 0x03, 0x01, 0x00, 0x01, 0x03, 0x01, 0x00, 0x01, 0x01, 0x02, 0x00,
    0x01, 0x03, 0x01, 0x00, 0x01, 0x03, 0x01, 0x00, 0x01, 0x03, 0x01, 0x00, 0x01, 0x01, 0x02, 0x00,
    0x01, 0x01, 0x01, 0x00, 0x01, 0x03, 0x01, 0x00, 0x01, 0x03, 0x01, 0x00, 0x01, 0x01, 0x02, 0x00,
    0x01, 0x01, 0x01, 0x00, 0x01, 0x03, 0x01, 0x00, 0x01, 0x03, 0x01, 0x00, 0x01, 0x03, 0x02, 0x00,
    0x01, 0x01, 0x01, 0x00, 0x01, 0x03, 0x01, 0x00, 0x01, 0x03, 0x01, 0x00, 0x01, 0x03, 0x02, 0x00,
    0x01, 0x01, 0x01, 0x00, 0x01, 0x03, 0x01, 0x00, 0x01, 0x03, 0x01, 0x00, 0x01, 0x03, 0x02, 0x00,
    0x01, 0x01, 0x01, 0x00, 0x01, 0x03, 0x01, 0x00, 0x01, 0x03, 0x01, 0x00, 0x01, 0x03, 0x02, 0x00,
    0x01, 0x04, 0x01, 0x03, 0x01, 0x04, 0x01, 0x00, 0x01, 0x04, 0x01, 0x01, 0x01, 0x04, 0x01, 0x03,
    0x02, 0x04, 0x01, 0x03, 0x01, 0x04, 0x01, 0x00, 0x01, 0x04, 0x01, 0x01, 0x01, 0x04, 0x01, 0x03,
    0x02, 0x04, 0x01, 0x03, 0x01, 0x04, 0x01, 0x00, 0x01, 0x04, 0x01, 0x00, 0x01, 0x04, 0x01, 0x03,
    0x02, 0x04, 0x01, 0x03, 0x01, 0x04, 0x01, 0x01, 0x01, 0x04, 0x01, 0x00, 0x01, 0x04, 0x01, 0x03,
    0x04, 0x04, 0x01, 0x00, 0x01, 0x04, 0x01, 0x00, 0x01, 0x04, 0x01, 0x03, 0x04, 0x04, 0x01, 0x03,
    0x01, 0x04, 0x01, 0x00, 0x01, 0x04, 0x01, 0x03, 0x04, 0x04, 0x01, 0x03, 0x01, 0x04, 0x01, 0x00,
    0x01, 0x04, 0x01, 0x03, 0x02, 0x04, 0x40, 0x03, 0x01, 0x04, 0x01, 0x03, 0x01, 0x04, 0x01, 0x00,
    0x01, 0x04, 0x01, 0x01, 0x01, 0x04, 0x01, 0x03, 0x02, 0x04, 0x01, 0x03, 0x01, 0x04, 0x01, 0x00,
    0x01, 0x04, 0x01, 0x01, 0x01, 0x04, 0x01, 0x03, 0x02, 0x04, 0x01, 0x03, 0x01, 0x04, 0x01, 0x00,
    0x01, 0x04, 0x01, 0x00, 0x01, 0x04, 0x01, 0x03, 0x02, 0x04, 0x01, 0x03, 0x01, 0x04, 0x01, 0x02,
    0x01, 0x04, 0x01, 0x00, 0x01, 0x04, 0x01, 0x03, 0x02, 0x04, 0x01, 0x03, 0x01, 0x04, 0x01, 0x01,
    0x01, 0x04, 0x01, 0x00, 0x01, 0x04, 0x01, 0x03, 0x04, 0x04, 0x01, 0x01, 0x01, 0x04, 0x01, 0x00,
    0x01, 0x04, 0x01, 0x03, 0x04, 0x04, 0x01, 0x03, 0x01, 0x04, 0x01, 0x00, 0x01, 0x04, 0x01, 0x01,
    0x03, 0x04, 0x01, 0x03, 0x01, 0x04, 0x01, 0x02, 0x01, 0x04, 0x01, 0x01, 0x01, 0x04, 0x01, 0x03,
    0x02, 0x04, 0x01, 0x03, 0x01, 0x04, 0x01, 0x00, 0x01, 0x04, 0x01, 0x01, 0x01, 0x04, 0x01, 0x03,
    0x02, 0x04, 0x01, 0x03, 0x01, 0x04, 0x01, 0x02, 0x01, 0x04, 0x01, 0x01, 0x01, 0x04, 0x01, 0x03,
    0x02, 0x04, 0x01, 0x03, 0x01, 0x04, 0x01, 0x01, 0x01, 0x04, 0x01, 0x00, 0x01, 0x04, 0x01, 0x03,
    0x02, 0x04, 0x01, 0x03, 0x01, 0x04, 0x01, 0x01, 0x01, 0x04, 0x01, 0x02, 0x01, 0x04, 0x01, 0x03,
    0x01, 0x04, 0x02, 0x03, 0x01, 0x04, 0x01, 0x01, 0x01, 0x04, 0x01, 0x00, 0x01, 0x04, 0x01, 0x03,
    0x02, 0x04, 0x01, 0x03, 0x01, 0x04, 0x01, 0x03, 0x01, 0x04, 0x01, 0x00, 0x01, 0x04, 0x01, 0x01,
    0x02, 0x04, 0x02, 0x03, 0x01, 0x04, 0x01, 0x01, 0x01, 0x04, 0x01, 0x03, 0x01, 0x04, 0x04, 0x03,
    0x01, 0x04, 0x01, 0x01, 0x01, 0x04, 0x01, 0x03, 0x01, 0x04, 0x04, 0x03, 0x01, 0x04, 0x01, 0x03,
    0x01, 0x04, 0x01, 0x01, 0x05, 0x03, 0x01, 0x04, 0x01, 0x03, 0x01, 0x04, 0x01, 0x01, 0x01, 0x04,
    0x05, 0x03, 0x01, 0x01, 0x01, 0x04, 0x01, 0x01, 0x01, 0x04, 0x06, 0x03, 0x01, 0x04, 0x01, 0x01,
    0x01, 0x04, 0x06, 0x03, 0x01, 0x04, 0x01, 0x01, 0x01, 0x04, 0x03, 0x03, 0x01, 0x04, 0x01, 0x03,
    0x01, 0x04, 0x01, 0x00, 0x01, 0x04, 0x01, 0x01, 0x01, 0x04, 0x01, 0x03, 0x02, 0x04, 0x01, 0x03,
    0x01, 0x04, 0x01, 0x00, 0x01, 0x04, 0x01, 0x01, 0x01, 0x04, 0x01, 0x03, 0x02, 0x04, 0x01, 0x03,
    0x01, 0x04, 0x01, 0x00, 0x01, 0x04, 0x01, 0x00, 0x01, 0x04, 0x01, 0x03, 0x02, 0x04, 0x01, 0x03,
    0x01, 0x04, 0x01, 0x01, 0x01, 0x04, 0x01, 0x00, 0x01, 0x04, 0x01, 0x03, 0x02, 0x04, 0x01, 0x03,
    0x01, 0x04, 0x01, 0x00, 0x01, 0x04, 0x01, 0x00, 0x01, 0x04, 0x01, 0x03, 0x04, 0x04, 0x01, 0x03,
    0x01, 0x04, 0x01, 0x00, 0x01, 0x04, 0x01, 0x03, 0x04, 0x04, 0x01, 0x03, 0x01, 0x04, 0x01, 0x00,
    0x01, 0x04, 0x01, 0x01, 0x02, 0x04, 0x01, 0x01, 0x01, 0x03, 0x01, 0x01, 0x01, 0x03, 0x01, 0x00,
    0x01, 0x03, 0x01, 0x01, 0x01, 0x03, 0x02, 0x01, 0x01, 0x03, 0x01, 0x01, 0x01, 0x03, 0x01, 0x01,
    0x01, 0x03, 0x01, 0x00, 0x01, 0x03, 0x02, 0x01, 0x01, 0x03, 0x01, 0x01, 0x01, 0x03, 0x01, 0x02,
    0x01, 0x03, 0x01, 0x01, 0x01, 0x03, 0x02, 0x01, 0x01, 0x03, 0x01, 0x01, 0x01, 0x03, 0x01, 0x01,
    0x01, 0x03, 0x01, 0x01, 0x01, 0x03, 0x02, 0x01, 0x01, 0x03, 0x01, 0x01, 0x01, 0x03, 0x01, 0x00,
    0x01, 0x03, 0x01, 0x00, 0x01, 0x03, 0x02, 0x01, 0x01, 0x03, 0x01, 0x01, 0x01, 0x03, 0x01, 0x01,
    0x01, 0x03, 0x01, 0x01, 0x01, 0x03, 0x02, 0x01, 0x01, 0x02, 0x01, 0x01, 0x01, 0x03, 0x01, 0x00,
    0x01, 0x03, 0x01, 0x00, 0x01, 0x03, 0x02, 0x01, 0x01, 0x04, 0x01, 0x03, 0x01, 0x04, 0x01, 0x00,
    0x01, 0x04, 0x01, 0x01, 0x04, 0x04, 0x01, 0x03, 0x01, 0x04, 0x01, 0x00, 0x01, 0x04, 0x01, 0x00,
    0x01, 0x04, 0x01, 0x03, 0x02, 0x04, 0x01, 0x03, 0x01, 0x04, 0x01, 0x00, 0x01, 0x04, 0x01, 0x00,
    0x01, 0x04, 0x01, 0x03, 0x02, 0x04, 0x01, 0x03, 0x01, 0x04, 0x01, 0x00, 0x01, 0x04, 0x01, 0x00,
    0x01, 0x04, 0x01, 0x03, 0x04, 0x04, 0x01, 0x00, 0x01, 0x04, 0x01, 0x00, 0x01, 0x04, 0x01, 0x03,
    0x04, 0x04, 0x01, 0x01, 0x01, 0x04, 0x01, 0x00, 0x01, 0x04, 0x01, 0x03, 0x04, 0x04, 0x01, 0x03,
    0x01, 0x04, 0x01, 0x00, 0x01, 0x04, 0x01, 0x00, 0x02, 0x04, 0xFF, 0x02, 0xFF, 0x02, 0xFF, 0x02,
    0xFF, 0x02, 0xFF, 0x02, 0x11, 0x02, 0x01, 0x01, 0x1C, 0x00, 0x01, 0x01, 0x21, 0x02, 0x01, 0x01,
    0x1E, 0x02, 0x01, 0x01, 0x20, 0x02, 0x01, 0x00, 0x01, 0x03, 0x1C, 0x05, 0x01, 0x03, 0x01, 0x00,
    0x20, 0x02, 0x01, 0x00, 0x01, 0x03, 0x1C, 0x05, 0x01, 0x03, 0x01, 0x00, 0x1A, 0x02, 0x07, 0x00,
    0x01, 0x03, 0x1C, 0x05, 0x01, 0x03, 0x01, 0x00, 0x19, 0x02, 0x01, 0x00, 0x07, 0x03, 0x01, 0x04,
    0x1C, 0x05, 0x01, 0x03, 0x01, 0x00, 0x19, 0x02, 0x01, 0x00, 0x01, 0x04, 0x23, 0x05, 0x01, 0x03,
    0x01, 0x00, 0x19, 0x02, 0x01, 0x00, 0x01, 0x04, 0x23, 0x05, 0x01, 0x03, 0x01, 0x00, 0x19, 0x02,
    0x01, 0x00, 0x01, 0x04, 0x23, 0x05, 0x01, 0x03, 0x01, 0x00, 0x19, 0x02, 0x01, 0x00, 0x01, 0x04,
    0x1C, 0x05, 0x01, 0x03, 0x02, 0x02, 0x01, 0x03, 0x03, 0x05, 0x01, 0x03, 0x01, 0x00, 0x19, 0x02,
    0x01, 0x00, 0x01, 0x04, 0x0B, 0x05, 0x04, 0x04, 0x0D, 0x05, 0x01, 0x02, 0x02, 0x00, 0x01, 0x03,
    0x03, 0x05, 0x01, 0x03, 0x01, 0x00, 0x19, 0x02, 0x01, 0x00, 0x01, 0x04, 0x0A, 0x05, 0x01, 0x03,
    0x04, 0x00, 0x01, 0x03, 0x0C, 0x05, 0x01, 0x02, 0x02, 0x00, 0x01, 0x03, 0x03, 0x05, 0x01, 0x03,
    0x01, 0x00, 0x19, 0x02, 0x01, 0x00, 0x01, 0x03, 0x07, 0x04, 0x03, 0x05, 0x05, 0x03, 0x01, 0x04,
    0x0C, 0x05, 0x04, 0x03, 0x03, 0x05, 0x01, 0x03, 0x01, 0x00, 0x1A, 0x02, 0x07, 0x00, 0x01, 0x03,
    0x1C, 0x05, 0x01, 0x03, 0x05, 0x00, 0x1C, 0x02, 0x01, 0x00, 0x01, 0x03, 0x1C, 0x05, 0x01, 0x04,
    0x01, 0x03, 0x03, 0x04, 0x01, 0x03, 0x01, 0x00, 0x1B, 0x02, 0x01, 0x00, 0x01, 0x03, 0x21, 0x05,
    0x01, 0x04, 0x01, 0x00, 0x1B, 0x02, 0x01, 0x00, 0x01, 0x03, 0x21, 0x05, 0x01, 0x04, 0x01, 0x00,
    0x1B, 0x02, 0x01, 0x00, 0x01, 0x03, 0x21, 0x05, 0x01, 0x04, 0x01, 0x00, 0x1B, 0x02, 0x01, 0x00,
    0x01, 0x03, 0x21, 0x05, 0x01, 0x04, 0x01, 0x00, 0x1B, 0x02, 0x01, 0x00, 0x01, 0x03, 0x21, 0x05,
    0x01, 0x04, 0x01, 0x00, 0x1B, 0x02, 0x01, 0x00, 0x01, 0x03, 0x1F, 0x05, 0x01, 0x04, 0x1E, 0x02,
    0x01, 0x00, 0x01, 0x03, 0x1C, 0x05, 0x04, 0x04, 0x01, 0x02, 0x01, 0x01, 0x1C, 0x02, 0x01, 0x00,
    0x01, 0x03, 0x1C, 0x05, 0x01, 0x03, 0x03, 0x00, 0x1E, 0x02, 0x01, 0x00, 0x01, 0x03, 0x03, 0x05,
    0x02, 0x04, 0x01, 0x03, 0x01, 0x04, 0x03, 0x05, 0x06, 0x04, 0x01, 0x03, 0x01, 0x04, 0x03, 0x05,
    0x02, 0x04, 0x01, 0x03, 0x01, 0x04, 0x03, 0x05, 0x01, 0x03, 0x01, 0x00, 0x20, 0x02, 0x01, 0x00,
    0x01, 0x03, 0x03, 0x05, 0x01, 0x03, 0x02, 0x00, 0x01, 0x03, 0x03, 0x05, 0x01, 0x03, 0x06, 0x00,
    0x01, 0x03, 0x03, 0x05, 0x01, 0x02, 0x02, 0x00, 0x01, 0x03, 0x03, 0x05, 0x01, 0x03, 0x01, 0x00,
    0x20, 0x02, 0x01, 0x00, 0x01, 0x03, 0x03, 0x05, 0x01, 0x03, 0x02, 0x00, 0x01, 0x03, 0x03, 0x05,
    0x01, 0x03, 0x01, 0x00, 0x04, 0x02, 0x01, 0x00, 0x01, 0x04, 0x03, 0x05, 0x01, 0x03, 0x01, 0x01,
    0x01, 0x00, 0x01, 0x03, 0x03, 0x05, 0x01, 0x03, 0x01, 0x00, 0x20, 0x02, 0x01, 0x00, 0x01, 0x03,
    0x03, 0x05, 0x01, 0x03, 0x02, 0x00, 0x01, 0x03, 0x03, 0x05, 0x01, 0x03, 0x01, 0x00, 0x04, 0x02,
    0x01, 0x00, 0x01, 0x04, 0x03, 0x05, 0x01, 0x03, 0x02, 0x00, 0x01, 0x03, 0x03, 0x05, 0x01, 0x03,
    0x01, 0x00, 0x20, 0x02, 0x01, 0x00, 0x01, 0x03, 0x03, 0x05, 0x01, 0x03, 0x02, 0x00, 0x01, 0x03,
    0x03, 0x05, 0x01, 0x03, 0x01, 0x00, 0x04, 0x02, 0x01, 0x00, 0x01, 0x04, 0x03, 0x05, 0x01, 0x03,
    0x01, 0x01, 0x01, 0x00, 0x01, 0x03, 0x03, 0x05, 0x01, 0x03, 0x01, 0x00, 0x15, 0x02, 0x01, 0x00,
    0x01, 0x02, 0x01, 0x00, 0x01, 0x02, 0x01, 0x00, 0x01, 0x02, 0x01, 0x00, 0x01, 0x01, 0x02, 0x00,
    0x01, 0x02, 0x01, 0x00, 0x01, 0x03, 0x03, 0x04, 0x01, 0x03, 0x02, 0x00, 0x01, 0x03, 0x03, 0x04,
    0x01, 0x03, 0x01, 0x00, 0x01, 0x02, 0x02, 0x00, 0x01, 0x02, 0x01, 0x00, 0x01, 0x03, 0x03, 0x04,
    0x01, 0x03, 0x02, 0x00, 0x01, 0x03, 0x03, 0x04, 0x01, 0x03, 0x01, 0x00, 0x01, 0x02, 0x01, 0x00,
    0x02, 0x01, 0x01, 0x00, 0x01, 0x02, 0x01, 0x00, 0x01, 0x02, 0x01, 0x00, 0x01, 0x02, 0x02, 0x00,
    0x01, 0x01, 0x01, 0x00, 0x01, 0x02, 0x01, 0x00, 0x01, 0x02, 0x01, 0x00, 0x01, 0x02, 0x02, 0x00,
    0x02, 0x02, 0x01, 0x03, 0x01, 0x00, 0x01, 0x03, 0x01, 0x01, 0x01, 0x03, 0x02, 0x02, 0x01, 0x03,
    0x01, 0x02, 0x01, 0x03, 0x01, 0x00, 0x01, 0x03, 0x01, 0x00, 0x01, 0x03, 0x04, 0x02, 0x01, 0x03,
    0x01, 0x00, 0x01, 0x03, 0x01, 0x01, 0x01, 0x03, 0x01, 0x02, 0x01, 0x03, 0x02, 0x02, 0x01, 0x03,
    0x01, 0x00, 0x01, 0x03, 0x01, 0x00, 0x01, 0x03, 0x01, 0x02, 0x01, 0x03, 0x02, 0x02, 0x01, 0x03,
    0x01, 0x02, 0x01, 0x03, 0x01, 0x00, 0x01, 0x03, 0x01, 0x02, 0x01, 0x03, 0x02, 0x02, 0x01, 0x03,
    0x01, 0x02, 0x01, 0x03, 0x01, 0x00, 0x01, 0x03, 0x01, 0x02, 0x01, 0x03, 0x02, 0x02, 0x01, 0x03,
    0x01, 0x02, 0x01, 0x03, 0x01, 0x00, 0x01, 0x03, 0x01, 0x02, 0x01, 0x03, 0x03, 0x02, 0x01, 0x03,
    0x01, 0x01, 0x01, 0x03, 0x06, 0x02, 0x01, 0x03, 0x01, 0x00, 0x01, 0x03, 0x01, 0x01, 0x01, 0x03,
    0x04, 0x02, 0x01, 0x03, 0x01, 0x01, 0x01, 0x03, 0x01, 0x00, 0x01, 0x03, 0x06, 0x02, 0x01, 0x03,
    0x01, 0x01, 0x01, 0x03, 0x05, 0x02, 0x01, 0x01, 0x01, 0x03, 0x01, 0x01, 0x01, 0x03, 0x04, 0x02,
    0x01, 0x03, 0x01, 0x02, 0x01, 0x03, 0x01, 0x00, 0x01, 0x03, 0x06, 0x02, 0x01, 0x03, 0x01, 0x01,
    0x01, 0x03, 0x06, 0x02, 0x01, 0x01, 0x08, 0x02, 0x01, 0x01, 0x0A, 0x02, 0x01, 0x01, 0x1A, 0x02,
    0x01, 0x01, 0x08, 0x02, 0x01, 0x01, 0x04, 0x02, 0x01, 0x03, 0x01, 0x02, 0x01, 0x03, 0x01, 0x00,
    0x01, 0x03, 0x01, 0x01, 0x01, 0x03, 0x01, 0x02, 0x02, 0x03, 0x01, 0x02, 0x01, 0x03, 0x01, 0x00,
    0x01, 0x03, 0x01, 0x01, 0x01, 0x03, 0x01, 0x02, 0x02, 0x03, 0x01, 0x02, 0x01, 0x03, 0x01, 0x00,
    0x01, 0x03, 0x01, 0x00, 0x01, 0x03, 0x01, 0x02, 0x02, 0x03, 0x01, 0x02, 0x01, 0x03, 0x01, 0x01,
    0x01, 0x03, 0x01, 0x00, 0x01, 0x03, 0x01, 0x02, 0x02, 0x03, 0x01, 0x02, 0x01, 0x03, 0x01, 0x00,
    0x01, 0x03, 0x01, 0x00, 0x01, 0x03, 0x01, 0x02, 0x01, 0x03, 0x02, 0x02, 0x01, 0x03, 0x01, 0x02,
    0x01, 0x03, 0x01, 0x00, 0x01, 0x03, 0x01, 0x02, 0x01, 0x03, 0x02, 0x02, 0x01, 0x03, 0x01, 0x02,
    0x01, 0x03, 0x01, 0x00, 0x01, 0x03, 0x01, 0x01, 0x02, 0x03, 0x01, 0x01, 0x01, 0x02, 0x01, 0x01,
    0x01, 0x02, 0x01, 0x01, 0x01, 0x02, 0x01, 0x01, 0x01, 0x02, 0x02, 0x01, 0x01, 0x02, 0x01, 0x01,
    0x01, 0x02, 0x01, 0x01, 0x01, 0x02, 0x01, 0x01, 0x01, 0x02, 0x02, 0x01, 0x01, 0x02, 0x01, 0x01,
    0x01, 0x02, 0x01, 0x01, 0x01, 0x02, 0x01, 0x01, 0x01, 0x02, 0x02, 0x01, 0x01, 0x02, 0x01, 0x01,
    0x01, 0x02, 0x01, 0x01, 0x01, 0x02, 0x01, 0x01, 0x01, 0x02, 0x02, 0x01, 0x01, 0x02, 0x01, 0x01,
    0x01, 0x02, 0x01, 0x01, 0x01, 0x02, 0x01, 0x01, 0x04, 0x02, 0x01, 0x01, 0x01, 0x02, 0x01, 0x01,
    0x01, 0x02, 0x01, 0x01, 0x01, 0x02, 0x01, 0x01, 0x02, 0x02, 0x01, 0x01, 0x01, 0x02, 0x01, 0x01,
    0x01, 0x02, 0x01, 0x01, 0x03, 0x02, 0x01, 0x03, 0x01, 0x02, 0x01, 0x03, 0x01, 0x00, 0x01, 0x03,
    0x01, 0x01, 0x01, 0x03, 0x01, 0x02, 0x02, 0x03, 0x01, 0x02, 0x01, 0x03, 0x01, 0x00, 0x01, 0x03,
    0x01, 0x01, 0x01, 0x03, 0x01, 0x02, 0x02, 0x03, 0x01, 0x02, 0x01, 0x03, 0x01, 0x00, 0x01, 0x03,
    0x01, 0x00, 0x01, 0x03, 0x01, 0x02, 0x02, 0x03, 0x01, 0x02, 0x01, 0x03, 0x01, 0x01, 0x01, 0x03,
    0x01, 0x00, 0x01, 0x03, 0x01, 0x02, 0x02, 0x03, 0x01, 0x02, 0x01, 0x03, 0x01, 0x00, 0x01, 0x03,
    0x01, 0x00, 0x01, 0x03, 0x01, 0x02, 0x02, 0x03, 0x01, 0x02, 0x01, 0x03, 0x01, 0x02, 0x01, 0x03,
    0x01, 0x00, 0x01, 0x03, 0x01, 0x02, 0x02, 0x03, 0x01, 0x02, 0x01, 0x03, 0x01, 0x02, 0x01, 0x03,
    0x01, 0x00, 0x01, 0x03, 0x01, 0x01, 0x02, 0x03, 0x01, 0x00, 0x01, 0x02, 0x01, 0x00, 0x01, 0x02,
    0x01, 0x00, 0x01, 0x02, 0x01, 0x00, 0x01, 0x01, 0x02, 0x00, 0x01, 0x02, 0x01, 0x00, 0x01, 0x02,
    0x01, 0x00, 0x01, 0x02, 0x01, 0x00, 0x01, 0x01, 0x02, 0x00, 0x01, 0x01, 0x01, 0x00, 0x01, 0x02,
    0x01, 0x00, 0x01, 0x02, 0x01, 0x00, 0x01, 0x01, 0x02, 0x00, 0x01, 0x01, 0x01, 0x00, 0x01, 0x02,
    0x01, 0x00, 0x01, 0x02, 0x01, 0x00, 0x01, 0x02, 0x02, 0x00, 0x01, 0x01, 0x01, 0x00, 0x01, 0x02,
    0x01, 0x00, 0x01, 0x02, 0x01, 0x00, 0x01, 0x02, 0x02, 0x00, 0x01, 0x01, 0x01, 0x00, 0x01, 0x02,
    0x01, 0x00, 0x01, 0x02, 0x01, 0x00, 0x01, 0x02, 0x02, 0x00, 0x01, 0x01, 0x01, 0x00, 0x01, 0x02,
    0x01, 0x00, 0x01, 0x02, 0x01, 0x00, 0x01, 0x02, 0x02, 0x00, 0x01, 0x03, 0x01, 0x02, 0x01, 0x03,
    0x01, 0x00, 0x01, 0x03, 0x01, 0x01, 0x01, 0x03, 0x01, 0x02, 0x02, 0x03, 0x01, 0x02, 0x01, 0x03,
    0x01, 0x00, 0x01, 0x03, 0x01, 0x01, 0x01, 0x03, 0x01, 0x02, 0x02, 0x03, 0x01, 0x02, 0x01, 0x03,
    0x01, 0x00, 0x01, 0x03, 0x01, 0x00, 0x01, 0x03, 0x01, 0x02, 0x02, 0x03, 0x01, 0x02, 0x01, 0x03,
    0x01, 0x01, 0x01, 0x03, 0x01, 0x00, 0x01, 0x03, 0x01, 0x02, 0x02, 0x03, 0x01, 0x02, 0x01, 0x03,
    0x01, 0x00, 0x01, 0x03, 0x01, 0x00, 0x01, 0x03, 0x01, 0x02, 0x01, 0x03, 0x02, 0x02, 0x01, 0x03,
    0x01, 0x02, 0x01, 0x03, 0x01, 0x00, 0x01, 0x03, 0x01, 0x02, 0x01, 0x03, 0x02, 0x02, 0x01, 0x03,
    0x01, 0x02, 0x01, 0x03, 0x01, 0x00, 0x01, 0x03, 0x01, 0x01, 0x02, 0x03, 0x32, 0x02, 0x01, 0x01,
    0x0D, 0x02, 0x01, 0x03, 0x01, 0x02, 0x01, 0x03, 0x01, 0x00, 0x01, 0x03, 0x01, 0x01, 0x01, 0x03,
    0x02, 0x02, 0x01, 0x03, 0x01, 0x02, 0x01, 0x03, 0x01, 0x00, 0x01, 0x03, 0x01, 0x01, 0x01, 0x03,
    0x02, 0x02, 0x01, 0x03, 0x01, 0x02, 0x01, 0x03, 0x01, 0x00, 0x01, 0x03, 0x01, 0x00, 0x01, 0x03,
    0x01, 0x02, 0x02, 0x03, 0x01, 0x02, 0x01, 0x03, 0x01, 0x01, 0x01, 0x03, 0x01, 0x00, 0x01, 0x03,
    0x01, 0x02, 0x02, 0x03, 0x01, 0x02, 0x01, 0x03, 0x01, 0x01, 0x01, 0x03, 0x01, 0x00, 0x01, 0x03,
    0x01, 0x02, 0x01, 0x03, 0x02, 0x02, 0x01, 0x03, 0x01, 0x01, 0x01, 0x03, 0x01, 0x00, 0x01, 0x03,
    0x01, 0x02, 0x01, 0x03, 0x02, 0x02, 0x01, 0x03, 0x01, 0x02, 0x01, 0x03, 0x01, 0x00, 0x01, 0x03,
    0x01, 0x01, 0x01, 0x03, 0x03, 0x02, 0x01, 0x03, 0x01, 0x00, 0x01, 0x03, 0x01, 0x01, 0x01, 0x03,
    0x04, 0x02, 0x01, 0x03, 0x01, 0x00, 0x01, 0x03, 0x01, 0x01, 0x01, 0x03, 0x04, 0x02, 0x01, 0x03,
    0x01, 0x01, 0x01, 0x03, 0x01, 0x01, 0x01, 0x03, 0x04, 0x02, 0x01, 0x03, 0x01, 0x01, 0x01, 0x03,
    0x01, 0x00, 0x01, 0x03, 0x04, 0x02, 0x01, 0x03, 0x01, 0x01, 0x01, 0x03, 0x01, 0x00, 0x01, 0x03,
    0x04, 0x02, 0x01, 0x03, 0x01, 0x01, 0x01, 0x03, 0x01, 0x00, 0x01, 0x03, 0x01, 0x02, 0x01, 0x03,
    0x02, 0x02, 0x01, 0x03, 0x01, 0x02, 0x01, 0x03, 0x01, 0x00, 0x01, 0x03, 0x01, 0x01, 0x05, 0x02,
    0x01, 0x01, 0x08, 0x02, 0x01, 0x01, 0x08, 0x02, 0x01, 0x01, 0x01, 0x02, 0x01, 0x01, 0x08, 0x02,
    0x01, 0x01, 0x06, 0x02, 0x01, 0x01, 0x01, 0x02, 0x01, 0x01, 0x08, 0x02, 0x01, 0x01, 0x08, 0x02,
    0x01, 0x01, 0x06, 0x02, 0x01, 0x03, 0x01, 0x00, 0x01, 0x03, 0x01, 0x01, 0x01, 0x03, 0x01, 0x02,
    0x02, 0x03, 0x01, 0x02, 0x01, 0x03, 0x01, 0x00, 0x01, 0x03, 0x01, 0x01, 0x01, 0x03, 0x02, 0x02,
    0x01, 0x03, 0x01, 0x02, 0x01, 0x03, 0x01, 0x00, 0x01, 0x03, 0x01, 0x00, 0x01, 0x03, 0x01, 0x02,
    0x02, 0x03, 0x01, 0x02, 0x01, 0x03, 0x01, 0x01, 0x01, 0x03, 0x01, 0x00, 0x01, 0x03, 0x01, 0x02,
    0x02, 0x03, 0x01, 0x02, 0x01, 0x03, 0x01, 0x00, 0x01, 0x03, 0x01, 0x00, 0x01, 0x03, 0x01, 0x02,
    0x01, 0x03, 0x02, 0x02, 0x01, 0x03, 0x01, 0x02, 0x01, 0x03, 0x01, 0x00, 0x01, 0x03, 0x01, 0x02,
    0x01, 0x03, 0x02, 0x02, 0x01, 0x03, 0x01, 0x02, 0x01, 0x03, 0x01, 0x00, 0x01, 0x03, 0x01, 0x01,
    0x02, 0x03, 0x01, 0x01, 0x01, 0x02, 0x01, 0x01, 0x01, 0x02, 0x01, 0x00, 0x01, 0x02, 0x01, 0x01,
    0x01, 0x02, 0x02, 0x01, 0x01, 0x02, 0x01, 0x01, 0x01, 0x02, 0x01, 0x01, 0x01, 0x02, 0x01, 0x00,
    0x01, 0x02, 0x02, 0x01, 0x01, 0x02, 0x01, 0x01, 0x01, 0x02, 0x01, 0x01, 0x01, 0x02, 0x01, 0x01,
    0x01, 0x02, 0x02, 0x01, 0x01, 0x02, 0x01, 0x01, 0x01, 0x02, 0x01, 0x01, 0x01, 0x02, 0x01, 0x01,
    0x01, 0x02, 0x02, 0x01, 0x01, 0x02, 0x01, 0x01, 0x01, 0x02, 0x01, 0x00, 0x01, 0x02, 0x01, 0x00,
    0x01, 0x02, 0x02, 0x01, 0x01, 0x02, 0x01, 0x01, 0x01, 0x02, 0x01, 0x01, 0x01, 0x02, 0x01, 0x01,
    0x01, 0x02, 0x02, 0x01, 0x01, 0x02, 0x01, 0x01, 0x01, 0x02, 0x01, 0x00, 0x01, 0x02, 0x01, 0x00,
    0x01, 0x02, 0x02, 0x01, 0x01, 0x03, 0x01, 0x02, 0x01, 0x03, 0x01, 0x00, 0x01, 0x03, 0x01, 0x01,
    0x01, 0x03, 0x01, 0x02, 0x02, 0x03, 0x01, 0x02, 0x01, 0x03, 0x01, 0x00, 0x01, 0x03, 0x01, 0x00,
    0x01, 0x03, 0x01, 0x02, 0x02, 0x03, 0x01, 0x02, 0x01, 0x03, 0x01, 0x00, 0x01, 0x03, 0x01, 0x00,
    0x01, 0x03, 0x01, 0x02, 0x02, 0x03, 0x01, 0x02, 0x01, 0x03, 0x01, 0x00, 0x01, 0x03, 0x01, 0x00,
    0x01, 0x03, 0x01, 0x02, 0x02, 0x03, 0x01, 0x02, 0x01, 0x03, 0x01, 0x00, 0x01, 0x03, 0x01, 0x00,
    0x01, 0x03, 0x01, 0x02, 0x02, 0x03, 0x01, 0x02, 0x01, 0x03, 0x01, 0x01, 0x01, 0x03, 0x01, 0x00,
    0x01, 0x03, 0x01, 0x02, 0x02, 0x03, 0x01, 0x02, 0x01, 0x03, 0x01, 0x02, 0x01, 0x03, 0x01, 0x00,
    0x01, 0x03, 0x01, 0x00, 0x02, 0x03, 0xFF, 0x02, 0xFF, 0x02, 0xFF, 0x02, 0xFF, 0x02, 0xFF, 0x02,
    0x11, 0x02, 0x01, 0x01, 0x1C, 0x00, 0x01, 0x01, 0x21, 0x02, 0x01, 0x01, 0x1E, 0x02, 0x01, 0x01,
    0x20, 0x02, 0x01, 0x00, 0x01, 0x03, 0x1C, 0x05, 0x01, 0x03, 0x01, 0x00, 0x20, 0x02, 0x01, 0x00,
    0x01, 0x03, 0x1C, 0x05, 0x01, 0x03, 0x01, 0x00, 0x1A, 0x02, 0x07, 0x00, 0x01, 0x03, 0x1C, 0x05,
    0x01, 0x03, 0x01, 0x00, 0x19, 0x02, 0x01, 0x00, 0x07, 0x03, 0x01, 0x04, 0x1C, 0x05, 0x01, 0x03,
    0x01, 0x00, 0x19, 0x02, 0x01, 0x00, 0x01, 0x04, 0x23, 0x05, 0x01, 0x03, 0x01, 0x00, 0x19, 0x02,
    0x01, 0x00, 0x01, 0x04, 0x23, 0x05, 0x01, 0x03, 0x01, 0x00, 0x19, 0x02, 0x01, 0x00, 0x01, 0x04,
    0x23, 0x05, 0x01, 0x03, 0x01, 0x00, 0x19, 0x02, 0x01, 0x00, 0x01, 0x04, 0x1C, 0x05, 0x01, 0x03,
    0x02, 0x02, 0x01, 0x03, 0x03, 0x05, 0x01, 0x03, 0x01, 0x00, 0x19, 0x02, 0x01, 0x00, 0x01, 0x04,
    0x0B, 0x05, 0x04, 0x04, 0x0D, 0x05, 0x01, 0x02, 0x02, 0x00, 0x01, 0x03, 0x03, 0x05, 0x01, 0x03,
    0x01, 0x00, 0x19, 0x02, 0x01, 0x00, 0x01, 0x04, 0x0A, 0x05, 0x01, 0x03, 0x04, 0x00, 0x01, 0x03,
    0x0C, 0x05, 0x01, 0x02, 0x02, 0x00, 0x01, 0x03, 0x03, 0x05, 0x01, 0x03, 0x01, 0x00, 0x19, 0x02,
    0x01, 0x00, 0x01, 0x03, 0x07, 0x04, 0x03, 0x05, 0x05, 0x03, 0x01, 0x04, 0x0C, 0x05, 0x04, 0x03,
    0x03, 0x05, 0x01, 0x03, 0x01, 0x00, 0x1A, 0x02, 0x07, 0x00, 0x01, 0x03, 0x1C, 0x05, 0x01, 0x03,
    0x05, 0x00, 0x1C, 0x02, 0x01, 0x00, 0x01, 0x03, 0x1C, 0x05, 0x01, 0x04, 0x01, 0x03, 0x03, 0x04,
    0x01, 0x03, 0x01, 0x00, 0x1B, 0x02, 0x01, 0x00, 0x01, 0x03, 0x21, 0x05, 0x01, 0x04, 0x01, 0x00,
    0x1B, 0x02, 0x01, 0x00, 0x01, 0x03, 0x21, 0x05, 0x01, 0x04, 0x01, 0x00, 0x1B, 0x02, 0x01, 0x00,
    0x01, 0x03, 0x21, 0x05, 0x01, 0x04, 0x01, 0x00, 0x1B, 0x02, 0x01, 0x00, 0x01, 0x03, 0x21, 0x05,
    0x01, 0x04, 0x01, 0x00, 0x1B, 0x02, 0x01, 0x00, 0x01, 0x03, 0x21, 0x05, 0x01, 0x04, 0x01, 0x00,
    0x1B, 0x02, 0x01, 0x00, 0x01, 0x03, 0x1F, 0x05, 0x01, 0x04, 0x1E, 0x02, 0x01, 0x00, 0x01, 0x03,
    0x1C, 0x05, 0x04, 0x04, 0x01, 0x02, 0x01, 0x01, 0x1C, 0x02, 0x01, 0x00, 0x01, 0x03, 0x1C, 0x05,
    0x01, 0x03, 0x03, 0x00, 0x1E, 0x02, 0x01, 0x00, 0x01, 0x03, 0x03, 0x05, 0x02, 0x04, 0x01, 0x03,
    0x01, 0x04, 0x03, 0x05, 0x06, 0x04, 0x01, 0x03, 0x01, 0x04, 0x03, 0x05, 0x02, 0x04, 0x01, 0x03,
    0x01, 0x04, 0x03, 0x05, 0x01, 0x03, 0x01, 0x00, 0x20, 0x02, 0x01, 0x00, 0x01, 0x03, 0x03, 0x05,
    0x01, 0x03, 0x02, 0x00, 0x01, 0x03, 0x03, 0x05, 0x01, 0x03, 0x06, 0x00, 0x01, 0x03, 0x03, 0x05,
    0x01, 0x02, 0x02, 0x00, 0x01, 0x03, 0x03, 0x05, 0x01, 0x03, 0x01, 0x00, 0x20, 0x02, 0x01, 0x00,
    0x01, 0x03, 0x03, 0x05, 0x01, 0x03, 0x02, 0x00, 0x01, 0x03, 0x03, 0x05, 0x01, 0x03, 0x01, 0x00,
    0x04, 0x02, 0x01, 0x00, 0x01, 0x04, 0x03, 0x05, 0x01, 0x03, 0x01, 0x01, 0x01, 0x00, 0x01, 0x03,
    0x03, 0x05, 0x01, 0x03, 0x01, 0x00, 0x20, 0x02, 0x01, 0x00, 0x01, 0x03, 0x03, 0x05, 0x01, 0x03,
    0x02, 0x00, 0x01, 0x03, 0x03, 0x05, 0x01, 0x03, 0x01, 0x00, 0x04, 0x02, 0x01, 0x00, 0x01, 0x04,
    0x03, 0x05, 0x01, 0x03, 0x02, 0x00, 0x01, 0x03, 0x03, 0x05, 0x01, 0x03, 0x01, 0x00, 0x20, 0x02,
    0x01, 0x00, 0x01, 0x03, 0x03, 0x05, 0x01, 0x03, 0x02, 0x00, 0x01, 0x03, 0x03, 0x05, 0x01, 0x03,
    0x01, 0x00, 0x04, 0x02, 0x01, 0x00, 0x01, 0x04, 0x03, 0x05, 0x01, 0x03, 0x01, 0x01, 0x01, 0x00,
    0x01, 0x03, 0x03, 0x05, 0x01, 0x03, 0x01, 0x00, 0x15, 0x02, 0x01, 0x00, 0x01, 0x02, 0x01, 0x00,
    0x01, 0x02, 0x01, 0x00, 0x01, 0x02, 0x01, 0x00, 0x01, 0x01, 0x02, 0x00, 0x01, 0x02, 0x01, 0x00,
    0x01, 0x03, 0x03, 0x04, 0x01, 0x03, 0x02, 0x00, 0x01, 0x03, 0x03, 0x04, 0x01, 0x03, 0x01, 0x00,
    0x01, 0x02, 0x02, 0x00, 0x01, 0x02, 0x01, 0x00, 0x01, 0x03, 0x03, 0x04, 0x01, 0x03, 0x02, 0x00,
    0x01, 0x03, 0x03, 0x04, 0x01, 0x03, 0x01, 0x00, 0x01, 0x02, 0x01, 0x00, 0x02, 0x01, 0x01, 0x00,
    0x01, 0x02, 0x01, 0x00, 0x01, 0x02, 0x01, 0x00, 0x01, 0x02, 0x02, 0x00, 0x01, 0x01, 0x01, 0x00,
    0x01, 0x02, 0x01, 0x00, 0x01, 0x02, 0x01, 0x00, 0x01, 0x02, 0x02, 0x00, 0x02, 0x02, 0x01, 0x03,
    0x01, 0x00, 0x01, 0x03, 0x01, 0x01, 0x01, 0x03, 0x02, 0x02, 0x01, 0x03, 0x01, 0x02, 0x01, 0x03,
    0x01, 0x00, 0x01, 0x03, 0x01, 0x00, 0x01, 0x03, 0x04, 0x02, 0x01, 0x03, 0x01, 0x00, 0x01, 0x03,
    0x01, 0x01, 0x01, 0x03, 0x01, 0x02, 0x01, 0x03, 0x02, 0x02, 0x01, 0x03, 0x01, 0x00, 0x01, 0x03,
    0x01, 0x00, 0x01, 0x03, 0x01, 0x02, 0x01, 0x03, 0x02, 0x02, 0x01, 0x03, 0x01, 0x02, 0x01, 0x03,
    0x01, 0x00, 0x01, 0x03, 0x01, 0x02, 0x01, 0x03, 0x02, 0x02, 0x01, 0x03, 0x01, 0x02, 0x01, 0x03,
    0x01, 0x00, 0x01, 0x03, 0x01, 0x02, 0x01, 0x03, 0x02, 0x02, 0x01, 0x03, 0x01, 0x02, 0x01, 0x03,
    0x01, 0x00, 0x01, 0x03, 0x01, 0x02, 0x01, 0x03, 0x03, 0x02, 0x01, 0x03, 0x01, 0x01, 0x01, 0x03,
    0x06, 0x02, 0x01, 0x03, 0x01, 0x00, 0x01, 0x03, 0x01, 0x01, 0x01, 0x03, 0x04, 0x02, 0x01, 0x03,
    0x01, 0x01, 0x01, 0x03, 0x01, 0x00, 0x01, 0x03, 0x06, 0x02, 0x01, 0x03, 0x01, 0x01, 0x01, 0x03,
    0x05, 0x02, 0x01, 0x01, 0x01, 0x03, 0x01, 0x01, 0x01, 0x03, 0x04, 0x02, 0x01, 0x03, 0x01, 0x02,
    0x01, 0x03, 0x01, 0x00, 0x01, 0x03, 0x06, 0x02, 0x01, 0x03, 0x01, 0x01, 0x01, 0x03, 0x06, 0x02,
    0x01, 0x01, 0x08, 0x02, 0x01, 0x01, 0x0A, 0x02, 0x01, 0x01, 0x1A, 0x02, 0x01, 0x01, 0x08, 0x02,
    0x01, 0x01, 0x04, 0x02, 0x01, 0x03, 0x01, 0x02, 0x01, 0x03, 0x01, 0x00, 0x01, 0x03, 0x01, 0x01,
    0x01, 0x03, 0x01, 0x02, 0x02, 0x03, 0x01, 0x02, 0x01, 0x03, 0x01, 0x00, 0x01, 0x03, 0x01, 0x01,
    0x01, 0x03, 0x01, 0x02, 0x02, 0x03, 0x01, 0x02, 0x01, 0x03, 0x01, 0x00, 0x01, 0x03, 0x01, 0x00,
    0x01, 0x03, 0x01, 0x02, 0x02, 0x03, 0x01, 0x02, 0x01, 0x03, 0x01, 0x01, 0x01, 0x03, 0x01, 0x00,
    0x01, 0x03, 0x01, 0x02, 0x02, 0x03, 0x01, 0x02, 0x01, 0x03, 0x01, 0x00, 0x01, 0x03, 0x01, 0x00,
    0x01, 0x03, 0x01, 0x02, 0x01, 0x03, 0x02, 0x02, 0x01, 0x03, 0x01, 0x02, 0x01, 0x03, 0x01, 0x00,
    0x01, 0x03, 0x01, 0x02, 0x01, 0x03, 0x02, 0x02, 0x01, 0x03, 0x01, 0x02, 0x01, 0x03, 0x01, 0x00,
    0x01, 0x03, 0x01, 0x01, 0x02, 0x03, 0x01, 0x01, 0x01, 0x02, 0x01, 0x01, 0x01, 0x02, 0x01, 0x01,
    0x03, 0x02, 0x02, 0x01, 0x01, 0x02, 0x01, 0x01, 0x01, 0x02, 0x01, 0x01, 0x01, 0x02, 0x01, 0x01,
    0x01, 0x02, 0x02, 0x01, 0x01, 0x02, 0x01, 0x01, 0x01, 0x02, 0x01, 0x01, 0x01, 0x02, 0x01, 0x01,
    0x01, 0x02, 0x02, 0x01, 0x01, 0x02, 0x01, 0x01, 0x01, 0x02, 0x01, 0x01, 0x01, 0x02, 0x01, 0x01,
    0x01, 0x02, 0x02, 0x01, 0x01, 0x02, 0x01, 0x01, 0x01, 0x02, 0x01, 0x01, 0x01, 0x02, 0x01, 0x01,
    0x04, 0x02, 0x01, 0x01, 0x01, 0x02, 0x01, 0x01, 0x01, 0x02, 0x01, 0x01, 0x01, 0x02, 0x01, 0x01,
    0x02, 0x02, 0x01, 0x01, 0x01, 0x02, 0x01, 0x01, 0x01, 0x02, 0x01, 0x01, 0x03, 0x02, 0x01, 0x03,
    0x01, 0x02, 0x01, 0x03, 0x01, 0x00, 0x01, 0x03, 0x01, 0x01, 0x01, 0x03, 0x01, 0x02, 0x02, 0x03,
    0x01, 0x02, 0x01, 0x03, 0x01, 0x00, 0x01, 0x03, 0x01, 0x01, 0x01, 0x03, 0x01, 0x02, 0x02, 0x03,
    0x01, 0x02, 0x01, 0x03, 0x01, 0x00, 0x01, 0x03, 0x01, 0x00, 0x01, 0x03, 0x01, 0x02, 0x02, 0x03,
    0x01, 0x02, 0x01, 0x03, 0x01, 0x01, 0x01, 0x03, 0x01, 0x00, 0x01, 0x03, 0x01, 0x02, 0x02, 0x03,
    0x01, 0x02, 0x01, 0x03, 0x01, 0x00, 0x01, 0x03, 0x01, 0x00, 0x01, 0x03, 0x01, 0x02, 0x02, 0x03,
    0x01, 0x02, 0x01, 0x03, 0x01, 0x02, 0x01, 0x03, 0x01, 0x00, 0x01, 0x03, 0x01, 0x02, 0x02, 0x03,
    0x01, 0x02, 0x01, 0x03, 0x01, 0x02, 0x01, 0x03, 0x01, 0x00, 0x01, 0x03, 0x01, 0x01, 0x02, 0x03,
    0x01, 0x00, 0x01, 0x02, 0x01, 0x00, 0x01, 0x02, 0x01, 0x00, 0x01, 0x02, 0x01, 0x00, 0x01, 0x01,
    0x02, 0x00, 0x01, 0x02, 0x01, 0x00, 0x01, 0x02, 0x01, 0x00, 0x01, 0x02, 0x01, 0x00, 0x01, 0x01,
    0x02, 0x00, 0x01, 0x01, 0x01, 0x00, 0x01, 0x02, 0x01, 0x00, 0x01, 0x02, 0x01, 0x00, 0x01, 0x01,
    0x02, 0x00, 0x01, 0x01, 0x01, 0x00, 0x01, 0x02, 0x01, 0x00, 0x01, 0x02, 0x01, 0x00, 0x01, 0x02,
    0x02, 0x00, 0x01, 0x01, 0x01, 0x00, 0x01, 0x02, 0x01, 0x00, 0x01, 0x02, 0x01, 0x00, 0x01, 0x02,
    0x02, 0x00, 0x01, 0x01, 0x01, 0x00, 0x01, 0x02, 0x01, 0x00, 0x01, 0x02, 0x01, 0x00, 0x01, 0x02,
    0x02, 0x00, 0x01, 0x01, 0x01, 0x00, 0x01, 0x02, 0x01, 0x00, 0x01, 0x02, 0x01, 0x00, 0x01, 0x02,
    0x02, 0x00, 0x01, 0x03, 0x01, 0x02, 0x01, 0x03, 0x01, 0x00, 0x01, 0x03, 0x01, 0x01, 0x01, 0x03,
    0x01, 0x02, 0x02, 0x03, 0x01, 0x02, 0x01, 0x03, 0x01, 0x00, 0x01, 0x03, 0x01, 0x01, 0x01, 0x03,
    0x01, 0x02, 0x02, 0x03, 0x01, 0x02, 0x01, 0x03, 0x01, 0x00, 0x01, 0x03, 0x01, 0x00, 0x01, 0x03,
    0x01, 0x02, 0x02, 0x03, 0x01, 0x02, 0x01, 0x03, 0x01, 0x01, 0x01, 0x03, 0x01, 0x00, 0x01, 0x03,
    0x01, 0x02, 0x02, 0x03, 0x01, 0x02, 0x01, 0x03, 0x01, 0x00, 0x01, 0x03, 0x01, 0x00, 0x01, 0x03,
    0x01, 0x02, 0x01, 0x03, 0x02, 0x02, 0x01, 0x03, 0x01, 0x02, 0x01, 0x03, 0x01, 0x00, 0x01, 0x03,
    0x01, 0x02, 0x01, 0x03, 0x02, 0x02, 0x01, 0x03, 0x01, 0x02, 0x01, 0x03, 0x01, 0x00, 0x01, 0x03,
    0x01, 0x01, 0x02, 0x03, 0x32, 0x02, 0x01, 0x01, 0x0D, 0x02, 0x01, 0x03, 0x01, 0x02, 0x01, 0x03,
    0x01, 0x00, 0x01, 0x03, 0x01, 0x01, 0x01, 0x03, 0x02, 0x02, 0x01, 0x03, 0x01, 0x02, 0x01, 0x03,
    0x01, 0x00, 0x01, 0x03, 0x01, 0x01, 0x01, 0x03, 0x02, 0x02, 0x01, 0x03, 0x01, 0x02, 0x01, 0x03,
    0x01, 0x00, 0x01, 0x03, 0x01, 0x00, 0x01, 0x03, 0x01, 0x02, 0x02, 0x03, 0x01, 0x02, 0x01, 0x03,
    0x01, 0x00, 0x01, 0x03, 0x01, 0x00, 0x01, 0x03, 0x01, 0x02, 0x02, 0x03, 0x01, 0x02, 0x01, 0x03,
    0x01, 0x01, 0x01, 0x03, 0x01, 0x00, 0x01, 0x03, 0x01, 0x02, 0x01, 0x03, 0x02, 0x02, 0x01, 0x03,
    0x01, 0x01, 0x01, 0x03, 0x01, 0x00, 0x01, 0x03, 0x01, 0x02, 0x01, 0x03, 0x02, 0x02, 0x01, 0x03,
    0x01, 0x02, 0x01, 0x03, 0x01, 0x00, 0x01, 0x03, 0x01, 0x01, 0x01, 0x03, 0x03, 0x02, 0x01, 0x03,
    0x01, 0x00, 0x01, 0x03, 0x01, 0x01, 0x01, 0x03, 0x04, 0x02, 0x01, 0x03, 0x01, 0x00, 0x01, 0x03,
    0x01, 0x01, 0x01, 0x03, 0x04, 0x02, 0x01, 0x03, 0x01, 0x01, 0x01, 0x03, 0x01, 0x01, 0x01, 0x03,
    0x04, 0x02, 0x01, 0x03, 0x01, 0x01, 0x01, 0x03, 0x01, 0x01, 0x01, 0x03, 0x04, 0x02, 0x01, 0x03,
    0x01, 0x01, 0x01, 0x03, 0x01, 0x00, 0x01, 0x03, 0x04, 0x02, 0x01, 0x03, 0x01, 0x01, 0x01, 0x03,
    0x01, 0x00, 0x01, 0x03, 0x01, 0x02, 0x01, 0x03, 0x02, 0x02, 0x01, 0x03, 0x01, 0x02, 0x01, 0x03,
    0x01, 0x00, 0x01, 0x03, 0x01, 0x01, 0x05, 0x02, 0x01, 0x01, 0x08, 0x02, 0x01, 0x01, 0x08, 0x02,
    0x01, 0x01, 0x01, 0x02, 0x01, 0x01, 0x08, 0x02, 0x01, 0x01, 0x06, 0x02, 0x01, 0x01, 0x01, 0x02,
    0x01, 0x01, 0x08, 0x02, 0x01, 0x01, 0x08, 0x02, 0x01, 0x01, 0x06, 0x02, 0x01, 0x03, 0x01, 0x00,
    0x01, 0x03, 0x01, 0x01, 0x01, 0x03, 0x01, 0x02, 0x02, 0x03, 0x01, 0x02, 0x01, 0x03, 0x01, 0x00,
    0x01, 0x03, 0x01, 0x01, 0x01, 0x03, 0x02, 0x02, 0x01, 0x03, 0x01, 0x02, 0x01, 0x03, 0x01, 0x00,
    0x01, 0x03, 0x01, 0x00, 0x01, 0x03, 0x01, 0x02, 0x02, 0x03, 0x01, 0x02, 0x01, 0x03, 0x01, 0x01,
    0x01, 0x03, 0x01, 0x00, 0x01, 0x03, 0x01, 0x02, 0x02, 0x03, 0x01, 0x02, 0x01, 0x03, 0x01, 0x00,
    0x01, 0x03, 0x01, 0x00, 0x01, 0x03, 0x01, 0x02, 0x01, 0x03, 0x02, 0x02, 0x01, 0x03, 0x01, 0x02,
    0x01, 0x03, 0x01, 0x00, 0x01, 0x03, 0x01, 0x02, 0x01, 0x03, 0x02, 0x02, 0x01, 0x03, 0x01, 0x02,
    0x01, 0x03, 0x01, 0x00, 0x01, 0x03, 0x01, 0x01, 0x02, 0x03, 0x01, 0x01, 0x01, 0x02, 0x01, 0x01,
    0x01, 0x02, 0x01, 0x00, 0x01, 0x02, 0x01, 0x01, 0x01, 0x02, 0x02, 0x01, 0x01, 0x02, 0x01, 0x01,
    0x01, 0x02, 0x01, 0x01, 0x01, 0x02, 0x01, 0x00, 0x01, 0x02, 0x02, 0x01, 0x01, 0x02, 0x01, 0x01,
    0x01, 0x02, 0x01, 0x01, 0x01, 0x02, 0x01, 0x01, 0x01, 0x02, 0x02, 0x01, 0x01, 0x02, 0x01, 0x01,
    0x01, 0x02, 0x01, 0x01, 0x01, 0x02, 0x01, 0x01, 0x01, 0x02, 0x02, 0x01, 0x01, 0x02, 0x01, 0x01,
    0x01, 0x02, 0x01, 0x00, 0x01, 0x02, 0x01, 0x00, 0x01, 0x02, 0x02, 0x01, 0x01, 0x02, 0x01, 0x01,
    0x01, 0x02, 0x01, 0x01, 0x01, 0x02, 0x01, 0x01, 0x01, 0x02, 0x02, 0x01, 0x01, 0x02, 0x01, 0x01,
    0x01, 0x02, 0x01, 0x00, 0x01, 0x02, 0x01, 0x00, 0x01, 0x02, 0x02, 0x01, 0x01, 0x03, 0x01, 0x02,
    0x01, 0x03, 0x01, 0x00, 0x01, 0x03, 0x01, 0x01, 0x01, 0x03, 0x01, 0x02, 0x02, 0x03, 0x01, 0x02,
    0x01, 0x03, 0x01, 0x00, 0x01, 0x03, 0x01, 0x00, 0x01, 0x03, 0x01, 0x02, 0x02, 0x03, 0x01, 0x02,
    0x01, 0x03, 0x01, 0x00, 0x01, 0x03, 0x01, 0x00, 0x01, 0x03, 0x01, 0x02, 0x02, 0x03, 0x01, 0x02,
    0x01, 0x03, 0x01, 0x00, 0x01, 0x03, 0x01, 0x00, 0x01, 0x03, 0x01, 0x02, 0x02, 0x03, 0x01, 0x02,
    0x01, 0x03, 0x01, 0x00, 0x01, 0x03, 0x01, 0x00, 0x01, 0x03, 0x01, 0x02, 0x02, 0x03, 0x01, 0x02,
    0x01, 0x03, 0x01, 0x01, 0x01, 0x03, 0x01, 0x00, 0x01, 0x03, 0x01, 0x02, 0x02, 0x03, 0x01, 0x02,
    0x01, 0x03, 0x01, 0x02, 0x01, 0x03, 0x01, 0x00, 0x01, 0x03, 0x01, 0x00, 0x02, 0x03, 0xFF, 0x03,
    0xFF, 0x03, 0xFF, 0x03, 0xFF, 0x03, 0xFF, 0x03, 0x11, 0x03, 0x01, 0x01, 0x1C, 0x00, 0x01, 0x01,
    0x21, 0x03, 0x01, 0x01, 0x02, 0x03, 0x1B, 0x04, 0x01, 0x03, 0x01, 0x01, 0x20, 0x03, 0x01, 0x00,
    0x01, 0x04, 0x1C, 0x06, 0x01, 0x04, 0x01, 0x00, 0x20, 0x03, 0x01, 0x00, 0x01, 0x04, 0x1C, 0x06,
    0x01, 0x04, 0x01, 0x00, 0x1A, 0x03, 0x07, 0x00, 0x01, 0x04, 0x1C, 0x06, 0x01, 0x04, 0x01, 0x00,
    0x19, 0x03, 0x01, 0x00, 0x07, 0x04, 0x01, 0x05, 0x1C, 0x06, 0x01, 0x04, 0x01, 0x00, 0x19, 0x03,
    0x01, 0x00, 0x01, 0x05, 0x23, 0x06, 0x01, 0x04, 0x01, 0x00, 0x19, 0x03, 0x01, 0x00, 0x01, 0x05,
    0x23, 0x06, 0x01, 0x04, 0x01, 0x00, 0x19, 0x03, 0x01, 0x00, 0x01, 0x05, 0x23, 0x06, 0x01, 0x04,
    0x01, 0x00, 0x19, 0x03, 0x01, 0x00, 0x01, 0x05, 0x1C, 0x06, 0x02, 0x04, 0x01, 0x02, 0x01, 0x04,
    0x03, 0x06, 0x01, 0x04, 0x01, 0x00, 0x19, 0x03, 0x01, 0x00, 0x01, 0x05, 0x0B, 0x06, 0x04, 0x05,
    0x0D, 0x06, 0x01, 0x02, 0x02, 0x00, 0x01, 0x04, 0x03, 0x06, 0x01, 0x04, 0x01, 0x00, 0x19, 0x03,
    0x01, 0x00, 0x01, 0x05, 0x0A, 0x06, 0x01, 0x04, 0x04, 0x00, 0x01, 0x04, 0x0C, 0x06, 0x01, 0x02,
    0x02, 0x00, 0x01, 0x04, 0x03, 0x06, 0x01, 0x04, 0x01, 0x00, 0x19, 0x03, 0x01, 0x00, 0x01, 0x04,
    0x07, 0x05, 0x03, 0x06, 0x05, 0x04, 0x01, 0x05, 0x0C, 0x06, 0x04, 0x04, 0x03, 0x06, 0x01, 0x04,
    0x01, 0x00, 0x1A, 0x03, 0x07, 0x00, 0x01, 0x04, 0x1C, 0x06, 0x01, 0x04, 0x05, 0x00, 0x1C, 0x03,
    0x01, 0x00, 0x01, 0x04, 0x1C, 0x06, 0x01, 0x05, 0x01, 0x04, 0x03, 0x05, 0x01, 0x04, 0x01, 0x00,
    0x1B, 0x03, 0x01, 0x00, 0x01, 0x04, 0x21, 0x06, 0x01, 0x05, 0x01, 0x00, 0x1B, 0x03, 0x01, 0x00,
    0x01, 0x04, 0x21, 0x06, 0x01, 0x05, 0x01, 0x00, 0x1B, 0x03, 0x01, 0x00, 0x01, 0x04, 0x21, 0x06,
    0x01, 0x05, 0x01, 0x00, 0x1B, 0x03, 0x01, 0x00, 0x01, 0x04, 0x21, 0x06, 0x01, 0x05, 0x01, 0x00,
    0x1B, 0x03, 0x01, 0x00, 0x01, 0x04, 0x21, 0x06, 0x01, 0x05, 0x01, 0x00, 0x1B, 0x03, 0x01, 0x00,
    0x01, 0x04, 0x1F, 0x06, 0x01, 0x05, 0x01, 0x04, 0x02, 0x02, 0x1B, 0x03, 0x01, 0x00, 0x01, 0x04,
    0x1C, 0x06, 0x04, 0x05, 0x01, 0x02, 0x01, 0x01, 0x1C, 0x03, 0x01, 0x00, 0x01, 0x04, 0x1C, 0x06,
    0x01, 0x04, 0x03, 0x00, 0x01, 0x02, 0x1D, 0x03, 0x01, 0x00, 0x01, 0x04, 0x03, 0x06, 0x04, 0x05,
    0x03, 0x06, 0x08, 0x05, 0x03, 0x06, 0x04, 0x05, 0x03, 0x06, 0x01, 0x04, 0x01, 0x00, 0x20, 0x03,
    0x01, 0x00, 0x01, 0x04, 0x03, 0x06, 0x01, 0x04, 0x02, 0x00, 0x01, 0x04, 0x03, 0x06, 0x01, 0x04,
    0x06, 0x00, 0x01, 0x05, 0x03, 0x06, 0x01, 0x04, 0x02, 0x00, 0x01, 0x04, 0x03, 0x06, 0x01, 0x04,
    0x01, 0x00, 0x20, 0x03, 0x01, 0x00, 0x01, 0x04, 0x03, 0x06, 0x01, 0x04, 0x02, 0x00, 0x01, 0x04,
    0x03, 0x06, 0x01, 0x04, 0x01, 0x00, 0x04, 0x03, 0x01, 0x00, 0x01, 0x05, 0x03, 0x06, 0x01, 0x04,
    0x01, 0x01, 0x01, 0x00, 0x01, 0x04, 0x03, 0x06, 0x01, 0x04, 0x01, 0x00, 0x20, 0x03, 0x01, 0x00,
    0x01, 0x04, 0x03, 0x06, 0x01, 0x04, 0x02, 0x00, 0x01, 0x04, 0x03, 0x06, 0x01, 0x04, 0x01, 0x00,
    0x04, 0x03, 0x01, 0x00, 0x01, 0x05, 0x03, 0x06, 0x01, 0x04, 0x02, 0x00, 0x01, 0x04, 0x03, 0x06,
    0x01, 0x04, 0x01, 0x00, 0x20, 0x03, 0x01, 0x00, 0x01, 0x04, 0x03, 0x06, 0x01, 0x04, 0x02, 0x00,
    0x01, 0x04, 0x03, 0x06, 0x01, 0x04, 0x01, 0x00, 0x04, 0x03, 0x01, 0x00, 0x01, 0x05, 0x03, 0x06,
    0x01, 0x04, 0x01, 0x01, 0x01, 0x00, 0x01, 0x04, 0x03, 0x06, 0x01, 0x04, 0x01, 0x00, 0x15, 0x03,
    0x01, 0x00, 0x01, 0x03, 0x01, 0x00, 0x01, 0x03, 0x01, 0x00, 0x01, 0x03, 0x01, 0x00, 0x01, 0x01,
    0x02, 0x00, 0x01, 0x03, 0x01, 0x00, 0x01, 0x04, 0x03, 0x05, 0x01, 0x04, 0x02, 0x00, 0x01, 0x04,
    0x03, 0x05, 0x01, 0x04, 0x01, 0x00, 0x01, 0x03, 0x02, 0x00, 0x01, 0x03, 0x01, 0x00, 0x01, 0x04,
    0x03, 0x05, 0x01, 0x04, 0x02, 0x00, 0x01, 0x04, 0x03, 0x05, 0x01, 0x04, 0x01, 0x00, 0x01, 0x03,
    0x01, 0x00, 0x02, 0x01, 0x01, 0x00, 0x01, 0x03, 0x01, 0x00, 0x01, 0x03, 0x01, 0x00, 0x01, 0x03,
    0x02, 0x00, 0x01, 0x01, 0x01, 0x00, 0x01, 0x03, 0x01, 0x00, 0x01, 0x03, 0x01, 0x00, 0x01, 0x03,
    0x02, 0x00, 0x01, 0x04, 0x01, 0x03, 0x01, 0x04, 0x01, 0x00, 0x01, 0x04, 0x01, 0x01, 0x01, 0x04,
    0x01, 0x03, 0x02, 0x04, 0x01, 0x03, 0x01, 0x04, 0x01, 0x00, 0x01, 0x04, 0x01, 0x02, 0x01, 0x04,
    0x01, 0x03, 0x02, 0x04, 0x01, 0x03, 0x01, 0x04, 0x01, 0x02, 0x01, 0x04, 0x01, 0x02, 0x01, 0x04,
    0x01, 0x03, 0x02, 0x04, 0x01, 0x03, 0x01, 0x04, 0x01, 0x00, 0x01, 0x04, 0x01, 0x00, 0x01, 0x04,
    0x01, 0x03, 0x02, 0x04, 0x01, 0x03, 0x01, 0x04, 0x01, 0x02, 0x01, 0x04, 0x01, 0x00, 0x01, 0x04,
    0x01, 0x03, 0x02, 0x04, 0x01, 0x03, 0x01, 0x04, 0x01, 0x03, 0x01, 0x04, 0x01, 0x00, 0x01, 0x04,
    0x01, 0x03, 0x02, 0x04, 0x01, 0x03, 0x01, 0x04, 0x01, 0x03, 0x01, 0x04, 0x01, 0x00, 0x01, 0x04,
    0x01, 0x03, 0x03, 0x04, 0x01, 0x03, 0x01, 0x04, 0x01, 0x01, 0x01, 0x04, 0x01, 0x03, 0x01, 0x04,
    0x01, 0x03, 0x02, 0x04, 0x01, 0x03, 0x01, 0x04, 0x01, 0x00, 0x01, 0x04, 0x01, 0x01, 0x01, 0x04,
    0x01, 0x03, 0x02, 0x04, 0x01, 0x03, 0x01, 0x04, 0x01, 0x01, 0x01, 0x04, 0x01, 0x00, 0x01, 0x04,
    0x01, 0x03, 0x02, 0x04, 0x01, 0x03, 0x01, 0x04, 0x01, 0x03, 0x01, 0x04, 0x01, 0x01, 0x01, 0x04,
    0x01, 0x03, 0x02, 0x04, 0x01, 0x03, 0x01, 0x04, 0x01, 0x01, 0x01, 0x04, 0x01, 0x01, 0x01, 0x04,
    0x01, 0x03, 0x01, 0x04, 0x02, 0x03, 0x01, 0x04, 0x01, 0x03, 0x01, 0x04, 0x01, 0x00, 0x01, 0x04,
    0x01, 0x03, 0x01, 0x04, 0x02, 0x03, 0x01, 0x04, 0x01, 0x03, 0x01, 0x04, 0x01, 0x01, 0x01, 0x04,
    0x01, 0x03, 0x02, 0x04, 0x03, 0x03, 0x01, 0x01, 0x01, 0x04, 0x07, 0x03, 0x01, 0x01, 0x01, 0x04,
    0x07, 0x03, 0x01, 0x02, 0x01, 0x03, 0x01, 0x01, 0x07, 0x03, 0x01, 0x04, 0x01, 0x02, 0x07, 0x03,
    0x01, 0x04, 0x01, 0x02, 0x08, 0x03, 0x01, 0x01, 0x07, 0x03, 0x01, 0x04, 0x01, 0x01, 0x04, 0x03,
    0x01, 0x04, 0x01, 0x03, 0x01, 0x04, 0x01, 0x00, 0x01, 0x04, 0x01, 0x01, 0x01, 0x04, 0x01, 0x03,
    0x02, 0x04, 0x01, 0x03, 0x01, 0x04, 0x01, 0x00, 0x01, 0x04, 0x01, 0x01, 0x01, 0x04, 0x01, 0x03,
    0x02, 0x04, 0x01, 0x03, 0x01, 0x04, 0x01, 0x00, 0x01, 0x04, 0x01, 0x00, 0x01, 0x04, 0x01, 0x03,
    0x02, 0x04, 0x01, 0x03, 0x01, 0x04, 0x01, 0x01, 0x01, 0x04, 0x01, 0x00, 0x01, 0x04, 0x01, 0x03,
    0x04, 0x04, 0x01, 0x00, 0x01, 0x04, 0x01, 0x00, 0x01, 0x04, 0x01, 0x03, 0x04, 0x04, 0x01, 0x03,
    0x01, 0x04, 0x01, 0x00, 0x01, 0x04, 0x01, 0x03, 0x04, 0x04, 0x01, 0x03, 0x01, 0x04, 0x01, 0x00,
    0x01, 0x04, 0x01, 0x01, 0x02, 0x04, 0x01, 0x01, 0x01, 0x03, 0x01, 0x01, 0x01, 0x03, 0x01, 0x01,
    0x01, 0x03, 0x01, 0x02, 0x01, 0x03, 0x02, 0x01, 0x01, 0x03, 0x01, 0x01, 0x01, 0x03, 0x01, 0x01,
    0x01, 0x03, 0x01, 0x01, 0x01, 0x03, 0x02, 0x01, 0x01, 0x03, 0x01, 0x01, 0x01, 0x03, 0x01, 0x01,
    0x01, 0x03, 0x01, 0x01, 0x01, 0x03, 0x02, 0x01, 0x01, 0x03, 0x01, 0x01, 0x01, 0x03, 0x01, 0x01,
    0x01, 0x03, 0x01, 0x01, 0x01, 0x03, 0x02, 0x01, 0x01, 0x03, 0x01, 0x01, 0x01, 0x03, 0x01, 0x01,
    0x01, 0x03, 0x01, 0x02, 0x04, 0x03, 0x01, 0x01, 0x01, 0x03, 0x01, 0x01, 0x01, 0x03, 0x01, 0x01,
    0x01, 0x03, 0x01, 0x01, 0x02, 0x03, 0x01, 0x01, 0x01, 0x03, 0x01, 0x01, 0x01, 0x03, 0x01, 0x01,
    0x01, 0x03, 0x01, 0x02, 0x01, 0x03, 0x01, 0x04, 0x01, 0x03, 0x01, 0x04, 0x01, 0x00, 0x01, 0x04,
    0x01, 0x01, 0x04, 0x04, 0x01, 0x03, 0x01, 0x04, 0x01, 0x00, 0x01, 0x04, 0x01, 0x01, 0x01, 0x04,
    0x01, 0x03, 0x04, 0x04, 0x01, 0x00, 0x01, 0x04, 0x01, 0x00, 0x01, 0x04, 0x01, 0x03, 0x02, 0x04,
    0x01, 0x03, 0x01, 0x04, 0x01, 0x02, 0x01, 0x04, 0x01, 0x00, 0x01, 0x04, 0x01, 0x03, 0x04, 0x04,
    0x01, 0x00, 0x01, 0x04, 0x01, 0x00, 0x01, 0x04, 0x01, 0x03, 0x04, 0x04, 0x01, 0x03, 0x01, 0x04,
    0x01, 0x00, 0x01, 0x04, 0x01, 0x03, 0x04, 0x04, 0x01, 0x03, 0x01, 0x04, 0x01, 0x00, 0x01, 0x04,
    0x01, 0x01, 0x02, 0x04, 0x01, 0x00, 0x01, 0x03, 0x01, 0x00, 0x01, 0x03, 0x01, 0x00, 0x01, 0x03,
    0x01, 0x00, 0x01, 0x01, 0x02, 0x00, 0x01, 0x03, 0x01, 0x00, 0x01, 0x03, 0x01, 0x00, 0x01, 0x03,
    0x01, 0x00, 0x01, 0x01, 0x02, 0x00, 0x01, 0x01, 0x01, 0x00, 0x01, 0x03, 0x01, 0x00, 0x01, 0x03,
    0x01, 0x00, 0x01, 0x01, 0x02, 0x00, 0x01, 0x01, 0x01, 0x00, 0x01, 0x03, 0x01, 0x00, 0x01, 0x03,
    0x01, 0x00, 0x01, 0x03, 0x02, 0x00, 0x01, 0x01, 0x01, 0x00, 0x01, 0x03, 0x01, 0x00, 0x01, 0x03,
    0x01, 0x00, 0x01, 0x03, 0x02, 0x00, 0x01, 0x01, 0x01, 0x00, 0x01, 0x03, 0x01, 0x00, 0x01, 0x03,
    0x01, 0x00, 0x01, 0x03, 0x02, 0x00, 0x01, 0x01, 0x01, 0x00, 0x01, 0x03, 0x01, 0x00, 0x01, 0x03,
    0x01, 0x00, 0x01, 0x03, 0x02, 0x00, 0x01, 0x04, 0x01, 0x03, 0x01, 0x04, 0x01, 0x00, 0x01, 0x04,
    0x01, 0x01, 0x01, 0x04, 0x01, 0x03, 0x02, 0x04, 0x01, 0x03, 0x01, 0x04, 0x01, 0x00, 0x01, 0x04,
    0x01, 0x01, 0x01, 0x04, 0x01, 0x03, 0x02, 0x04, 0x01, 0x03, 0x01, 0x04, 0x01, 0x00, 0x01, 0x04,
    0x01, 0x00, 0x01, 0x04, 0x01, 0x03, 0x02, 0x04, 0x01, 0x03, 0x01, 0x04, 0x01, 0x01, 0x01, 0x04,
    0x01, 0x00, 0x01, 0x04, 0x01, 0x03, 0x04, 0x04, 0x01, 0x00, 0x01, 0x04, 0x01, 0x00, 0x01, 0x04,
    0x01, 0x03, 0x04, 0x04, 0x01, 0x03, 0x01, 0x04, 0x01, 0x00, 0x01, 0x04, 0x01, 0x03, 0x04, 0x04,
    0x01, 0x03, 0x01, 0x04, 0x01, 0x00, 0x01, 0x04, 0x01, 0x03, 0x02, 0x04, 0x32, 0x03, 0x01, 0x01,
    0x0D, 0x03, 0x01, 0x04, 0x01, 0x03, 0x01, 0x04, 0x01, 0x00, 0x01, 0x04, 0x01, 0x01, 0x01, 0x04,
    0x01, 0x03, 0x02, 0x04, 0x01, 0x03, 0x01, 0x04, 0x01, 0x00, 0x01, 0x04, 0x01, 0x01, 0x01, 0x04,
    0x01, 0x03, 0x02, 0x04, 0x01, 0x03, 0x01, 0x04, 0x01, 0x00, 0x01, 0x04, 0x01, 0x00, 0x01, 0x04,
    0x01, 0x03, 0x02, 0x04, 0x01, 0x03, 0x01, 0x04, 0x01, 0x00, 0x01, 0x04, 0x01, 0x00, 0x01, 0x04,
    0x01, 0x03, 0x02, 0x04, 0x01, 0x03, 0x01, 0x04, 0x01, 0x01, 0x01, 0x04, 0x01, 0x00, 0x01, 0x04,
    0x01, 0x03, 0x04, 0x04, 0x01, 0x01, 0x01, 0x04, 0x01, 0x00, 0x01, 0x04, 0x01, 0x03, 0x04, 0x04,
    0x01, 0x03, 0x01, 0x04, 0x01, 0x00, 0x01, 0x04, 0x01, 0x01, 0x03, 0x04, 0x01, 0x03, 0x01, 0x04,
    0x01, 0x00, 0x01, 0x04, 0x01, 0x01, 0x01, 0x04, 0x01, 0x03, 0x02, 0x04, 0x01, 0x03, 0x01, 0x04,
    0x01, 0x00, 0x01, 0x04, 0x01, 0x01, 0x01, 0x04, 0x01, 0x03, 0x02, 0x04, 0x01, 0x03, 0x01, 0x04,
    0x01, 0x02, 0x01, 0x04, 0x01, 0x01, 0x01, 0x04, 0x01, 0x03, 0x02, 0x04, 0x01, 0x03, 0x01, 0x04,
    0x01, 0x01, 0x01, 0x04, 0x01, 0x01, 0x01, 0x04, 0x01, 0x03, 0x02, 0x04, 0x01, 0x03, 0x01, 0x04,
    0x01, 0x01, 0x01, 0x04, 0x01, 0x00, 0x01, 0x04, 0x01, 0x03, 0x01, 0x04, 0x02, 0x03, 0x01, 0x04,
    0x01, 0x01, 0x01, 0x04, 0x01, 0x00, 0x01, 0x04, 0x01, 0x03, 0x02, 0x04, 0x01, 0x03, 0x01, 0x04,
    0x01, 0x03, 0x01, 0x04, 0x01, 0x00, 0x01, 0x04, 0x01, 0x01, 0x02, 0x04, 0x02, 0x03, 0x01, 0x04,
    0x01, 0x01, 0x01, 0x04, 0x01, 0x03, 0x01, 0x04, 0x04, 0x03, 0x01, 0x04, 0x01, 0x01, 0x01, 0x04,
    0x01, 0x03, 0x01, 0x04, 0x04, 0x03, 0x01, 0x04, 0x01, 0x01, 0x01, 0x04, 0x01, 0x01, 0x05, 0x03,
    0x01, 0x04, 0x01, 0x03, 0x01, 0x04, 0x01, 0x01, 0x01, 0x04, 0x05, 0x03, 0x01, 0x01, 0x01, 0x04,
    0x01, 0x01, 0x01, 0x04, 0x06, 0x03, 0x01, 0x04, 0x01, 0x01, 0x01, 0x04, 0x06, 0x03, 0x01, 0x04,
    0x01, 0x01, 0x01, 0x04, 0x03, 0x03, 0x01, 0x04, 0x01, 0x03, 0x01, 0x04, 0x01, 0x00, 0x01, 0x04,
    0x01, 0x01, 0x01, 0x04, 0x01, 0x03, 0x02, 0x04, 0x01, 0x03, 0x01, 0x04, 0x01, 0x00, 0x01, 0x04,
    0x01, 0x01, 0x01, 0x04, 0x01, 0x03, 0x02, 0x04, 0x01, 0x03, 0x01, 0x04, 0x01, 0x00, 0x01, 0x04,
    0x01, 0x00, 0x01, 0x04, 0x01, 0x03, 0x02, 0x04, 0x01, 0x03, 0x01, 0x04, 0x01, 0x01, 0x01, 0x04,
    0x01, 0x00, 0x01, 0x04, 0x01, 0x03, 0x02, 0x04, 0x01, 0x03, 0x01, 0x04, 0x01, 0x00, 0x01, 0x04,
    0x01, 0x00, 0x01, 0x04, 0x01, 0x03, 0x04, 0x04, 0x01, 0x03, 0x01, 0x04, 0x01, 0x00, 0x01, 0x04,
    0x01, 0x03, 0x04, 0x04, 0x01, 0x03, 0x01, 0x04, 0x01, 0x00, 0x01, 0x04, 0x01, 0x01, 0x02, 0x04,
    0x01, 0x01, 0x01, 0x03, 0x01, 0x01, 0x01, 0x03, 0x01, 0x00, 0x01, 0x03, 0x01, 0x01, 0x01, 0x03,
    0x02, 0x01, 0x01, 0x03, 0x01, 0x01, 0x01, 0x03, 0x01, 0x01, 0x01, 0x03, 0x01, 0x00, 0x01, 0x03,
    0x02, 0x01, 0x01, 0x03, 0x01, 0x01, 0x01, 0x03, 0x01, 0x02, 0x01, 0x03, 0x01, 0x01, 0x01, 0x03,
    0x02, 0x01, 0x01, 0x03, 0x01, 0x01, 0x01, 0x03, 0x01, 0x01, 0x01, 0x03, 0x01, 0x01, 0x01, 0x03,
    0x02, 0x01, 0x01, 0x03, 0x01, 0x01, 0x01, 0x03, 0x01, 0x00, 0x01, 0x03, 0x01, 0x00, 0x01, 0x03,
    0x02, 0x01, 0x01, 0x03, 0x01, 0x01, 0x01, 0x03, 0x01, 0x01, 0x01, 0x03, 0x01, 0x01, 0x01, 0x03,
    0x02, 0x01, 0x01, 0x02, 0x01, 0x01, 0x01, 0x03, 0x01, 0x00, 0x01, 0x03, 0x01, 0x00, 0x01, 0x03,
    0x02, 0x01, 0x01, 0x04, 0x01, 0x03, 0x01, 0x04, 0x01, 0x00, 0x01, 0x04, 0x01, 0x01, 0x04, 0x04,
    0x01, 0x03, 0x01, 0x04, 0x01, 0x00, 0x01, 0x04, 0x01, 0x00, 0x04, 0x04, 0x01, 0x03, 0x01, 0x04,
    0x01, 0x00, 0x01, 0x04, 0x01, 0x00, 0x01, 0x04, 0x01, 0x03, 0x04, 0x04, 0x01, 0x00, 0x01, 0x04,
    0x01, 0x00, 0x01, 0x04, 0x01, 0x03, 0x04, 0x04, 0x01, 0x00, 0x01, 0x04, 0x01, 0x00, 0x01, 0x04,
    0x01, 0x03, 0x04, 0x04, 0x01, 0x01, 0x01, 0x04, 0x01, 0x00, 0x01, 0x04, 0x01, 0x03, 0x04, 0x04,
    0x01, 0x03, 0x01, 0x04, 0x01, 0x00, 0x01, 0x04, 0x01, 0x00, 0x02, 0x04, 0xFF, 0x03, 0xFF, 0x03,
    0xFF, 0x03, 0xFF, 0x03, 0xFF, 0x03, 0x11, 0x03, 0x01, 0x01, 0x1C, 0x00, 0x01, 0x01, 0x21, 0x03,
    0x01, 0x01, 0x02, 0x03, 0x1B, 0x04, 0x01, 0x03, 0x01, 0x01, 0x20, 0x03, 0x01, 0x00, 0x01, 0x04,
    0x1C, 0x06, 0x01, 0x04, 0x01, 0x00, 0x20, 0x03, 0x01, 0x00, 0x01, 0x04, 0x1C, 0x06, 0x01, 0x04,
    0x01, 0x00, 0x1A, 0x03, 0x07, 0x00, 0x01, 0x04, 0x1C, 0x06, 0x01, 0x04, 0x01, 0x00, 0x19, 0x03,
    0x01, 0x00, 0x07, 0x04, 0x01, 0x05, 0x1C, 0x06, 0x01, 0x04, 0x01, 0x00, 0x19, 0x03, 0x01, 0x00,
    0x01, 0x05, 0x23, 0x06, 0x01, 0x04, 0x01, 0x00, 0x19, 0x03, 0x01, 0x00, 0x01, 0x05, 0x23, 0x06,
    0x01, 0x04, 0x01, 0x00, 0x19, 0x03, 0x01, 0x00, 0x01, 0x05, 0x23, 0x06, 0x01, 0x04, 0x01, 0x00,
    0x19, 0x03, 0x01, 0x00, 0x01, 0x05, 0x1C, 0x06, 0x02, 0x04, 0x01, 0x02, 0x01, 0x04, 0x03, 0x06,
    0x01, 0x04, 0x01, 0x00, 0x19, 0x03, 0x01, 0x00, 0x01, 0x05, 0x0B, 0x06, 0x04, 0x05, 0x0D, 0x06,
    0x01, 0x02, 0x02, 0x00, 0x01, 0x04, 0x03, 0x06, 0x01, 0x04, 0x01, 0x00, 0x19, 0x03, 0x01, 0x00,
    0x01, 0x05, 0x0A, 0x06, 0x01, 0x04, 0x04, 0x00, 0x01, 0x04, 0x0C, 0x06, 0x01, 0x02, 0x02, 0x00,
    0x01, 0x04, 0x03, 0x06, 0x01, 0x04, 0x05, 0x00, 0x15, 0x03, 0x01, 0x00, 0x01, 0x04, 0x07, 0x05,
    0x03, 0x06, 0x05, 0x04, 0x01, 0x05, 0x0C, 0x06, 0x04, 0x04, 0x03, 0x06, 0x01, 0x05, 0x05, 0x04,
    0x01, 0x00, 0x15, 0x03, 0x07, 0x00, 0x01, 0x04, 0x21, 0x06, 0x01, 0x05, 0x01, 0x00, 0x1B, 0x03,
    0x01, 0x00, 0x01, 0x04, 0x21, 0x06, 0x01, 0x05, 0x01, 0x00, 0x1B, 0x03, 0x01, 0x00, 0x01, 0x04,
    0x21, 0x06, 0x01, 0x05, 0x01, 0x00, 0x1B, 0x03, 0x01, 0x00, 0x01, 0x04, 0x21, 0x06, 0x01, 0x05,
    0x01, 0x00, 0x1B, 0x03, 0x01, 0x00, 0x01, 0x04, 0x21, 0x06, 0x01, 0x05, 0x01, 0x00, 0x1B, 0x03,
    0x01, 0x00, 0x01, 0x04, 0x1F, 0x06, 0x01, 0x05, 0x02, 0x04, 0x01, 0x01, 0x1B, 0x03, 0x01, 0x00,
    0x01, 0x04, 0x1D, 0x06, 0x03, 0x05, 0x02, 0x00, 0x1C, 0x03, 0x01, 0x00, 0x01, 0x04, 0x1C, 0x06,
    0x01, 0x04, 0x03, 0x02, 0x1E, 0x03, 0x01, 0x00, 0x01, 0x04, 0x1C, 0x06, 0x01, 0x04, 0x01, 0x00,
    0x02, 0x01, 0x1E, 0x03, 0x01, 0x00, 0x01, 0x04, 0x1C, 0x06, 0x01, 0x04, 0x01, 0x00, 0x20, 0x03,
    0x01, 0x00, 0x01, 0x04, 0x03, 0x06, 0x04, 0x05, 0x03, 0x06, 0x08, 0x05, 0x03, 0x06, 0x04, 0x05,
    0x03, 0x06, 0x01, 0x04, 0x01, 0x00, 0x20, 0x03, 0x01, 0x00, 0x01, 0x04, 0x03, 0x06, 0x01, 0x04,
    0x02, 0x00, 0x01, 0x04, 0x03, 0x06, 0x01, 0x04, 0x06, 0x00, 0x01, 0x05, 0x03, 0x06, 0x01, 0x04,
    0x02, 0x00, 0x01, 0x04, 0x03, 0x06, 0x01, 0x04, 0x01, 0x00, 0x20, 0x03, 0x01, 0x00, 0x01, 0x04,
    0x03, 0x06, 0x01, 0x04, 0x02, 0x00, 0x01, 0x04, 0x03, 0x06, 0x01, 0x04, 0x01, 0x00, 0x04, 0x03,
    0x01, 0x00, 0x01, 0x05, 0x03, 0x06, 0x01, 0x04, 0x01, 0x01, 0x01, 0x00, 0x01, 0x04, 0x03, 0x06,
    0x01, 0x04, 0x01, 0x00, 0x20, 0x03, 0x01, 0x00, 0x01, 0x04, 0x03, 0x06, 0x01, 0x04, 0x02, 0x00,
    0x01, 0x04, 0x03, 0x06, 0x01, 0x04, 0x01, 0x00, 0x04, 0x03, 0x01, 0x00, 0x01, 0x05, 0x03, 0x06,
    0x01, 0x04, 0x02, 0x00, 0x01, 0x04, 0x03, 0x06, 0x01, 0x04, 0x01, 0x00, 0x20, 0x03, 0x01, 0x00,
    0x01, 0x04, 0x03, 0x06, 0x01, 0x04, 0x02, 0x00, 0x01, 0x04, 0x03, 0x06, 0x01, 0x04, 0x01, 0x00,
    0x04, 0x03, 0x01, 0x00, 0x01, 0x05, 0x03, 0x06, 0x01, 0x04, 0x01, 0x01, 0x01, 0x00, 0x01, 0x04,
    0x03, 0x06, 0x01, 0x04, 0x01, 0x00, 0x15, 0x03, 0x01, 0x00, 0x01, 0x03, 0x01, 0x00, 0x01, 0x03,
    0x01, 0x00, 0x01, 0x03, 0x01, 0x00, 0x01, 0x01, 0x02, 0x00, 0x01, 0x03, 0x01, 0x00, 0x01, 0x04,
    0x03, 0x05, 0x01, 0x04, 0x02, 0x00, 0x01, 0x04, 0x03, 0x05, 0x01, 0x04, 0x01, 0x00, 0x01, 0x03,
    0x02, 0x00, 0x01, 0x03, 0x01, 0x00, 0x01, 0x04, 0x03, 0x05, 0x01, 0x04, 0x02, 0x00, 0x01, 0x04,
    0x03, 0x05, 0x01, 0x04, 0x01, 0x00, 0x01, 0x03, 0x01, 0x00, 0x02, 0x01, 0x01, 0x00, 0x01, 0x03,
    0x01, 0x00, 0x01, 0x03, 0x01, 0x00, 0x01, 0x03, 0x02, 0x00, 0x01, 0x01, 0x01, 0x00, 0x01, 0x03,
    0x01, 0x00, 0x01, 0x03, 0x01, 0x00, 0x01, 0x03, 0x02, 0x00, 0x01, 0x04, 0x01, 0x03, 0x01, 0x04,
    0x01, 0x00, 0x01, 0x04, 0x01, 0x01, 0x01, 0x04, 0x01, 0x03, 0x02, 0x04, 0x01, 0x03, 0x01, 0x04,
    0x01, 0x00, 0x01, 0x04, 0x01, 0x02, 0x01, 0x04, 0x01, 0x03, 0x02, 0x04, 0x01, 0x03, 0x01, 0x04,
    0x01, 0x02, 0x01, 0x04, 0x01, 0x02, 0x01, 0x04, 0x01, 0x03, 0x02, 0x04, 0x01, 0x03, 0x01, 0x04,
    0x01, 0x00, 0x01, 0x04, 0x01, 0x00, 0x01, 0x04, 0x01, 0x03, 0x02, 0x04, 0x01, 0x03, 0x01, 0x04,
    0x01, 0x02, 0x01, 0x04, 0x01, 0x00, 0x01, 0x04, 0x01, 0x03, 0x02, 0x04, 0x01, 0x03, 0x01, 0x04,
    0x01, 0x03, 0x01, 0x04, 0x01, 0x00, 0x01, 0x04, 0x01, 0x03, 0x04, 0x04, 0x01, 0x03, 0x01, 0x04,
    0x01, 0x00, 0x01, 0x04, 0x01, 0x03, 0x03, 0x04, 0x01, 0x03, 0x01, 0x04, 0x01, 0x01, 0x01, 0x04,
    0x01, 0x03, 0x01, 0x04, 0x01, 0x03, 0x02, 0x04, 0x01, 0x03, 0x01, 0x04, 0x01, 0x00, 0x01, 0x04,
    0x01, 0x01, 0x01, 0x04, 0x01, 0x03, 0x02, 0x04, 0x01, 0x03, 0x01, 0x04, 0x01, 0x01, 0x01, 0x04,
    0x01, 0x00, 0x01, 0x04, 0x01, 0x03, 0x02, 0x04, 0x01, 0x03, 0x01, 0x04, 0x01, 0x03, 0x01, 0x04,
    0x01, 0x01, 0x01, 0x04, 0x01, 0x03, 0x02, 0x04, 0x01, 0x03, 0x01, 0x04, 0x01, 0x01, 0x01, 0x04,
    0x01, 0x01, 0x01, 0x04, 0x01, 0x03, 0x01, 0x04, 0x02, 0x03, 0x01, 0x04, 0x01, 0x03, 0x01, 0x04,
    0x01, 0x00, 0x01, 0x04, 0x01, 0x03, 0x01, 0x04, 0x02, 0x03, 0x01, 0x04, 0x01, 0x03, 0x01, 0x04,
    0x01, 0x01, 0x01, 0x04, 0x01, 0x03, 0x02, 0x04, 0x03, 0x03, 0x01, 0x01, 0x01, 0x04, 0x07, 0x03,
    0x01, 0x01, 0x01, 0x04, 0x07, 0x03, 0x01, 0x02, 0x01, 0x03, 0x01, 0x01, 0x07, 0x03, 0x01, 0x04,
    0x01, 0x02, 0x07, 0x03, 0x01, 0x04, 0x01, 0x02, 0x08, 0x03, 0x01, 0x01, 0x07, 0x03, 0x01, 0x04,
    0x01, 0x01, 0x04, 0x03, 0x01, 0x04, 0x01, 0x03, 0x01, 0x04, 0x01, 0x00, 0x01, 0x04, 0x01, 0x01,
    0x01, 0x04, 0x01, 0x03, 0x02, 0x04, 0x01, 0x03, 0x01, 0x04, 0x01, 0x00, 0x01, 0x04, 0x01, 0x01,
    0x01, 0x04, 0x01, 0x03, 0x02, 0x04, 0x01, 0x03, 0x01, 0x04, 0x01, 0x00, 0x01, 0x04, 0x01, 0x00,
    0x01, 0x04, 0x01, 0x03, 0x02, 0x04, 0x01, 0x03, 0x01, 0x04, 0x01, 0x01, 0x01, 0x04, 0x01, 0x00,
    0x01, 0x04, 0x01, 0x03, 0x04, 0x04, 0x01, 0x00, 0x01, 0x04, 0x01, 0x00, 0x01, 0x04, 0x01, 0x03,
    0x04, 0x04, 0x01, 0x03, 0x01, 0x04, 0x01, 0x00, 0x01, 0x04, 0x01, 0x03, 0x04, 0x04, 0x01, 0x03,
    0x01, 0x04, 0x01, 0x00, 0x01, 0x04, 0x01, 0x01, 0x02, 0x04, 0x01, 0x01, 0x01, 0x03, 0x01, 0x01,
    0x01, 0x03, 0x01, 0x01, 0x01, 0x03, 0x01, 0x01, 0x01, 0x03, 0x02, 0x01, 0x01, 0x03, 0x01, 0x01,
    0x01, 0x03, 0x01, 0x01, 0x01, 0x03, 0x01, 0x01, 0x01, 0x03, 0x02, 0x01, 0x01, 0x03, 0x01, 0x01,
    0x01, 0x03, 0x01, 0x01, 0x01, 0x03, 0x01, 0x01, 0x01, 0x03, 0x02, 0x01, 0x01, 0x03, 0x01, 0x01,
    0x01, 0x03, 0x01, 0x01, 0x01, 0x03, 0x01, 0x01, 0x01, 0x03, 0x02, 0x01, 0x01, 0x03, 0x01, 0x01,
    0x01, 0x03, 0x01, 0x01, 0x01, 0x03, 0x01, 0x02, 0x04, 0x03, 0x01, 0x01, 0x01, 0x03, 0x01, 0x01,
    0x01, 0x03, 0x01, 0x01, 0x01, 0x03, 0x01, 0x01, 0x02, 0x03, 0x01, 0x01, 0x01, 0x03, 0x01, 0x01,
    0x01, 0x03, 0x01, 0x01, 0x03, 0x03, 0x01, 0x04, 0x01, 0x03, 0x01, 0x04, 0x01, 0x00, 0x01, 0x04,
    0x01, 0x01, 0x04, 0x04, 0x01, 0x03, 0x01, 0x04, 0x01, 0x00, 0x01, 0x04, 0x01, 0x01, 0x01, 0x04,
    0x01, 0x03, 0x04, 0x04, 0x01, 0x00, 0x01, 0x04, 0x01, 0x00, 0x01, 0x04, 0x01, 0x03, 0x02, 0x04,
    0x01, 0x03, 0x01, 0x04, 0x01, 0x02, 0x01, 0x04, 0x01, 0x00, 0x01, 0x04, 0x01, 0x03, 0x04, 0x04,
    0x01, 0x00, 0x01, 0x04, 0x01, 0x00, 0x01, 0x04, 0x01, 0x03, 0x04, 0x04, 0x01, 0x03, 0x01, 0x04,
    0x01, 0x00, 0x01, 0x04, 0x01, 0x03, 0x04, 0x04, 0x01, 0x03, 0x01, 0x04, 0x01, 0x00, 0x01, 0x04,
    0x01, 0x01, 0x02, 0x04, 0x01, 0x00, 0x01, 0x03, 0x01, 0x00, 0x01, 0x03, 0x01, 0x00, 0x01, 0x03,
    0x01, 0x00, 0x01, 0x01, 0x02, 0x00, 0x01, 0x03, 0x01, 0x00, 0x01, 0x03, 0x01, 0x00, 0x01, 0x03,
    0x01, 0x00, 0x01, 0x01, 0x02, 0x00, 0x01, 0x01, 0x01, 0x00, 0x01, 0x03, 0x01, 0x00, 0x01, 0x03,
    0x01, 0x00, 0x01, 0x01, 0x02, 0x00, 0x01, 0x01, 0x01, 0x00, 0x01, 0x03, 0x01, 0x00, 0x01, 0x03,
    0x01, 0x00, 0x01, 0x03, 0x02, 0x00, 0x01, 0x01, 0x01, 0x00, 0x01, 0x03, 0x01, 0x00, 0x01, 0x03,
    0x01, 0x00, 0x01, 0x03, 0x02, 0x00, 0x01, 0x01, 0x01, 0x00, 0x01, 0x03, 0x01, 0x00, 0x01, 0x03,
    0x01, 0x00, 0x01, 0x03, 0x02, 0x00, 0x01, 0x01, 0x01, 0x00, 0x01, 0x03, 0x01, 0x00, 0x01, 0x03,
    0x01, 0x00, 0x01, 0x03, 0x02, 0x00, 0x01, 0x04, 0x01, 0x03, 0x01, 0x04, 0x01, 0x00, 0x01, 0x04,
    0x01, 0x01, 0x01, 0x04, 0x01, 0x03, 0x02, 0x04, 0x01, 0x03, 0x01, 0x04, 0x01, 0x00, 0x01, 0x04,
    0x01, 0x01, 0x01, 0x04, 0x01, 0x03, 0x02, 0x04, 0x01, 0x03, 0x01, 0x04, 0x01, 0x00, 0x01, 0x04,
    0x01, 0x00, 0x01, 0x04, 0x01, 0x03, 0x02, 0x04, 0x01, 0x03, 0x01, 0x04, 0x01, 0x01, 0x01, 0x04,
    0x01, 0x00, 0x01, 0x04, 0x01, 0x03, 0x04, 0x04, 0x01, 0x00, 0x01, 0x04, 0x01, 0x00, 0x01, 0x04,
    0x01, 0x03, 0x04, 0x04, 0x01, 0x03, 0x01, 0x04, 0x01, 0x00, 0x01, 0x04, 0x01, 0x03, 0x04, 0x04,
    0x01, 0x03, 0x01, 0x04, 0x01, 0x00, 0x01, 0x04, 0x01, 0x03, 0x02, 0x04, 0x32, 0x03, 0x01, 0x01,
    0x0D, 0x03, 0x01, 0x04, 0x01, 0x03, 0x01, 0x04, 0x01, 0x00, 0x01, 0x04, 0x01, 0x01, 0x01, 0x04,
    0x01, 0x03, 0x02, 0x04, 0x01, 0x03, 0x01, 0x04, 0x01, 0x00, 0x01, 0x04, 0x01, 0x01, 0x01, 0x04,
    0x01, 0x03, 0x02, 0x04, 0x01, 0x03, 0x01, 0x04, 0x01, 0x00, 0x01, 0x04, 0x01, 0x00, 0x01, 0x04,
    0x01, 0x03, 0x02, 0x04, 0x01, 0x03, 0x01, 0x04, 0x01, 0x02, 0x01, 0x04, 0x01, 0x00, 0x01, 0x04,
    0x01, 0x03, 0x02, 0x04, 0x01, 0x03, 0x01, 0x04, 0x01, 0x01, 0x01, 0x04, 0x01, 0x00, 0x01, 0x04,
    0x01, 0x03, 0x04, 0x04, 0x01, 0x01, 0x01, 0x04, 0x01, 0x00, 0x01, 0x04, 0x01, 0x03, 0x04, 0x04,
    0x01, 0x03, 0x01, 0x04, 0x01, 0x00, 0x01, 0x04, 0x01, 0x01, 0x03, 0x04, 0x01, 0x03, 0x01, 0x04,
    0x01, 0x00, 0x01, 0x04, 0x01, 0x01, 0x01, 0x04, 0x01, 0x03, 0x02, 0x04, 0x01, 0x03, 0x01, 0x04,
    0x01, 0x00, 0x01, 0x04, 0x01, 0x01, 0x01, 0x04, 0x01, 0x03, 0x02, 0x04, 0x01, 0x03, 0x01, 0x04,
    0x01, 0x02, 0x01, 0x04, 0x01, 0x01, 0x01, 0x04, 0x01, 0x03, 0x02, 0x04, 0x01, 0x03, 0x01, 0x04,
    0x01, 0x01, 0x01, 0x04, 0x01, 0x00, 0x01, 0x04, 0x01, 0x03, 0x02, 0x04, 0x01, 0x03, 0x01, 0x04,
    0x01, 0x01, 0x01, 0x04, 0x01, 0x00, 0x01, 0x04, 0x01, 0x03, 0x01, 0x04, 0x02, 0x03, 0x01, 0x04,
    0x01, 0x01, 0x01, 0x04, 0x01, 0x00, 0x01, 0x04, 0x01, 0x03, 0x02, 0x04, 0x01, 0x03, 0x01, 0x04,
    0x01, 0x03, 0x01, 0x04, 0x01, 0x00, 0x01, 0x04, 0x01, 0x01, 0x02, 0x04, 0x02, 0x03, 0x01, 0x04,
    0x01, 0x01, 0x01, 0x04, 0x01, 0x03, 0x01, 0x04, 0x04, 0x03, 0x01, 0x04, 0x01, 0x01, 0x01, 0x04,
    0x01, 0x03, 0x01, 0x04, 0x04, 0x03, 0x01, 0x04, 0x01, 0x01, 0x01, 0x04, 0x01, 0x01, 0x05, 0x03,
    0x01, 0x04, 0x01, 0x03, 0x01, 0x04, 0x01, 0x01, 0x01, 0x04, 0x05, 0x03, 0x01, 0x01, 0x01, 0x04,
    0x01, 0x01, 0x01, 0x04, 0x06, 0x03, 0x01, 0x04, 0x01, 0x01, 0x01, 0x04, 0x06, 0x03, 0x01, 0x04,
    0x01, 0x01, 0x01, 0x04, 0x03, 0x03, 0x01, 0x04, 0x01, 0x03, 0x01, 0x04, 0x01, 0x00, 0x01, 0x04,
    0x01, 0x01, 0x01, 0x04, 0x01, 0x03, 0x02, 0x04, 0x01, 0x03, 0x01, 0x04, 0x01, 0x00, 0x01, 0x04,
    0x01, 0x01, 0x01, 0x04, 0x01, 0x03, 0x02, 0x04, 0x01, 0x03, 0x01, 0x04, 0x01, 0x00, 0x01, 0x04,
    0x01, 0x00, 0x01, 0x04, 0x01, 0x03, 0x02, 0x04, 0x01, 0x03, 0x01, 0x04, 0x01, 0x01, 0x01, 0x04,
    0x01, 0x00, 0x01, 0x04, 0x01, 0x03, 0x02, 0x04, 0x01, 0x03, 0x01, 0x04, 0x01, 0x00, 0x01, 0x04,
    0x01, 0x00, 0x01, 0x04, 0x01, 0x03, 0x04, 0x04, 0x01, 0x03, 0x01, 0x04, 0x01, 0x00, 0x01, 0x04,
    0x01, 0x03, 0x04, 0x04, 0x01, 0x03, 0x01, 0x04, 0x01, 0x00, 0x01, 0x04, 0x01, 0x01, 0x02, 0x04,
    0x01, 0x01, 0x01, 0x03, 0x01, 0x01, 0x01, 0x03, 0x01, 0x00, 0x01, 0x03, 0x01, 0x01, 0x01, 0x03,
    0x02, 0x01, 0x01, 0x03, 0x01, 0x01, 0x01, 0x03, 0x01, 0x01, 0x01, 0x03, 0x01, 0x00, 0x01, 0x03,
    0x02, 0x01, 0x01, 0x03, 0x01, 0x01, 0x01, 0x03, 0x01, 0x02, 0x01, 0x03, 0x01, 0x01, 0x01, 0x03,
    0x02, 0x01, 0x01, 0x03, 0x01, 0x01, 0x01, 0x03, 0x01, 0x01, 0x01, 0x03, 0x01, 0x01, 0x01, 0x03,
    0x02, 0x01, 0x01, 0x03, 0x01, 0x01, 0x01, 0x03, 0x01, 0x00, 0x01, 0x03, 0x01, 0x00, 0x01, 0x03,
    0x02, 0x01, 0x01, 0x03, 0x01, 0x01, 0x01, 0x03, 0x01, 0x01, 0x01, 0x03, 0x01, 0x01, 0x01, 0x03,
    0x02, 0x01, 0x01, 0x02, 0x01, 0x01, 0x01, 0x03, 0x01, 0x00, 0x01, 0x03, 0x01, 0x00, 0x01, 0x03,
    0x02, 0x01, 0x01, 0x04, 0x01, 0x03, 0x01, 0x04, 0x01, 0x00, 0x01, 0x04, 0x01, 0x01, 0x04, 0x04,
    0x01, 0x03, 0x01, 0x04, 0x01, 0x00, 0x01, 0x04, 0x01, 0x00, 0x04, 0x04, 0x01, 0x03, 0x01, 0x04,
    0x01, 0x00, 0x01, 0x04, 0x01, 0x00, 0x01, 0x04, 0x01, 0x03, 0x04, 0x04, 0x01, 0x00, 0x01, 0x04,
    0x01, 0x00, 0x01, 0x04, 0x01, 0x03, 0x04, 0x04, 0x01, 0x00, 0x01, 0x04, 0x01, 0x00, 0x01, 0x04,
    0x01, 0x03, 0x04, 0x04, 0x01, 0x01, 0x01, 0x04, 0x01, 0x00, 0x01, 0x04, 0x01, 0x03, 0x04, 0x04,
    0x01, 0x03, 0x01, 0x04, 0x01, 0x00, 0x01, 0x04, 0x01, 0x00, 0x02, 0x04, 0xFF, 0x02, 0xFF, 0x02,
    0xFF, 0x02, 0xFF, 0x02, 0xFF, 0x02, 0x11, 0x02, 0x01, 0x01, 0x1C, 0x00, 0x01, 0x01, 0x21, 0x02,
    0x01, 0x01, 0x02, 0x02, 0x1B, 0x03, 0x01, 0x02, 0x01, 0x01, 0x20, 0x02, 0x01, 0x00, 0x01, 0x03,
    0x1C, 0x05, 0x01, 0x03, 0x01, 0x00, 0x20, 0x02, 0x01, 0x00, 0x01, 0x03, 0x1C, 0x05, 0x01, 0x03,
    0x01, 0x00, 0x1A, 0x02, 0x07, 0x00, 0x01, 0x03, 0x1C, 0x05, 0x01, 0x03, 0x01, 0x00, 0x19, 0x02,
    0x01, 0x00, 0x07, 0x03, 0x01, 0x04, 0x1C, 0x05, 0x01, 0x03, 0x01, 0x00, 0x19, 0x02, 0x01, 0x00,
    0x01, 0x04, 0x23, 0x05, 0x01, 0x03, 0x01, 0x00, 0x19, 0x02, 0x01, 0x00, 0x01, 0x04, 0x23, 0x05,
    0x01, 0x03, 0x01, 0x00, 0x19, 0x02, 0x01, 0x00, 0x01, 0x04, 0x23, 0x05, 0x01, 0x03, 0x01, 0x00,
    0x19, 0x02, 0x01, 0x00, 0x01, 0x04, 0x1C, 0x05, 0x02, 0x03, 0x01, 0x02, 0x01, 0x03, 0x03, 0x05,
    0x01, 0x03, 0x01, 0x00, 0x19, 0x02, 0x01, 0x00, 0x01, 0x04, 0x0B, 0x05, 0x04, 0x04, 0x0D, 0x05,
    0x01, 0x02, 0x02, 0x00, 0x01, 0x03, 0x03, 0x05, 0x01, 0x03, 0x01, 0x00, 0x19, 0x02, 0x01, 0x00,
    0x01, 0x04, 0x0A, 0x05, 0x01, 0x03, 0x04, 0x00, 0x01, 0x03, 0x0C, 0x05, 0x01, 0x02, 0x02, 0x00,
    0x01, 0x03, 0x03, 0x05, 0x01, 0x03, 0x05, 0x00, 0x15, 0x02, 0x01, 0x00, 0x01, 0x03, 0x07, 0x04,
    0x03, 0x05, 0x05, 0x03, 0x01, 0x04, 0x0C, 0x05, 0x04, 0x03, 0x03, 0x05, 0x01, 0x04, 0x05, 0x03,
    0x01, 0x00, 0x15, 0x02, 0x07, 0x00, 0x01, 0x03, 0x21, 0x05, 0x01, 0x04, 0x01, 0x00, 0x1B, 0x02,
    0x01, 0x00, 0x01, 0x03, 0x21, 0x05, 0x01, 0x04, 0x01, 0x00, 0x1B, 0x02, 0x01, 0x00, 0x01, 0x03,
    0x21, 0x05, 0x01, 0x04, 0x01, 0x00, 0x1B, 0x02, 0x01, 0x00, 0x01, 0x03, 0x21, 0x05, 0x01, 0x04,
    0x01, 0x00, 0x1B, 0x02, 0x01, 0x00, 0x01, 0x03, 0x21, 0x05, 0x01, 0x04, 0x01, 0x00, 0x1B, 0x02,
    0x01, 0x00, 0x01, 0x03, 0x1F, 0x05, 0x01, 0x04, 0x02, 0x03, 0x01, 0x01, 0x1B, 0x02, 0x01, 0x00,
    0x01, 0x03, 0x1D, 0x05, 0x03, 0x04, 0x02, 0x00, 0x1C, 0x02, 0x01, 0x00, 0x01, 0x03, 0x1C, 0x05,
    0x01, 0x03, 0x21, 0x02, 0x01, 0x00, 0x01, 0x03, 0x1C, 0x05, 0x01, 0x03, 0x01, 0x00, 0x01, 0x02,
    0x01, 0x01, 0x1E, 0x02, 0x01, 0x00, 0x01, 0x03, 0x1C, 0x05, 0x01, 0x03, 0x01, 0x00, 0x20, 0x02,
    0x01, 0x00, 0x01, 0x03, 0x03, 0x05, 0x04, 0x04, 0x03, 0x05, 0x08, 0x04, 0x03, 0x05, 0x04, 0x04,
    0x03, 0x05, 0x01, 0x03, 0x01, 0x00, 0x20, 0x02, 0x01, 0x00, 0x01, 0x03, 0x03, 0x05, 0x01, 0x03,
    0x02, 0x00, 0x01, 0x03, 0x03, 0x05, 0x01, 0x03, 0x06, 0x00, 0x01, 0x04, 0x03, 0x05, 0x01, 0x03,
    0x02, 0x00, 0x01, 0x03, 0x03, 0x05, 0x01, 0x03, 0x01, 0x00, 0x20, 0x02, 0x01, 0x00, 0x01, 0x03,
    0x03, 0x05, 0x01, 0x03, 0x02, 0x00, 0x01, 0x03, 0x03, 0x05, 0x01, 0x03, 0x01, 0x00, 0x04, 0x02,
    0x01, 0x00, 0x01, 0x04, 0x03, 0x05, 0x01, 0x03, 0x01, 0x01, 0x01, 0x00, 0x01, 0x03, 0x03, 0x05,
    0x01, 0x03, 0x01, 0x00, 0x20, 0x02, 0x01, 0x00, 0x01, 0x03, 0x03, 0x05, 0x01, 0x03, 0x02, 0x00,
    0x01, 0x03, 0x03, 0x05, 0x01, 0x03, 0x01, 0x00, 0x04, 0x02, 0x01, 0x00, 0x01, 0x04, 0x03, 0x05,
    0x01, 0x03, 0x02, 0x00, 0x01, 0x03, 0x03, 0x05, 0x01, 0x03, 0x01, 0x00, 0x20, 0x02, 0x01, 0x00,
    0x01, 0x03, 0x03, 0x05, 0x01, 0x03, 0x02, 0x00, 0x01, 0x03, 0x03, 0x05, 0x01, 0x03, 0x01, 0x00,
    0x04, 0x02, 0x01, 0x00, 0x01, 0x04, 0x03, 0x05, 0x01, 0x03, 0x01, 0x01, 0x01, 0x00, 0x01, 0x03,
    0x03, 0x05, 0x01, 0x03, 0x01, 0x00, 0x15, 0x02, 0x01, 0x00, 0x01, 0x02, 0x01, 0x00, 0x01, 0x02,
    0x01, 0x00, 0x01, 0x02, 0x01, 0x00, 0x01, 0x01, 0x02, 0x00, 0x01, 0x02, 0x01, 0x00, 0x01, 0x03,
    0x03, 0x04, 0x01, 0x03, 0x02, 0x00, 0x01, 0x03, 0x03, 0x04, 0x01, 0x03, 0x01, 0x00, 0x01, 0x02,
    0x02, 0x00, 0x01, 0x02, 0x01, 0x00, 0x01, 0x03, 0x03, 0x04, 0x01, 0x03, 0x02, 0x00, 0x01, 0x03,
    0x03, 0x04, 0x01, 0x03, 0x01, 0x00, 0x01, 0x02, 0x01, 0x00, 0x02, 0x01, 0x01, 0x00, 0x01, 0x02,
    0x01, 0x00, 0x01, 0x02, 0x01, 0x00, 0x01, 0x02, 0x02, 0x00, 0x01, 0x01, 0x01, 0x00, 0x01, 0x02,
    0x01, 0x00, 0x01, 0x02, 0x01, 0x00, 0x01, 0x02, 0x02, 0x00, 0x01, 0x03, 0x01, 0x02, 0x01, 0x03,
    0x01, 0x00, 0x01, 0x03, 0x01, 0x01, 0x01, 0x03, 0x01, 0x02, 0x02, 0x03, 0x01, 0x02, 0x01, 0x03,
    0x01, 0x00, 0x01, 0x03, 0x01, 0x00, 0x01, 0x03, 0x01, 0x02, 0x02, 0x03, 0x01, 0x02, 0x01, 0x03,
    0x01, 0x00, 0x01, 0x03, 0x01, 0x01, 0x01, 0x03, 0x01, 0x02, 0x02, 0x03, 0x01, 0x02, 0x01, 0x03,
    0x01, 0x00, 0x01, 0x03, 0x01, 0x00, 0x01, 0x03, 0x01, 0x02, 0x02, 0x03, 0x01, 0x02, 0x01, 0x03,
    0x01, 0x02, 0x01, 0x03, 0x01, 0x00, 0x01, 0x03, 0x01, 0x02, 0x02, 0x03, 0x01, 0x02, 0x01, 0x03,
    0x01, 0x02, 0x01, 0x03, 0x01, 0x00, 0x01, 0x03, 0x01, 0x02, 0x04, 0x03, 0x01, 0x02, 0x01, 0x03,
    0x01, 0x00, 0x01, 0x03, 0x01, 0x02, 0x03, 0x03, 0x01, 0x02, 0x01, 0x03, 0x01, 0x01, 0x01, 0x03,
    0x01, 0x02, 0x01, 0x03, 0x01, 0x02, 0x02, 0x03, 0x01, 0x02, 0x01, 0x03, 0x01, 0x00, 0x01, 0x03,
    0x01, 0x01, 0x01, 0x03, 0x01, 0x02, 0x02, 0x03, 0x01, 0x02, 0x01, 0x03, 0x01, 0x01, 0x01, 0x03,
    0x01, 0x00, 0x01, 0x03, 0x01, 0x02, 0x02, 0x03, 0x01, 0x02, 0x01, 0x03, 0x01, 0x02, 0x01, 0x03,
    0x01, 0x01, 0x01, 0x03, 0x01, 0x02, 0x02, 0x03, 0x01, 0x02, 0x01, 0x03, 0x01, 0x01, 0x01, 0x03,
    0x01, 0x01, 0x01, 0x03, 0x01, 0x02, 0x01, 0x03, 0x02, 0x02, 0x01, 0x03, 0x01, 0x02, 0x01, 0x03,
    0x01, 0x00, 0x01, 0x03, 0x01, 0x02, 0x01, 0x03, 0x02, 0x02, 0x01, 0x03, 0x01, 0x02, 0x01, 0x03,
    0x01, 0x01, 0x01, 0x03, 0x01, 0x02, 0x02, 0x03, 0x03, 0x02, 0x01, 0x01, 0x01, 0x03, 0x07, 0x02,
    0x01, 0x01, 0x01, 0x03, 0x09, 0x02, 0x01, 0x01, 0x07, 0x02, 0x01, 0x03, 0x08, 0x02, 0x01, 0x03,
    0x09, 0x02, 0x01, 0x01, 0x07, 0x02, 0x01, 0x03, 0x01, 0x01, 0x04, 0x02, 0x01, 0x03, 0x01, 0x02,
    0x01, 0x03, 0x01, 0x00, 0x01, 0x03, 0x01, 0x01, 0x01, 0x03, 0x01, 0x02, 0x02, 0x03, 0x01, 0x02,
    0x01, 0x03, 0x01, 0x00, 0x01, 0x03, 0x01, 0x01, 0x01, 0x03, 0x01, 0x02, 0x02, 0x03, 0x01, 0x02,
    0x01, 0x03, 0x01, 0x00, 0x01, 0x03, 0x01, 0x00, 0x01, 0x03, 0x01, 0x02, 0x02, 0x03, 0x01, 0x02,
    0x01, 0x03, 0x01, 0x01, 0x01, 0x03, 0x01, 0x00, 0x01, 0x03, 0x01, 0x02, 0x04, 0x03, 0x01, 0x00,
    0x01, 0x03, 0x01, 0x00, 0x01, 0x03, 0x01, 0x02, 0x04, 0x03, 0x01, 0x02, 0x01, 0x03, 0x01, 0x00,
    0x01, 0x03, 0x01, 0x02, 0x04, 0x03, 0x01, 0x02, 0x01, 0x03, 0x01, 0x00, 0x01, 0x03, 0x01, 0x01,
    0x02, 0x03, 0x01, 0x01, 0x01, 0x02, 0x01, 0x01, 0x01, 0x02, 0x01, 0x01, 0x01, 0x02, 0x01, 0x01,
    0x01, 0x02, 0x02, 0x01, 0x01, 0x02, 0x01, 0x01, 0x01, 0x02, 0x01, 0x01, 0x01, 0x02, 0x01, 0x01,
    0x01, 0x02, 0x02, 0x01, 0x01, 0x02, 0x01, 0x01, 0x01, 0x02, 0x01, 0x01, 0x01, 0x02, 0x01, 0x01,
    0x01, 0x02, 0x02, 0x01, 0x01, 0x02, 0x01, 0x01, 0x01, 0x02, 0x01, 0x01, 0x01, 0x02, 0x01, 0x01,
    0x01, 0x02, 0x02, 0x01, 0x01, 0x02, 0x01, 0x01, 0x01, 0x02, 0x01, 0x01, 0x01, 0x02, 0x01, 0x01,
    0x04, 0x02, 0x01, 0x01, 0x01, 0x02, 0x01, 0x01, 0x01, 0x02, 0x01, 0x01, 0x01, 0x02, 0x01, 0x01,
    0x02, 0x02, 0x01, 0x01, 0x01, 0x02, 0x01, 0x01, 0x01, 0x02, 0x01, 0x01, 0x03, 0x02, 0x01, 0x03,
    0x01, 0x02, 0x01, 0x03, 0x01, 0x00, 0x01, 0x03, 0x01, 0x01, 0x04, 0x03, 0x01, 0x02, 0x01, 0x03,
    0x01, 0x00, 0x01, 0x03, 0x01, 0x01, 0x01, 0x03, 0x01, 0x02, 0x04, 0x03, 0x01, 0x00, 0x01, 0x03,
    0x01, 0x00, 0x01, 0x03, 0x01, 0x02, 0x02, 0x03, 0x01, 0x02, 0x01, 0x03, 0x01, 0x01, 0x01, 0x03,
    0x01, 0x00, 0x01, 0x03, 0x01, 0x02, 0x04, 0x03, 0x01, 0x00, 0x01, 0x03, 0x01, 0x00, 0x01, 0x03,
    0x01, 0x02, 0x04, 0x03, 0x01, 0x02, 0x01, 0x03, 0x01, 0x00, 0x01, 0x03, 0x01, 0x02, 0x04, 0x03,
    0x01, 0x02, 0x01, 0x03, 0x01, 0x00, 0x01, 0x03, 0x01, 0x01, 0x02, 0x03, 0x01, 0x00, 0x01, 0x02,
    0x01, 0x00, 0x01, 0x02, 0x01, 0x00, 0x01, 0x02, 0x01, 0x00, 0x01, 0x01, 0x02, 0x00, 0x01, 0x02,
    0x01, 0x00, 0x01, 0x02, 0x01, 0x00, 0x01, 0x02, 0x01, 0x00, 0x01, 0x01, 0x02, 0x00, 0x01, 0x01,
    0x01, 0x00, 0x01, 0x02, 0x01, 0x00, 0x01, 0x02, 0x01, 0x00, 0x01, 0x01, 0x02, 0x00, 0x01, 0x01,
    0x01, 0x00, 0x01, 0x02, 0x01, 0x00, 0x01, 0x02, 0x01, 0x00, 0x01, 0x02, 0x02, 0x00, 0x01, 0x01,
    0x01, 0x00, 0x01, 0x02, 0x01, 0x00, 0x01, 0x02, 0x01, 0x00, 0x01, 0x02, 0x02, 0x00, 0x01, 0x01,
    0x01, 0x00, 0x01, 0x02, 0x01, 0x00, 0x01, 0x02, 0x01, 0x00, 0x01, 0x02, 0x02, 0x00, 0x01, 0x01,
    0x01, 0x00, 0x01, 0x02, 0x01, 0x00, 0x01, 0x02, 0x01, 0x00, 0x01, 0x02, 0x02, 0x00, 0x01, 0x03,
    0x01, 0x02, 0x01, 0x03, 0x01, 0x00, 0x01, 0x03, 0x01, 0x01, 0x01, 0x03, 0x01, 0x02, 0x02, 0x03,
    0x01, 0x02, 0x01, 0x03, 0x01, 0x00, 0x01, 0x03, 0x01, 0x01, 0x01, 0x03, 0x01, 0x02, 0x02, 0x03,
    0x01, 0x02, 0x01, 0x03, 0x01, 0x00, 0x01, 0x03, 0x01, 0x00, 0x01, 0x03, 0x01, 0x02, 0x02, 0x03,
    0x01, 0x02, 0x01, 0x03, 0x01, 0x01, 0x01, 0x03, 0x01, 0x00, 0x01, 0x03, 0x01, 0x02, 0x04, 0x03,
    0x01, 0x00, 0x01, 0x03, 0x01, 0x00, 0x01, 0x03, 0x01, 0x02, 0x04, 0x03, 0x01, 0x02, 0x01, 0x03,
    0x01, 0x00, 0x01, 0x03, 0x01, 0x02, 0x04, 0x03, 0x01, 0x02, 0x01, 0x03, 0x01, 0x00, 0x01, 0x03,
    0x01, 0x01, 0x02, 0x03, 0x32, 0x02, 0x01, 0x01, 0x0D, 0x02, 0x01, 0x03, 0x01, 0x02, 0x01, 0x03,
    0x01, 0x00, 0x01, 0x03, 0x01, 0x01, 0x01, 0x03, 0x01, 0x02, 0x02, 0x03, 0x01, 0x02, 0x01, 0x03,
    0x01, 0x00, 0x01, 0x03, 0x01, 0x01, 0x01, 0x03, 0x01, 0x02, 0x02, 0x03, 0x01, 0x02, 0x01, 0x03,
    0x01, 0x00, 0x01, 0x03, 0x01, 0x00, 0x01, 0x03, 0x01, 0x02, 0x02, 0x03, 0x01, 0x02, 0x01, 0x03,
    0x01, 0x01, 0x01, 0x03, 0x01, 0x00, 0x01, 0x03, 0x01, 0x02, 0x02, 0x03, 0x01, 0x02, 0x01, 0x03,
    0x01, 0x01, 0x01, 0x03, 0x01, 0x00, 0x01, 0x03, 0x01, 0x02, 0x04, 0x03, 0x01, 0x01, 0x01, 0x03,
    0x01, 0x00, 0x01, 0x03, 0x01, 0x02, 0x04, 0x03, 0x01, 0x02, 0x01, 0x03, 0x01, 0x00, 0x01, 0x03,
    0x01, 0x01, 0x03, 0x03, 0x01, 0x02, 0x01, 0x03, 0x01, 0x00, 0x01, 0x03, 0x01, 0x01, 0x01, 0x03,
    0x01, 0x02, 0x02, 0x03, 0x01, 0x02, 0x01, 0x03, 0x01, 0x00, 0x01, 0x03, 0x01, 0x01, 0x01, 0x03,
    0x01, 0x02, 0x02, 0x03, 0x01, 0x02, 0x01, 0x03, 0x01, 0x01, 0x01, 0x03, 0x01, 0x01, 0x01, 0x03,
    0x01, 0x02, 0x02, 0x03, 0x01, 0x02, 0x01, 0x03, 0x01, 0x01, 0x01, 0x03, 0x01, 0x00, 0x01, 0x03,
    0x01, 0x02, 0x02, 0x03, 0x01, 0x02, 0x01, 0x03, 0x01, 0x01, 0x01, 0x03, 0x01, 0x00, 0x01, 0x03,
    0x01, 0x02, 0x01, 0x03, 0x02, 0x02, 0x01, 0x03, 0x01, 0x01, 0x01, 0x03, 0x01, 0x00, 0x01, 0x03,
    0x01, 0x02, 0x02, 0x03, 0x01, 0x02, 0x01, 0x03, 0x01, 0x02, 0x01, 0x03, 0x01, 0x00, 0x01, 0x03,
    0x01, 0x01, 0x02, 0x03, 0x02, 0x02, 0x01, 0x03, 0x01, 0x01, 0x01, 0x03, 0x01, 0x02, 0x01, 0x03,
    0x04, 0x02, 0x01, 0x03, 0x01, 0x01, 0x01, 0x03, 0x01, 0x02, 0x01, 0x03, 0x04, 0x02, 0x01, 0x03,
    0x01, 0x01, 0x01, 0x03, 0x01, 0x01, 0x05, 0x02, 0x01, 0x03, 0x01, 0x02, 0x01, 0x03, 0x01, 0x01,
    0x01, 0x03, 0x05, 0x02, 0x01, 0x01, 0x01, 0x03, 0x01, 0x01, 0x01, 0x03, 0x06, 0x02, 0x01, 0x03,
    0x01, 0x01, 0x01, 0x03, 0x06, 0x02, 0x01, 0x03, 0x01, 0x01, 0x01, 0x03, 0x03, 0x02, 0x01, 0x03,
    0x01, 0x02, 0x01, 0x03, 0x01, 0x00, 0x01, 0x03, 0x01, 0x01, 0x01, 0x03, 0x01, 0x02, 0x02, 0x03,
    0x01, 0x02, 0x01, 0x03, 0x01, 0x00, 0x01, 0x03, 0x01, 0x01, 0x01, 0x03, 0x01, 0x02, 0x02, 0x03,
    0x01, 0x02, 0x01, 0x03, 0x01, 0x00, 0x01, 0x03, 0x01, 0x00, 0x01, 0x03, 0x01, 0x02, 0x02, 0x03,
    0x01, 0x02, 0x01, 0x03, 0x01, 0x01, 0x01, 0x03, 0x01, 0x00, 0x01, 0x03, 0x01, 0x02, 0x02, 0x03,
    0x01, 0x02, 0x01, 0x03, 0x01, 0x00, 0x01, 0x03, 0x01, 0x00, 0x01, 0x03, 0x01, 0x02, 0x04, 0x03,
    0x01, 0x02, 0x01, 0x03, 0x01, 0x00, 0x01, 0x03, 0x01, 0x02, 0x04, 0x03, 0x01, 0x02, 0x01, 0x03,
    0x01, 0x00, 0x01, 0x03, 0x01, 0x01, 0x02, 0x03, 0x01, 0x01, 0x01, 0x02, 0x01, 0x01, 0x01, 0x02,
    0x01, 0x00, 0x01, 0x02, 0x01, 0x01, 0x01, 0x02, 0x02, 0x01, 0x01, 0x02, 0x01, 0x01, 0x01, 0x02,
    0x01, 0x01, 0x01, 0x02, 0x01, 0x00, 0x01, 0x02, 0x02, 0x01, 0x01, 0x02, 0x01, 0x01, 0x01, 0x02,
    0x01, 0x01, 0x01, 0x02, 0x01, 0x01, 0x01, 0x02, 0x02, 0x01, 0x01, 0x02, 0x01, 0x01, 0x01, 0x02,
    0x01, 0x01, 0x01, 0x02, 0x01, 0x01, 0x01, 0x02, 0x02, 0x01, 0x01, 0x02, 0x01, 0x01, 0x01, 0x02,
    0x01, 0x00, 0x01, 0x02, 0x01, 0x00, 0x01, 0x02, 0x02, 0x01, 0x01, 0x02, 0x01, 0x01, 0x01, 0x02,
    0x01, 0x01, 0x01, 0x02, 0x01, 0x01, 0x01, 0x02, 0x02, 0x01, 0x01, 0x02, 0x01, 0x01, 0x01, 0x02,
    0x01, 0x00, 0x01, 0x02, 0x01, 0x00, 0x01, 0x02, 0x02, 0x01, 0x01, 0x03, 0x01, 0x02, 0x01, 0x03,
    0x01, 0x00, 0x01, 0x03, 0x01, 0x01, 0x04, 0x03, 0x01, 0x02, 0x01, 0x03, 0x01, 0x00, 0x01, 0x03,
    0x01, 0x00, 0x04, 0x03, 0x01, 0x02, 0x01, 0x03, 0x01, 0x00, 0x01, 0x03, 0x01, 0x00, 0x06, 0x03,
    0x01, 0x00, 0x01, 0x03, 0x01, 0x00, 0x01, 0x03, 0x01, 0x02, 0x04, 0x03, 0x01, 0x00, 0x01, 0x03,
    0x01, 0x00, 0x01, 0x03, 0x01, 0x02, 0x04, 0x03, 0x01, 0x01, 0x01, 0x03, 0x01, 0x00, 0x01, 0x03,
    0x01, 0x02, 0x04, 0x03, 0x01, 0x02, 0x01, 0x03, 0x01, 0x00, 0x01, 0x03, 0x01, 0x00, 0x02, 0x03,
    0xFF, 0x02, 0xFF, 0x02, 0xFF, 0x02, 0xFF, 0x02, 0xFF, 0x02, 0x11, 0x02, 0x01, 0x01, 0x1C, 0x00,
    0x01, 0x01, 0x21, 0x02, 0x01, 0x01, 0x02, 0x02, 0x1B, 0x03, 0x01, 0x02, 0x01, 0x01, 0x20, 0x02,
    0x01, 0x00, 0x01, 0x03, 0x1C, 0x05, 0x01, 0x03, 0x01, 0x00, 0x20, 0x02, 0x01, 0x00, 0x01, 0x03,
    0x1C, 0x05, 0x01, 0x03, 0x01, 0x00, 0x1A, 0x02, 0x07, 0x00, 0x01, 0x03, 0x1C, 0x05, 0x01, 0x03,
    0x01, 0x00, 0x19, 0x02, 0x01, 0x00, 0x07, 0x03, 0x01, 0x04, 0x1C, 0x05, 0x01, 0x03, 0x01, 0x00,
    0x19, 0x02, 0x01, 0x00, 0x01, 0x04, 0x23, 0x05, 0x01, 0x03, 0x01, 0x00, 0x19, 0x02, 0x01, 0x00,
    0x01, 0x04, 0x23, 0x05, 0x01, 0x03, 0x01, 0x00, 0x19, 0x02, 0x01, 0x00, 0x01, 0x04, 0x23, 0x05,
    0x01, 0x03, 0x01, 0x00, 0x19, 0x02, 0x01, 0x00, 0x01, 0x04, 0x1C, 0x05, 0x02, 0x03, 0x01, 0x02,
    0x01, 0x03, 0x03, 0x05, 0x01, 0x03, 0x01, 0x00, 0x19, 0x02, 0x01, 0x00, 0x01, 0x04, 0x0B, 0x05,
    0x04, 0x04, 0x0D, 0x05, 0x01, 0x02, 0x02, 0x00, 0x01, 0x03, 0x03, 0x05, 0x01, 0x03, 0x01, 0x00,
    0x19, 0x02, 0x01, 0x00, 0x01, 0x04, 0x0A, 0x05, 0x01, 0x03, 0x04, 0x00, 0x01, 0x03, 0x0C, 0x05,
    0x01, 0x02, 0x02, 0x00, 0x01, 0x03, 0x03, 0x05, 0x01, 0x03, 0x05, 0x00, 0x15, 0x02, 0x01, 0x00,
    0x01, 0x03, 0x07, 0x04, 0x03, 0x05, 0x05, 0x03, 0x01, 0x04, 0x0C, 0x05, 0x04, 0x03, 0x03, 0x05,
    0x01, 0x04, 0x05, 0x03, 0x01, 0x00, 0x15, 0x02, 0x07, 0x00, 0x01, 0x03, 0x21, 0x05, 0x01, 0x04,
    0x01, 0x00, 0x1B, 0x02, 0x01, 0x00, 0x01, 0x03, 0x21, 0x05, 0x01, 0x04, 0x01, 0x00, 0x1B, 0x02,
    0x01, 0x00, 0x01, 0x03, 0x21, 0x05, 0x01, 0x04, 0x01, 0x00, 0x1B, 0x02, 0x01, 0x00, 0x01, 0x03,
    0x21, 0x05, 0x01, 0x04, 0x01, 0x00, 0x1B, 0x02, 0x01, 0x00, 0x01, 0x03, 0x21, 0x05, 0x01, 0x04,
    0x01, 0x00, 0x1B, 0x02, 0x01, 0x00, 0x01, 0x03, 0x1F, 0x05, 0x01, 0x04, 0x02, 0x03, 0x01, 0x01,
    0x1B, 0x02, 0x01, 0x00, 0x01, 0x03, 0x1D, 0x05, 0x03, 0x04, 0x02, 0x00, 0x1C, 0x02, 0x01, 0x00,
    0x01, 0x03, 0x1C, 0x05, 0x01, 0x03, 0x21, 0x02, 0x01, 0x00, 0x01, 0x03, 0x1C, 0x05, 0x01, 0x03,
    0x01, 0x00, 0x01, 0x02, 0x01, 0x01, 0x1E, 0x02, 0x01, 0x00, 0x01, 0x03, 0x1C, 0x05, 0x01, 0x03,
    0x01, 0x00, 0x20, 0x02, 0x01, 0x00, 0x01, 0x03, 0x03, 0x05, 0x04, 0x04, 0x03, 0x05, 0x08, 0x04,
    0x03, 0x05, 0x04, 0x04, 0x03, 0x05, 0x01, 0x03, 0x01, 0x00, 0x20, 0x02, 0x01, 0x00, 0x01, 0x03,
    0x03, 0x05, 0x01, 0x03, 0x02, 0x00, 0x01, 0x03, 0x03, 0x05, 0x01, 0x03, 0x06, 0x00, 0x01, 0x04,
    0x03, 0x05, 0x01, 0x03, 0x02, 0x00, 0x01, 0x03, 0x03, 0x05, 0x01, 0x03, 0x01, 0x00, 0x20, 0x02,
    0x01, 0x00, 0x01, 0x03, 0x03, 0x05, 0x01, 0x03, 0x02, 0x00, 0x01, 0x03, 0x03, 0x05, 0x01, 0x03,
    0x01, 0x00, 0x04, 0x02, 0x01, 0x00, 0x01, 0x04, 0x03, 0x05, 0x01, 0x03, 0x01, 0x01, 0x01, 0x00,
    0x01, 0x03, 0x03, 0x05, 0x01, 0x03, 0x01, 0x00, 0x20, 0x02, 0x01, 0x00, 0x01, 0x03, 0x03, 0x05,
    0x01, 0x03, 0x02, 0x00, 0x01, 0x03, 0x03, 0x05, 0x01, 0x03, 0x01, 0x00, 0x04, 0x02, 0x01, 0x00,
    0x01, 0x04, 0x03, 0x05, 0x01, 0x03, 0x02, 0x00, 0x01, 0x03, 0x03, 0x05, 0x01, 0x03, 0x01, 0x00,
    0x20, 0x02, 0x01, 0x00, 0x01, 0x03, 0x03, 0x05, 0x01, 0x03, 0x02, 0x00, 0x01, 0x03, 0x03, 0x05,
    0x01, 0x03, 0x01, 0x00, 0x04, 0x02, 0x01, 0x00, 0x01, 0x04, 0x03, 0x05, 0x01, 0x03, 0x01, 0x01,
    0x01, 0x00, 0x01, 0x03, 0x03, 0x05, 0x01, 0x03, 0x01, 0x00, 0x15, 0x02, 0x01, 0x00, 0x01, 0x02,
    0x01, 0x00, 0x01, 0x02, 0x01, 0x00, 0x01, 0x02, 0x01, 0x00, 0x01, 0x01, 0x02, 0x00, 0x01, 0x02,
    0x01, 0x00, 0x01, 0x03, 0x03, 0x04, 0x01, 0x03, 0x02, 0x00, 0x01, 0x03, 0x03, 0x04, 0x01, 0x03,
    0x01, 0x00, 0x01, 0x02, 0x02, 0x00, 0x01, 0x02, 0x01, 0x00, 0x01, 0x03, 0x03, 0x04, 0x01, 0x03,
    0x02, 0x00, 0x01, 0x03, 0x03, 0x04, 0x01, 0x03, 0x01, 0x00, 0x01, 0x02, 0x01, 0x00, 0x02, 0x01,
    0x01, 0x00, 0x01, 0x02, 0x01, 0x00, 0x01, 0x02, 0x01, 0x00, 0x01, 0x02, 0x02, 0x00, 0x01, 0x01,
    0x01, 0x00, 0x01, 0x02, 0x01, 0x00, 0x01, 0x02, 0x01, 0x00, 0x01, 0x02, 0x02, 0x00, 0x01, 0x03,
    0x01, 0x02, 0x01, 0x03, 0x01, 0x00, 0x01, 0x03, 0x01, 0x01, 0x01, 0x03, 0x01, 0x02, 0x02, 0x03,
    0x01, 0x02, 0x01, 0x03, 0x01, 0x00, 0x01, 0x03, 0x01, 0x00, 0x01, 0x03, 0x01, 0x02, 0x02, 0x03,
    0x01, 0x02, 0x01, 0x03, 0x01, 0x00, 0x01, 0x03, 0x01, 0x01, 0x01, 0x03, 0x01, 0x02, 0x02, 0x03,
    0x01, 0x02, 0x01, 0x03, 0x01, 0x00, 0x01, 0x03, 0x01, 0x00, 0x01, 0x03, 0x01, 0x02, 0x02, 0x03,
    0x01, 0x02, 0x01, 0x03, 0x01, 0x02, 0x01, 0x03, 0x01, 0x00, 0x01, 0x03, 0x01, 0x02, 0x02, 0x03,
    0x01, 0x02, 0x01, 0x03, 0x01, 0x02, 0x01, 0x03, 0x01, 0x00, 0x01, 0x03, 0x01, 0x02, 0x02, 0x03,
    0x01, 0x02, 0x01, 0x03, 0x01, 0x02, 0x01, 0x03, 0x01, 0x00, 0x01, 0x03, 0x01, 0x02, 0x03, 0x03,
    0x01, 0x02, 0x01, 0x03, 0x01, 0x01, 0x01, 0x03, 0x01, 0x02, 0x01, 0x03, 0x01, 0x02, 0x02, 0x03,
    0x01, 0x02, 0x01, 0x03, 0x01, 0x00, 0x01, 0x03, 0x01, 0x01, 0x01, 0x03, 0x01, 0x02, 0x02, 0x03,
    0x01, 0x02, 0x01, 0x03, 0x01, 0x01, 0x01, 0x03, 0x01, 0x00, 0x01, 0x03, 0x01, 0x02, 0x02, 0x03,
    0x01, 0x02, 0x01, 0x03, 0x01, 0x02, 0x01, 0x03, 0x01, 0x01, 0x01, 0x03, 0x01, 0x02, 0x02, 0x03,
    0x01, 0x02, 0x01, 0x03, 0x01, 0x01, 0x01, 0x03, 0x01, 0x01, 0x01, 0x03, 0x01, 0x02, 0x01, 0x03,
    0x02, 0x02, 0x01, 0x03, 0x01, 0x02, 0x01, 0x03, 0x01, 0x00, 0x01, 0x03, 0x01, 0x02, 0x01, 0x03,
    0x02, 0x02, 0x01, 0x03, 0x01, 0x02, 0x01, 0x03, 0x01, 0x01, 0x01, 0x03, 0x01, 0x02, 0x02, 0x03,
    0x03, 0x02, 0x01, 0x01, 0x01, 0x03, 0x07, 0x02, 0x01, 0x01, 0x01, 0x03, 0x09, 0x02, 0x01, 0x01,
    0x07, 0x02, 0x01, 0x03, 0x08, 0x02, 0x01, 0x03, 0x09, 0x02, 0x01, 0x01, 0x07, 0x02, 0x01, 0x03,
    0x01, 0x01, 0x04, 0x02, 0x01, 0x03, 0x01, 0x02, 0x01, 0x03, 0x01, 0x00, 0x01, 0x03, 0x01, 0x01,
    0x01, 0x03, 0x01, 0x02, 0x02, 0x03, 0x01, 0x02, 0x01, 0x03, 0x01, 0x00, 0x01, 0x03, 0x01, 0x01,
    0x01, 0x03, 0x01, 0x02, 0x02, 0x03, 0x01, 0x02, 0x01, 0x03, 0x01, 0x00, 0x01, 0x03, 0x01, 0x00,
    0x01, 0x03, 0x01, 0x02, 0x02, 0x03, 0x01, 0x02, 0x01, 0x03, 0x01, 0x01, 0x01, 0x03, 0x01, 0x00,
    0x01, 0x03, 0x01, 0x02, 0x04, 0x03, 0x01, 0x00, 0x01, 0x03, 0x01, 0x00, 0x01, 0x03, 0x01, 0x02,
    0x04, 0x03, 0x01, 0x02, 0x01, 0x03, 0x01, 0x00, 0x01, 0x03, 0x01, 0x02, 0x04, 0x03, 0x01, 0x02,
    0x01, 0x03, 0x01, 0x00, 0x01, 0x03, 0x01, 0x01, 0x02, 0x03, 0x01, 0x01, 0x01, 0x02, 0x01, 0x01,
    0x01, 0x02, 0x01, 0x01, 0x03, 0x02, 0x02, 0x01, 0x01, 0x02, 0x01, 0x01, 0x01, 0x02, 0x01, 0x01,
    0x01, 0x02, 0x01, 0x01, 0x01, 0x02, 0x02, 0x01, 0x01, 0x02, 0x01, 0x01, 0x01, 0x02, 0x01, 0x01,
    0x01, 0x02, 0x01, 0x01, 0x01, 0x02, 0x02, 0x01, 0x01, 0x02, 0x01, 0x01, 0x01, 0x02, 0x01, 0x01,
    0x01, 0x02, 0x01, 0x01, 0x01, 0x02, 0x02, 0x01, 0x01, 0x02, 0x01, 0x01, 0x01, 0x02, 0x01, 0x01,
    0x01, 0x02, 0x01, 0x01, 0x04, 0x02, 0x01, 0x01, 0x01, 0x02, 0x01, 0x01, 0x01, 0x02, 0x01, 0x01,
    0x01, 0x02, 0x01, 0x01, 0x02, 0x02, 0x01, 0x01, 0x01, 0x02, 0x01, 0x01, 0x01, 0x02, 0x01, 0x01,
    0x03, 0x02, 0x01, 0x03, 0x01, 0x02, 0x01, 0x03, 0x01, 0x00, 0x01, 0x03, 0x01, 0x01, 0x04, 0x03,
    0x01, 0x02, 0x01, 0x03, 0x01, 0x00, 0x01, 0x03, 0x01, 0x01, 0x01, 0x03, 0x01, 0x02, 0x04, 0x03,
    0x01, 0x00, 0x01, 0x03, 0x01, 0x00, 0x01, 0x03, 0x01, 0x02, 0x02, 0x03, 0x01, 0x02, 0x01, 0x03,
    0x01, 0x01, 0x01, 0x03, 0x01, 0x00, 0x01, 0x03, 0x01, 0x02, 0x04, 0x03, 0x01, 0x00, 0x01, 0x03,
    0x01, 0x00, 0x01, 0x03, 0x01, 0x02, 0x04, 0x03, 0x01, 0x02, 0x01, 0x03, 0x01, 0x00, 0x01, 0x03,
    0x01, 0x02, 0x04, 0x03, 0x01, 0x02, 0x01, 0x03, 0x01, 0x00, 0x01, 0x03, 0x01, 0x01, 0x02, 0x03,
    0x01, 0x00, 0x01, 0x02, 0x01, 0x00, 0x01, 0x02, 0x01, 0x00, 0x01, 0x02, 0x01, 0x00, 0x01, 0x01,
    0x02, 0x00, 0x01, 0x02, 0x01, 0x00, 0x01, 0x02, 0x01, 0x00, 0x01, 0x02, 0x01, 0x00, 0x01, 0x01,
    0x02, 0x00, 0x01, 0x01, 0x01, 0x00, 0x01, 0x02, 0x01, 0x00, 0x01, 0x02, 0x01, 0x00, 0x01, 0x01,
    0x02, 0x00, 0x01, 0x01, 0x01, 0x00, 0x01, 0x02, 0x01, 0x00, 0x01, 0x02, 0x01, 0x00, 0x01, 0x02,
    0x02, 0x00, 0x01, 0x01, 0x01, 0x00, 0x01, 0x02, 0x01, 0x00, 0x01, 0x02, 0x01, 0x00, 0x01, 0x02,
    0x02, 0x00, 0x01, 0x01, 0x01, 0x00, 0x01, 0x02, 0x01, 0x00, 0x01, 0x02, 0x01, 0x00, 0x01, 0x02,
    0x02, 0x00, 0x01, 0x01, 0x01, 0x00, 0x01, 0x02, 0x01, 0x00, 0x01, 0x02, 0x01, 0x00, 0x01, 0x02,
    0x02, 0x00, 0x01, 0x03, 0x01, 0x02, 0x01, 0x03, 0x01, 0x00, 0x01, 0x03, 0x01, 0x01, 0x01, 0x03,
    0x01, 0x02, 0x02, 0x03, 0x01, 0x02, 0x01, 0x03, 0x01, 0x00, 0x01, 0x03, 0x01, 0x01, 0x01, 0x03,
    0x01, 0x02, 0x02, 0x03, 0x01, 0x02, 0x01, 0x03, 0x01, 0x00, 0x01, 0x03, 0x01, 0x00, 0x01, 0x03,
    0x01, 0x02, 0x02, 0x03, 0x01, 0x02, 0x01, 0x03, 0x01, 0x01, 0x01, 0x03, 0x01, 0x00, 0x01, 0x03,
    0x01, 0x02, 0x04, 0x03, 0x01, 0x00, 0x01, 0x03, 0x01, 0x00, 0x01, 0x03, 0x01, 0x02, 0x04, 0x03,
    0x01, 0x02, 0x01, 0x03, 0x01, 0x00, 0x01, 0x03, 0x01, 0x02, 0x04, 0x03, 0x01, 0x02, 0x01, 0x03,
    0x01, 0x00, 0x01, 0x03, 0x01, 0x01, 0x02, 0x03, 0x32, 0x02, 0x01, 0x01, 0x0D, 0x02, 0x01, 0x03,
    0x01, 0x02, 0x01, 0x03, 0x01, 0x00, 0x01, 0x03, 0x01, 0x01, 0x01, 0x03, 0x01, 0x02, 0x02, 0x03,
    0x01, 0x02, 0x01, 0x03, 0x01, 0x00, 0x01, 0x03, 0x01, 0x01, 0x01, 0x03, 0x01, 0x02, 0x02, 0x03,
    0x01, 0x02, 0x01, 0x03, 0x01, 0x00, 0x01, 0x03, 0x01, 0x00, 0x01, 0x03, 0x01, 0x02, 0x02, 0x03,
    0x01, 0x02, 0x01, 0x03, 0x01, 0x00, 0x01, 0x03, 0x01, 0x00, 0x01, 0x03, 0x01, 0x02, 0x02, 0x03,
    0x01, 0x02, 0x01, 0x03, 0x01, 0x01, 0x01, 0x03, 0x01, 0x00, 0x01, 0x03, 0x01, 0x02, 0x04, 0x03,
    0x01, 0x01, 0x01, 0x03, 0x01, 0x00, 0x01, 0x03, 0x01, 0x02, 0x04, 0x03, 0x01, 0x02, 0x01, 0x03,
    0x01, 0x00, 0x01, 0x03, 0x01, 0x01, 0x03, 0x03, 0x01, 0x02, 0x01, 0x03, 0x01, 0x00, 0x01, 0x03,
    0x01, 0x01, 0x01, 0x03, 0x01, 0x02, 0x02, 0x03, 0x01, 0x02, 0x01, 0x03, 0x01, 0x00, 0x01, 0x03,
    0x01, 0x01, 0x01, 0x03, 0x01, 0x02, 0x02, 0x03, 0x01, 0x02, 0x01, 0x03, 0x01, 0x01, 0x01, 0x03,
    0x01, 0x01, 0x01, 0x03, 0x01, 0x02, 0x02, 0x03, 0x01, 0x02, 0x01, 0x03, 0x01, 0x01, 0x01, 0x03,
    0x01, 0x01, 0x01, 0x03, 0x01, 0x02, 0x02, 0x03, 0x01, 0x02, 0x01, 0x03, 0x01, 0x01, 0x01, 0x03,
    0x01, 0x00, 0x01, 0x03, 0x01, 0x02, 0x01, 0x03, 0x02, 0x02, 0x01, 0x03, 0x01, 0x01, 0x01, 0x03,
    0x01, 0x00, 0x01, 0x03, 0x01, 0x02, 0x02, 0x03, 0x01, 0x02, 0x01, 0x03, 0x01, 0x02, 0x01, 0x03,
    0x01, 0x00, 0x01, 0x03, 0x01, 0x01, 0x02, 0x03, 0x02, 0x02, 0x01, 0x03, 0x01, 0x01, 0x01, 0x03,
    0x01, 0x02, 0x01, 0x03, 0x04, 0x02, 0x01, 0x03, 0x01, 0x01, 0x01, 0x03, 0x01, 0x02, 0x01, 0x03,
    0x04, 0x02, 0x01, 0x03, 0x01, 0x01, 0x01, 0x03, 0x01, 0x01, 0x05, 0x02, 0x01, 0x03, 0x01, 0x02,
    0x01, 0x03, 0x01, 0x01, 0x01, 0x03, 0x05, 0x02, 0x01, 0x01, 0x01, 0x03, 0x01, 0x01, 0x01, 0x03,
    0x06, 0x02, 0x01, 0x03, 0x01, 0x01, 0x01, 0x03, 0x06, 0x02, 0x01, 0x03, 0x01, 0x01, 0x01, 0x03,
    0x03, 0x02, 0x01, 0x03, 0x01, 0x02, 0x01, 0x03, 0x01, 0x00, 0x01, 0x03, 0x01, 0x01, 0x01, 0x03,
    0x01, 0x02, 0x02, 0x03, 0x01, 0x02, 0x01, 0x03, 0x01, 0x00, 0x01, 0x03, 0x01, 0x01, 0x01, 0x03,
    0x01, 0x02, 0x02, 0x03, 0x01, 0x02, 0x01, 0x03, 0x01, 0x00, 0x01, 0x03, 0x01, 0x00, 0x01, 0x03,
    0x01, 0x02, 0x02, 0x03, 0x01, 0x02, 0x01, 0x03, 0x01, 0x01, 0x01, 0x03, 0x01, 0x00, 0x01, 0x03,
    0x01, 0x02, 0x02, 0x03, 0x01, 0x02, 0x01, 0x03, 0x01, 0x00, 0x01, 0x03, 0x01, 0x00, 0x01, 0x03,
    0x01, 0x02, 0x04, 0x03, 0x01, 0x02, 0x01, 0x03, 0x01, 0x00, 0x01, 0x03, 0x01, 0x02, 0x04, 0x03,
    0x01, 0x02, 0x01, 0x03, 0x01, 0x00, 0x01, 0x03, 0x01, 0x01, 0x02, 0x03, 0x01, 0x01, 0x01, 0x02,
    0x01, 0x01, 0x01, 0x02, 0x01, 0x00, 0x01, 0x02, 0x01, 0x01, 0x01, 0x02, 0x02, 0x01, 0x01, 0x02,
    0x01, 0x01, 0x01, 0x02, 0x01, 0x01, 0x01, 0x02, 0x01, 0x00, 0x01, 0x02, 0x02, 0x01, 0x01, 0x02,
    0x01, 0x01, 0x01, 0x02, 0x01, 0x01, 0x01, 0x02, 0x01, 0x01, 0x01, 0x02, 0x02, 0x01, 0x01, 0x02,
    0x01, 0x01, 0x01, 0x02, 0x01, 0x01, 0x01, 0x02, 0x01, 0x01, 0x01, 0x02, 0x02, 0x01, 0x01, 0x02,
    0x01, 0x01, 0x01, 0x02, 0x01, 0x00, 0x01, 0x02, 0x01, 0x00, 0x01, 0x02, 0x02, 0x01, 0x01, 0x02,
    0x01, 0x01, 0x01, 0x02, 0x01, 0x01, 0x01, 0x02, 0x01, 0x01, 0x01, 0x02, 0x02, 0x01, 0x01, 0x02,
    0x01, 0x01, 0x01, 0x02, 0x01, 0x00, 0x01, 0x02, 0x01, 0x00, 0x01, 0x02, 0x02, 0x01, 0x01, 0x03,
    0x01, 0x02, 0x01, 0x03, 0x01, 0x00, 0x01, 0x03, 0x01, 0x01, 0x04, 0x03, 0x01, 0x02, 0x01, 0x03,
    0x01, 0x00, 0x01, 0x03, 0x01, 0x00, 0x04, 0x03, 0x01, 0x02, 0x01, 0x03, 0x01, 0x00, 0x01, 0x03,
    0x01, 0x00, 0x06, 0x03, 0x01, 0x00, 0x01, 0x03, 0x01, 0x00, 0x01, 0x03, 0x01, 0x02, 0x04, 0x03,
    0x01, 0x00, 0x01, 0x03, 0x01, 0x00, 0x01, 0x03, 0x01, 0x02, 0x04, 0x03, 0x01, 0x01, 0x01, 0x03,
    0x01, 0x00, 0x01, 0x03, 0x01, 0x02, 0x04, 0x03, 0x01, 0x02, 0x01, 0x03, 0x01, 0x00, 0x01, 0x03,
    0x01, 0x00, 0x02, 0x03, 0xFF, 0x03, 0xFF, 0x03, 0xFF, 0x03, 0xFF, 0x03, 0xFF, 0x03, 0x11, 0x03,
    0x01, 0x01, 0x1C, 0x00, 0x01, 0x01, 0x21, 0x03, 0x01, 0x01, 0x02, 0x03, 0x1B, 0x04, 0x01, 0x03,
    0x01, 0x01, 0x20, 0x03, 0x01, 0x00, 0x01, 0x04, 0x1C, 0x06, 0x01, 0x04, 0x01, 0x00, 0x20, 0x03,
    0x01, 0x00, 0x01, 0x04, 0x1C, 0x06, 0x01, 0x04, 0x01, 0x00, 0x1A, 0x03, 0x07, 0x00, 0x01, 0x04,
    0x1C, 0x06, 0x01, 0x04, 0x01, 0x00, 0x19, 0x03, 0x01, 0x00, 0x07, 0x04, 0x01, 0x05, 0x1C, 0x06,
    0x01, 0x04, 0x01, 0x00, 0x19, 0x03, 0x01, 0x00, 0x01, 0x05, 0x23, 0x06, 0x01, 0x04, 0x01, 0x00,
    0x19, 0x03, 0x01, 0x00, 0x01, 0x05, 0x23, 0x06, 0x01, 0x04, 0x01, 0x00, 0x19, 0x03, 0x01, 0x00,
    0x01, 0x05, 0x23, 0x06, 0x01, 0x04, 0x01, 0x00, 0x19, 0x03, 0x01, 0x00, 0x01, 0x05, 0x1C, 0x06,
    0x02, 0x04, 0x01, 0x02, 0x01, 0x04, 0x03, 0x06, 0x01, 0x04, 0x01, 0x00, 0x19, 0x03, 0x01, 0x00,
    0x01, 0x05, 0x0B, 0x06, 0x04, 0x05, 0x0D, 0x06, 0x01, 0x02, 0x02, 0x00, 0x01, 0x04, 0x03, 0x06,
    0x01, 0x04, 0x01, 0x00, 0x19, 0x03, 0x01, 0x00, 0x01, 0x05, 0x0A, 0x06, 0x01, 0x04, 0x04, 0x00,
    0x01, 0x04, 0x0C, 0x06, 0x01, 0x02, 0x02, 0x00, 0x01, 0x04, 0x03, 0x06, 0x01, 0x04, 0x01, 0x00,
    0x19, 0x03, 0x01, 0x00, 0x01, 0x04, 0x07, 0x05, 0x03, 0x06, 0x05, 0x04, 0x01, 0x05, 0x0C, 0x06,
    0x04, 0x04, 0x03, 0x06, 0x01, 0x04, 0x01, 0x00, 0x1A, 0x03, 0x07, 0x00, 0x01, 0x04, 0x1C, 0x06,
    0x01, 0x04, 0x05, 0x00, 0x1C, 0x03, 0x01, 0x00, 0x01, 0x04, 0x1C, 0x06, 0x01, 0x05, 0x01, 0x04,
    0x03, 0x05, 0x01, 0x04, 0x01, 0x00, 0x1B, 0x03, 0x01, 0x00, 0x01, 0x04, 0x21, 0x06, 0x01, 0x05,
    0x01, 0x00, 0x1B, 0x03, 0x01, 0x00, 0x01, 0x04, 0x21, 0x06, 0x01, 0x05, 0x01, 0x00, 0x1B, 0x03,
    0x01, 0x00, 0x01, 0x04, 0x21, 0x06, 0x01, 0x05, 0x01, 0x00, 0x1B, 0x03, 0x01, 0x00, 0x01, 0x04,
    0x21, 0x06, 0x01, 0x05, 0x01, 0x00, 0x1B, 0x03, 0x01, 0x00, 0x01, 0x04, 0x21, 0x06, 0x01, 0x05,
    0x01, 0x00, 0x1B, 0x03, 0x01, 0x00, 0x01, 0x04, 0x1F, 0x06, 0x01, 0x05, 0x01, 0x04, 0x02, 0x02,
    0x1B, 0x03, 0x01, 0x00, 0x01, 0x04, 0x1C, 0x06, 0x04, 0x05, 0x01, 0x02, 0x01, 0x01, 0x1C, 0x03,
    0x01, 0x00, 0x01, 0x04, 0x1C, 0x06, 0x01, 0x04, 0x03, 0x00, 0x01, 0x02, 0x1D, 0x03, 0x01, 0x00,
    0x01, 0x04, 0x03, 0x06, 0x04, 0x05, 0x03, 0x06, 0x08, 0x05, 0x03, 0x06, 0x04, 0x05, 0x03, 0x06,
    0x01, 0x04, 0x01, 0x00, 0x20, 0x03, 0x01, 0x00, 0x01, 0x04, 0x03, 0x06, 0x01, 0x04, 0x02, 0x00,
    0x01, 0x04, 0x03, 0x06, 0x01, 0x04, 0x06, 0x00, 0x01, 0x05, 0x03, 0x06, 0x01, 0x04, 0x02, 0x00,
    0x01, 0x04, 0x03, 0x06, 0x01, 0x04, 0x01, 0x00, 0x20, 0x03, 0x01, 0x00, 0x01, 0x04, 0x03, 0x06,
    0x01, 0x04, 0x02, 0x00, 0x01, 0x04, 0x03, 0x06, 0x01, 0x04, 0x01, 0x00, 0x04, 0x03, 0x01, 0x00,
    0x01, 0x05, 0x03, 0x06, 0x01, 0x04, 0x01, 0x01, 0x01, 0x00, 0x01, 0x04, 0x03, 0x06, 0x01, 0x04,
    0x01, 0x00, 0x20, 0x03, 0x01, 0x00, 0x01, 0x04, 0x03, 0x06, 0x01, 0x04, 0x02, 0x00, 0x01, 0x04,
    0x03, 0x06, 0x01, 0x04, 0x01, 0x00, 0x04, 0x03, 0x01, 0x00, 0x01, 0x05, 0x03, 0x06, 0x01, 0x04,
    0x02, 0x00, 0x01, 0x04, 0x03, 0x06, 0x01, 0x04, 0x01, 0x00, 0x20, 0x03, 0x01, 0x00, 0x01, 0x04,
    0x03, 0x06, 0x01, 0x04, 0x02, 0x00, 0x01, 0x04, 0x03, 0x06, 0x01, 0x04, 0x01, 0x00, 0x04, 0x03,
    0x01, 0x00, 0x01, 0x05, 0x03, 0x06, 0x01, 0x04, 0x01, 0x01, 0x01, 0x00, 0x01, 0x04, 0x03, 0x06,
    0x01, 0x04, 0x01, 0x00, 0x15, 0x03, 0x01, 0x00, 0x01, 0x03, 0x01, 0x00, 0x01, 0x03, 0x01, 0x00,
    0x01, 0x03, 0x01, 0x00, 0x01, 0x01, 0x02, 0x00, 0x01, 0x03, 0x01, 0x00, 0x01, 0x04, 0x03, 0x05,
    0x01, 0x04, 0x02, 0x00, 0x01, 0x04, 0x03, 0x05, 0x01, 0x04, 0x01, 0x00, 0x01, 0x03, 0x02, 0x00,
    0x01, 0x03, 0x01, 0x00, 0x01, 0x04, 0x03, 0x05, 0x01, 0x04, 0x02, 0x00, 0x01, 0x04, 0x03, 0x05,
    0x01, 0x04, 0x01, 0x00, 0x01, 0x03, 0x01, 0x00, 0x02, 0x01, 0x01, 0x00, 0x01, 0x03, 0x01, 0x00,
    0x01, 0x03, 0x01, 0x00, 0x01, 0x03, 0x02, 0x00, 0x01, 0x01, 0x01, 0x00, 0x01, 0x03, 0x01, 0x00,
    0x01, 0x03, 0x01, 0x00, 0x01, 0x03, 0x02, 0x00, 0x01, 0x04, 0x01, 0x03, 0x01, 0x04, 0x01, 0x00,
    0x01, 0x04, 0x01, 0x01, 0x01, 0x04, 0x01, 0x03, 0x02, 0x04, 0x01, 0x03, 0x01, 0x04, 0x01, 0x00,
    0x01, 0x04, 0x01, 0x02, 0x01, 0x04, 0x01, 0x03, 0x02, 0x04, 0x01, 0x03, 0x01, 0x04, 0x01, 0x02,
    0x01, 0x04, 0x01, 0x02, 0x01, 0x04, 0x01, 0x03, 0x02, 0x04, 0x01, 0x03, 0x01, 0x04, 0x01, 0x00,
    0x01, 0x04, 0x01, 0x00, 0x01, 0x04, 0x01, 0x03, 0x02, 0x04, 0x01, 0x03, 0x01, 0x04, 0x01, 0x02,
    0x01, 0x04, 0x01, 0x00, 0x01, 0x04, 0x01, 0x03, 0x02, 0x04, 0x01, 0x03, 0x01, 0x04, 0x01, 0x03,
    0x01, 0x04, 0x01, 0x00, 0x01, 0x04, 0x01, 0x03, 0x02, 0x04, 0x01, 0x03, 0x01, 0x04, 0x01, 0x03,
    0x01, 0x04, 0x01, 0x00, 0x01, 0x04, 0x01, 0x03, 0x03, 0x04, 0x01, 0x03, 0x01, 0x04, 0x01, 0x01,
    0x01, 0x04, 0x01, 0x03, 0x01, 0x04, 0x01, 0x03, 0x02, 0x04, 0x01, 0x03, 0x01, 0x04, 0x01, 0x00,
    0x01, 0x04, 0x01, 0x01, 0x01, 0x04, 0x01, 0x03, 0x02, 0x04, 0x01, 0x03, 0x01, 0x04, 0x01, 0x01,
    0x01, 0x04, 0x01, 0x00, 0x01, 0x04, 0x01, 0x03, 0x02, 0x04, 0x01, 0x03, 0x01, 0x04, 0x01, 0x03,
    0x01, 0x04, 0x01, 0x01, 0x01, 0x04, 0x01, 0x03, 0x02, 0x04, 0x01, 0x03, 0x01, 0x04, 0x01, 0x01,
    0x01, 0x04, 0x01, 0x01, 0x01, 0x04, 0x01, 0x03, 0x01, 0x04, 0x02, 0x03, 0x01, 0x04, 0x01, 0x03,
    0x01, 0x04, 0x01, 0x00, 0x01, 0x04, 0x01, 0x03, 0x01, 0x04, 0x02, 0x03, 0x01, 0x04, 0x01, 0x03,
    0x01, 0x04, 0x01, 0x01, 0x01, 0x04, 0x01, 0x03, 0x02, 0x04, 0x03, 0x03, 0x01, 0x01, 0x01, 0x04,
    0x07, 0x03, 0x01, 0x01, 0x01, 0x04, 0x07, 0x03, 0x01, 0x02, 0x01, 0x03, 0x01, 0x01, 0x07, 0x03,
    0x01, 0x04, 0x01, 0x02, 0x07, 0x03, 0x01, 0x04, 0x01, 0x02, 0x08, 0x03, 0x01, 0x01, 0x07, 0x03,
    0x01, 0x04, 0x01, 0x01, 0x04, 0x03, 0x01, 0x04, 0x01, 0x03, 0x01, 0x04, 0x01, 0x00, 0x01, 0x04,
    0x01, 0x01, 0x01, 0x04, 0x01, 0x03, 0x02, 0x04, 0x01, 0x03, 0x01, 0x04, 0x01, 0x00, 0x01, 0x04,
    0x01, 0x01, 0x01, 0x04, 0x01, 0x03, 0x02, 0x04, 0x01, 0x03, 0x01, 0x04, 0x01, 0x00, 0x01, 0x04,
    0x01, 0x00, 0x01, 0x04, 0x01, 0x03, 0x02, 0x04, 0x01, 0x03, 0x01, 0x04, 0x01, 0x01, 0x01, 0x04,
    0x01, 0x00, 0x01, 0x04, 0x01, 0x03, 0x04, 0x04, 0x01, 0x00, 0x01, 0x04, 0x01, 0x00, 0x01, 0x04,
    0x01, 0x03, 0x04, 0x04, 0x01, 0x03, 0x01, 0x04, 0x01, 0x00, 0x01, 0x04, 0x01, 0x03, 0x04, 0x04,
    0x01, 0x03, 0x01, 0x04, 0x01, 0x00, 0x01, 0x04, 0x01, 0x01, 0x02, 0x04, 0x01, 0x01, 0x01, 0x03,
    0x01, 0x01, 0x01, 0x03, 0x01, 0x01, 0x01, 0x03, 0x01, 0x01, 0x01, 0x03, 0x02, 0x01, 0x01, 0x03,
    0x01, 0x01, 0x01, 0x03, 0x01, 0x01, 0x01, 0x03, 0x01, 0x01, 0x01, 0x03, 0x02, 0x01, 0x01, 0x03,
    0x01, 0x01, 0x01, 0x03, 0x01, 0x01, 0x01, 0x03, 0x01, 0x01, 0x01, 0x03, 0x02, 0x01, 0x01, 0x03,
    0x01, 0x01, 0x01, 0x03, 0x01, 0x01, 0x01, 0x03, 0x01, 0x01, 0x01, 0x03, 0x02, 0x01, 0x01, 0x03,
    0x01, 0x01, 0x01, 0x03, 0x01, 0x01, 0x01, 0x03, 0x01, 0x02, 0x04, 0x03, 0x01, 0x01, 0x01, 0x03,
    0x01, 0x01, 0x01, 0x03, 0x01, 0x01, 0x01, 0x03, 0x01, 0x01, 0x02, 0x03, 0x01, 0x01, 0x01, 0x03,
    0x01, 0x01, 0x01, 0x03, 0x01, 0x01, 0x01, 0x03, 0x01, 0x02, 0x01, 0x03, 0x01, 0x04, 0x01, 0x03,
    0x01, 0x04, 0x01, 0x00, 0x01, 0x04, 0x01, 0x01, 0x04, 0x04, 0x01, 0x03, 0x01, 0x04, 0x01, 0x00,
    0x01, 0x04, 0x01, 0x01, 0x01, 0x04, 0x01, 0x03, 0x04, 0x04, 0x01, 0x00, 0x01, 0x04, 0x01, 0x00,
    0x01, 0x04, 0x01, 0x03, 0x02, 0x04, 0x01, 0x03, 0x01, 0x04, 0x01, 0x02, 0x01, 0x04, 0x01, 0x00,
    0x01, 0x04, 0x01, 0x03, 0x04, 0x04, 0x01, 0x00, 0x01, 0x04, 0x01, 0x00, 0x01, 0x04, 0x01, 0x03,
    0x04, 0x04, 0x01, 0x03, 0x01, 0x04, 0x01, 0x00, 0x01, 0x04, 0x01, 0x03, 0x04, 0x04, 0x01, 0x03,
    0x01, 0x04, 0x01, 0x00, 0x01, 0x04, 0x01, 0x01, 0x02, 0x04, 0x01, 0x00, 0x01, 0x03, 0x01, 0x00,
    0x01, 0x03, 0x01, 0x00, 0x01, 0x03, 0x01, 0x00, 0x01, 0x01, 0x02, 0x00, 0x01, 0x03, 0x01, 0x00,
    0x01, 0x03, 0x01, 0x00, 0x01, 0x03, 0x01, 0x00, 0x01, 0x01, 0x02, 0x00, 0x01, 0x01, 0x01, 0x00,
    0x01, 0x03, 0x01, 0x00, 0x01, 0x03, 0x01, 0x00, 0x01, 0x01, 0x02, 0x00, 0x01, 0x01, 0x01, 0x00,
    0x01, 0x03, 0x01, 0x00, 0x01, 0x03, 0x01, 0x00, 0x01, 0x03, 0x02, 0x00, 0x01, 0x01, 0x01, 0x00,
    0x01, 0x03, 0x01, 0x00, 0x01, 0x03, 0x01, 0x00, 0x01, 0x03, 0x02, 0x00, 0x01, 0x01, 0x01, 0x00,
    0x01, 0x03, 0x01, 0x00, 0x01, 0x03, 0x01, 0x00, 0x01, 0x03, 0x02, 0x00, 0x01, 0x01, 0x01, 0x00,
    0x01, 0x03, 0x01, 0x00, 0x01, 0x03, 0x01, 0x00, 0x01, 0x03, 0x02, 0x00, 0x01, 0x04, 0x01, 0x03,
    0x01, 0x04, 0x01, 0x00, 0x01, 0x04, 0x01, 0x01, 0x01, 0x04, 0x01, 0x03, 0x02, 0x04, 0x01, 0x03,
    0x01, 0x04, 0x01, 0x00, 0x01, 0x04, 0x01, 0x01, 0x01, 0x04, 0x01, 0x03, 0x02, 0x04, 0x01, 0x03,
    0x01, 0x04, 0x01, 0x00, 0x01, 0x04, 0x01, 0x00, 0x01, 0x04, 0x01, 0x03, 0x02, 0x04, 0x01, 0x03,
    0x01, 0x04, 0x01, 0x01, 0x01, 0x04, 0x01, 0x00, 0x01, 0x04, 0x01, 0x03, 0x04, 0x04, 0x01, 0x00,
    0x01, 0x04, 0x01, 0x00, 0x01, 0x04, 0x01, 0x03, 0x04, 0x04, 0x01, 0x03, 0x01, 0x04, 0x01, 0x00,
    0x01, 0x04, 0x01, 0x03, 0x04, 0x04, 0x01, 0x03, 0x01, 0x04, 0x01, 0x00, 0x01, 0x04, 0x01, 0x03,
    0x02, 0x04, 0x32, 0x03, 0x01, 0x01, 0x0D, 0x03, 0x01, 0x04, 0x01, 0x03, 0x01, 0x04, 0x01, 0x00,
    0x01, 0x04, 0x01, 0x01, 0x01, 0x04, 0x01, 0x03, 0x02, 0x04, 0x01, 0x03, 0x01, 0x04, 0x01, 0x00,
    0x01, 0x04, 0x01, 0x01, 0x01, 0x04, 0x01, 0x03, 0x02, 0x04, 0x01, 0x03, 0x01, 0x04, 0x01, 0x00,
    0x01, 0x04, 0x01, 0x00, 0x01, 0x04, 0x01, 0x03, 0x02, 0x04, 0x01, 0x03, 0x01, 0x04, 0x01, 0x00,
    0x01, 0x04, 0x01, 0x00, 0x01, 0x04, 0x01, 0x03, 0x02, 0x04, 0x01, 0x03, 0x01, 0x04, 0x01, 0x01,
    0x01, 0x04, 0x01, 0x00, 0x01, 0x04, 0x01, 0x03, 0x04, 0x04, 0x01, 0x01, 0x01, 0x04, 0x01, 0x00,
    0x01, 0x04, 0x01, 0x03, 0x04, 0x04, 0x01, 0x03, 0x01, 0x04, 0x01, 0x00, 0x01, 0x04, 0x01, 0x01,
    0x03, 0x04, 0x01, 0x03, 0x01, 0x04, 0x01, 0x00, 0x01, 0x04, 0x01, 0x01, 0x01, 0x04, 0x01, 0x03,
    0x02, 0x04, 0x01, 0x03, 0x01, 0x04, 0x01, 0x00, 0x01, 0x04, 0x01, 0x01, 0x01, 0x04, 0x01, 0x03,
    0x02, 0x04, 0x01, 0x03, 0x01, 0x04, 0x01, 0x02, 0x01, 0x04, 0x01, 0x01, 0x01, 0x04, 0x01, 0x03,
    0x02, 0x04, 0x01, 0x03, 0x01, 0x04, 0x01, 0x01, 0x01, 0x04, 0x01, 0x01, 0x01, 0x04, 0x01, 0x03,
    0x02, 0x04, 0x01, 0x03, 0x01, 0x04, 0x01, 0x01, 0x01, 0x04, 0x01, 0x00, 0x01, 0x04, 0x01, 0x03,
    0x01, 0x04, 0x02, 0x03, 0x01, 0x04, 0x01, 0x01, 0x01, 0x04, 0x01, 0x00, 0x01, 0x04, 0x01, 0x03,
    0x02, 0x04, 0x01, 0x03, 0x01, 0x04, 0x01, 0x03, 0x01, 0x04, 0x01, 0x00, 0x01, 0x04, 0x01, 0x01,
    0x02, 0x04, 0x02, 0x03, 0x01, 0x04, 0x01, 0x01, 0x01, 0x04, 0x01, 0x03, 0x01, 0x04, 0x04, 0x03,
    0x01, 0x04, 0x01, 0x01, 0x01, 0x04, 0x01, 0x03, 0x01, 0x04, 0x04, 0x03, 0x01, 0x04, 0x01, 0x01,
    0x01, 0x04, 0x01, 0x01, 0x05, 0x03, 0x01, 0x04, 0x01, 0x03, 0x01, 0x04, 0x01, 0x01, 0x01, 0x04,
    0x05, 0x03, 0x01, 0x01, 0x01, 0x04, 0x01, 0x01, 0x01, 0x04, 0x06, 0x03, 0x01, 0x04, 0x01, 0x01,
    0x01, 0x04, 0x06, 0x03, 0x01, 0x04, 0x01, 0x01, 0x01, 0x04, 0x03, 0x03, 0x01, 0x04, 0x01, 0x03,
    0x01, 0x04, 0x01, 0x00, 0x01, 0x04, 0x01, 0x01, 0x01, 0x04, 0x01, 0x03, 0x02, 0x04, 0x01, 0x03,
    0x01, 0x04, 0x01, 0x00, 0x01, 0x04, 0x01, 0x01, 0x01, 0x04, 0x01, 0x03, 0x02, 0x04, 0x01, 0x03,
    0x01, 0x04, 0x01, 0x00, 0x01, 0x04, 0x01, 0x00, 0x01, 0x04, 0x01, 0x03, 0x02, 0x04, 0x01, 0x03,
    0x01, 0x04, 0x01, 0x01, 0x01, 0x04, 0x01, 0x00, 0x01, 0x04, 0x01, 0x03, 0x02, 0x04, 0x01, 0x03,
    0x01, 0x04, 0x01, 0x00, 0x01, 0x04, 0x01, 0x00, 0x01, 0x04, 0x01, 0x03, 0x04, 0x04, 0x01, 0x03,
    0x01, 0x04, 0x01, 0x00, 0x01, 0x04, 0x01, 0x03, 0x04, 0x04, 0x01, 0x03, 0x01, 0x04, 0x01, 0x00,
    0x01, 0x04, 0x01, 0x01, 0x02, 0x04, 0x01, 0x01, 0x01, 0x03, 0x01, 0x01, 0x01, 0x03, 0x01, 0x00,
    0x01, 0x03, 0x01, 0x01, 0x01, 0x03, 0x02, 0x01, 0x01, 0x03, 0x01, 0x01, 0x01, 0x03, 0x01, 0x01,
    0x01, 0x03, 0x01, 0x00, 0x01, 0x03, 0x02, 0x01, 0x01, 0x03, 0x01, 0x01, 0x01, 0x03, 0x01, 0x02,
    0x01, 0x03, 0x01, 0x01, 0x01, 0x03, 0x02, 0x01, 0x01, 0x03, 0x01, 0x01, 0x01, 0x03, 0x01, 0x01,
    0x01, 0x03, 0x01, 0x01, 0x01, 0x03, 0x02, 0x01, 0x01, 0x03, 0x01, 0x01, 0x01, 0x03, 0x01, 0x00,
    0x01, 0x03, 0x01, 0x00, 0x01, 0x03, 0x02, 0x01, 0x01, 0x03, 0x01, 0x01, 0x01, 0x03, 0x01, 0x01,
    0x01, 0x03, 0x01, 0x01, 0x01, 0x03, 0x02, 0x01, 0x01, 0x02, 0x01, 0x01, 0x01, 0x03, 0x01, 0x00,
    0x01, 0x03, 0x01, 0x00, 0x01, 0x03, 0x02, 0x01, 0x01, 0x04, 0x01, 0x03, 0x01, 0x04, 0x01, 0x00,
    0x01, 0x04, 0x01, 0x01, 0x04, 0x04, 0x01, 0x03, 0x01, 0x04, 0x01, 0x00, 0x01, 0x04, 0x01, 0x00,
    0x04, 0x04, 0x01, 0x03, 0x01, 0x04, 0x01, 0x00, 0x01, 0x04, 0x01, 0x00, 0x01, 0x04, 0x01, 0x03,
    0x04, 0x04, 0x01, 0x00, 0x01, 0x04, 0x01, 0x00, 0x01, 0x04, 0x01, 0x03, 0x04, 0x04, 0x01, 0x00,
    0x01, 0x04, 0x01, 0x00, 0x01, 0x04, 0x01, 0x03, 0x04, 0x04, 0x01, 0x01, 0x01, 0x04, 0x01, 0x00,
    0x01, 0x04, 0x01, 0x03, 0x04, 0x04, 0x01, 0x03, 0x01, 0x04, 0x01, 0x00, 0x01, 0x04, 0x01, 0x00,
    0x02, 0x04, 0xFF, 0x03, 0xFF, 0x03, 0xFF, 0x03, 0xFF, 0x03, 0xFF, 0x03, 0x11, 0x03, 0x01, 0x01,
    0x1C, 0x00, 0x01, 0x01, 0x21, 0x03, 0x01, 0x01, 0x02, 0x03, 0x1B, 0x04, 0x01, 0x03, 0x01, 0x01,
    0x20, 0x03, 0x01, 0x00, 0x01, 0x04, 0x1C, 0x06, 0x01, 0x04, 0x01, 0x00, 0x20, 0x03, 0x01, 0x00,
    0x01, 0x04, 0x1C, 0x06, 0x01, 0x04, 0x01, 0x00, 0x1A, 0x03, 0x07, 0x00, 0x01, 0x04, 0x1C, 0x06,
    0x01, 0x04, 0x01, 0x00, 0x19, 0x03, 0x01, 0x00, 0x07, 0x04, 0x01, 0x05, 0x1C, 0x06, 0x01, 0x04,
    0x01, 0x00, 0x19, 0x03, 0x01, 0x00, 0x01, 0x05, 0x23, 0x06, 0x01, 0x04, 0x01, 0x00, 0x19, 0x03,
    0x01, 0x00, 0x01, 0x05, 0x23, 0x06, 0x01, 0x04, 0x01, 0x00, 0x19, 0x03, 0x01, 0x00, 0x01, 0x05,
    0x23, 0x06, 0x01, 0x04, 0x01, 0x00, 0x19, 0x03, 0x01, 0x00, 0x01, 0x05, 0x1C, 0x06, 0x02, 0x04,
    0x01, 0x02, 0x01, 0x04, 0x03, 0x06, 0x01, 0x04, 0x01, 0x00, 0x19, 0x03, 0x01, 0x00, 0x01, 0x05,
    0x0B, 0x06, 0x04, 0x05, 0x0D, 0x06, 0x01, 0x02, 0x02, 0x00, 0x01, 0x04, 0x03, 0x06, 0x01, 0x04,
    0x01, 0x00, 0x19, 0x03, 0x01, 0x00, 0x01, 0x05, 0x0A, 0x06, 0x01, 0x04, 0x04, 0x00, 0x01, 0x04,
    0x0C, 0x06, 0x01, 0x02, 0x02, 0x00, 0x01, 0x04, 0x03, 0x06, 0x01, 0x04, 0x01, 0x00, 0x19, 0x03,
    0x01, 0x00, 0x01, 0x04, 0x07, 0x05, 0x03, 0x06, 0x05, 0x04, 0x01, 0x05, 0x0C, 0x06, 0x04, 0x04,
    0x03, 0x06, 0x01, 0x04, 0x01, 0x00, 0x1A, 0x03, 0x07, 0x00, 0x01, 0x04, 0x1C, 0x06, 0x01, 0x04,
    0x05, 0x00, 0x1C, 0x03, 0x01, 0x00, 0x01, 0x04, 0x1C, 0x06, 0x01, 0x05, 0x01, 0x04, 0x03, 0x05,
    0x01, 0x04, 0x01, 0x00, 0x1B, 0x03, 0x01, 0x00, 0x01, 0x04, 0x21, 0x06, 0x01, 0x05, 0x01, 0x00,
    0x1B, 0x03, 0x01, 0x00, 0x01, 0x04, 0x21, 0x06, 0x01, 0x05, 0x01, 0x00, 0x1B, 0x03, 0x01, 0x00,
    0x01, 0x04, 0x21, 0x06, 0x01, 0x05, 0x01, 0x00, 0x1B, 0x03, 0x01, 0x00, 0x01, 0x04, 0x21, 0x06,
    0x01, 0x05, 0x01, 0x00, 0x1B, 0x03, 0x01, 0x00, 0x01, 0x04, 0x21, 0x06, 0x01, 0x05, 0x01, 0x00,
    0x1B, 0x03, 0x01, 0x00, 0x01, 0x04, 0x1F, 0x06, 0x01, 0x05, 0x01, 0x04, 0x02, 0x02, 0x1B, 0x03,
    0x01, 0x00, 0x01, 0x04, 0x1C, 0x06, 0x04, 0x05, 0x01, 0x00, 0x01, 0x01, 0x1C, 0x03, 0x01, 0x00,
    0x01, 0x04, 0x1C, 0x06, 0x01, 0x04, 0x03, 0x00, 0x01, 0x01, 0x1D, 0x03, 0x01, 0x00, 0x01, 0x04,
    0x03, 0x06, 0x04, 0x05, 0x03, 0x06, 0x08, 0x05, 0x03, 0x06, 0x04, 0x05, 0x03, 0x06, 0x01, 0x04,
    0x01, 0x00, 0x20, 0x03, 0x01, 0x00, 0x01, 0x04, 0x03, 0x06, 0x01, 0x04, 0x02, 0x00, 0x01, 0x04,
    0x03, 0x06, 0x01, 0x04, 0x06, 0x00, 0x01, 0x05, 0x03, 0x06, 0x01, 0x04, 0x02, 0x00, 0x01, 0x04,
    0x03, 0x06, 0x01, 0x04, 0x01, 0x00, 0x20, 0x03, 0x01, 0x00, 0x01, 0x04, 0x03, 0x06, 0x01, 0x04,
    0x02, 0x00, 0x01, 0x04, 0x03, 0x06, 0x01, 0x04, 0x01, 0x00, 0x04, 0x03, 0x01, 0x00, 0x01, 0x05,
    0x03, 0x06, 0x01, 0x04, 0x01, 0x03, 0x01, 0x00, 0x01, 0x04, 0x03, 0x06, 0x01, 0x04, 0x01, 0x00,
    0x20, 0x03, 0x01, 0x00, 0x01, 0x04, 0x03, 0x06, 0x01, 0x04, 0x02, 0x00, 0x01, 0x04, 0x03, 0x06,
    0x01, 0x04, 0x01, 0x00, 0x04, 0x03, 0x01, 0x00, 0x01, 0x05, 0x03, 0x06, 0x01, 0x04, 0x02, 0x00,
    0x01, 0x04, 0x03, 0x06, 0x01, 0x04, 0x01, 0x00, 0x20, 0x03, 0x01, 0x00, 0x01, 0x04, 0x03, 0x06,
    0x01, 0x04, 0x02, 0x00, 0x01, 0x04, 0x03, 0x06, 0x01, 0x04, 0x01, 0x00, 0x04, 0x03, 0x01, 0x00,
    0x01, 0x05, 0x03, 0x06, 0x01, 0x04, 0x01, 0x01, 0x01, 0x00, 0x01, 0x04, 0x03, 0x06, 0x01, 0x04,
    0x01, 0x00, 0x15, 0x03, 0x01, 0x00, 0x01, 0x03, 0x01, 0x00, 0x01, 0x03, 0x01, 0x00, 0x01, 0x03,
    0x01, 0x00, 0x01, 0x01, 0x02, 0x00, 0x01, 0x03, 0x01, 0x00, 0x01, 0x04, 0x03, 0x05, 0x01, 0x04,
    0x02, 0x00, 0x01, 0x04, 0x03, 0x05, 0x01, 0x04, 0x01, 0x00, 0x01, 0x03, 0x02, 0x00, 0x01, 0x03,
    0x01, 0x00, 0x01, 0x04, 0x03, 0x05, 0x01, 0x04, 0x02, 0x00, 0x01, 0x04, 0x03, 0x05, 0x01, 0x04,
    0x01, 0x00, 0x01, 0x03, 0x01, 0x00, 0x02, 0x01, 0x01, 0x00, 0x01, 0x03, 0x01, 0x00, 0x01, 0x03,
    0x01, 0x00, 0x01, 0x03, 0x02, 0x00, 0x01, 0x01, 0x01, 0x00, 0x01, 0x03, 0x01, 0x00, 0x01, 0x03,
    0x01, 0x00, 0x01, 0x03, 0x02, 0x00, 0x01, 0x04, 0x01, 0x03, 0x01, 0x04, 0x01, 0x00, 0x01, 0x04,
    0x01, 0x01, 0x01, 0x04, 0x01, 0x03, 0x02, 0x04, 0x01, 0x03, 0x01, 0x04, 0x01, 0x00, 0x01, 0x04,
    0x01, 0x02, 0x01, 0x04, 0x01, 0x03, 0x02, 0x04, 0x01, 0x03, 0x01, 0x04, 0x01, 0x02, 0x01, 0x04,
    0x01, 0x01, 0x01, 0x04, 0x01, 0x03, 0x02, 0x04, 0x01, 0x03, 0x01, 0x04, 0x01, 0x00, 0x01, 0x04,
    0x01, 0x00, 0x01, 0x04, 0x01, 0x03, 0x02, 0x04, 0x01, 0x03, 0x01, 0x04, 0x01, 0x02, 0x01, 0x04,
    0x01, 0x00, 0x01, 0x04, 0x01, 0x03, 0x02, 0x04, 0x01, 0x03, 0x01, 0x04, 0x01, 0x03, 0x01, 0x04,
    0x01, 0x00, 0x01, 0x04, 0x01, 0x03, 0x04, 0x04, 0x01, 0x03, 0x01, 0x04, 0x01, 0x00, 0x01, 0x04,
    0x01, 0x03, 0x03, 0x04, 0x01, 0x03, 0x01, 0x04, 0x01, 0x01, 0x01, 0x04, 0x01, 0x03, 0x01, 0x04,
    0x01, 0x03, 0x02, 0x04, 0x01, 0x03, 0x01, 0x04, 0x01, 0x00, 0x01, 0x04, 0x01, 0x01, 0x01, 0x04,
    0x01, 0x03, 0x02, 0x04, 0x01, 0x03, 0x01, 0x04, 0x01, 0x01, 0x01, 0x04, 0x01, 0x00, 0x01, 0x04,
    0x01, 0x03, 0x02, 0x04, 0x01, 0x03, 0x01, 0x04, 0x01, 0x03, 0x01, 0x04, 0x01, 0x01, 0x01, 0x04,
    0x01, 0x03, 0x02, 0x04, 0x01, 0x03, 0x01, 0x04, 0x01, 0x01, 0x01, 0x04, 0x01, 0x01, 0x01, 0x04,
    0x01, 0x03, 0x01, 0x04, 0x02, 0x03, 0x01, 0x04, 0x01, 0x03, 0x01, 0x04, 0x01, 0x00, 0x01, 0x04,
    0x01, 0x03, 0x01, 0x04, 0x02, 0x03, 0x01, 0x04, 0x01, 0x03, 0x01, 0x04, 0x01, 0x01, 0x01, 0x04,
    0x01, 0x03, 0x02, 0x04, 0x03, 0x03, 0x01, 0x01, 0x01, 0x04, 0x07, 0x03, 0x01, 0x01, 0x01, 0x04,
    0x07, 0x03, 0x01, 0x02, 0x01, 0x03, 0x01, 0x01, 0x07, 0x03, 0x01, 0x04, 0x01, 0x02, 0x07, 0x03,
    0x01, 0x04, 0x01, 0x02, 0x08, 0x03, 0x01, 0x01, 0x07, 0x03, 0x01, 0x04, 0x01, 0x01, 0x04, 0x03,
    0x01, 0x04, 0x01, 0x03, 0x01, 0x04, 0x01, 0x00, 0x01, 0x04, 0x01, 0x01, 0x01, 0x04, 0x01, 0x03,
    0x02, 0x04, 0x01, 0x03, 0x01, 0x04, 0x01, 0x00, 0x01, 0x04, 0x01, 0x01, 0x01, 0x04, 0x01, 0x03,
    0x02, 0x04, 0x01, 0x03, 0x01, 0x04, 0x01, 0x00, 0x01, 0x04, 0x01, 0x00, 0x01, 0x04, 0x01, 0x03,
    0x02, 0x04, 0x01, 0x03, 0x01, 0x04, 0x01, 0x01, 0x01, 0x04, 0x01, 0x00, 0x01, 0x04, 0x01, 0x03,
    0x04, 0x04, 0x01, 0x00, 0x01, 0x04, 0x01, 0x00, 0x01, 0x04, 0x01, 0x03, 0x04, 0x04, 0x01, 0x03,
    0x01, 0x04, 0x01, 0x00, 0x01, 0x04, 0x01, 0x03, 0x04, 0x04, 0x01, 0x03, 0x01, 0x04, 0x01, 0x00,
    0x01, 0x04, 0x01, 0x01, 0x02, 0x04, 0x01, 0x01, 0x01, 0x03, 0x01, 0x01, 0x01, 0x03, 0x01, 0x01,
    0x01, 0x03, 0x01, 0x01, 0x01, 0x03, 0x02, 0x01, 0x01, 0x03, 0x01, 0x01, 0x01, 0x03, 0x01, 0x01,
    0x01, 0x03, 0x01, 0x01, 0x01, 0x03, 0x02, 0x01, 0x01, 0x03, 0x01, 0x01, 0x01, 0x03, 0x01, 0x01,
    0x01, 0x03, 0x01, 0x01, 0x01, 0x03, 0x02, 0x01, 0x01, 0x03, 0x01, 0x01, 0x01, 0x03, 0x01, 0x01,
    0x01, 0x03, 0x01, 0x01, 0x01, 0x03, 0x02, 0x01, 0x01, 0x03, 0x01, 0x01, 0x01, 0x03, 0x01, 0x01,
    0x01, 0x03, 0x01, 0x01, 0x04, 0x03, 0x01, 0x01, 0x01, 0x03, 0x01, 0x01, 0x01, 0x03, 0x01, 0x01,
    0x01, 0x03, 0x01, 0x01, 0x02, 0x03, 0x01, 0x01, 0x01, 0x03, 0x01, 0x01, 0x01, 0x03, 0x01, 0x01,
    0x03, 0x03, 0x01, 0x04, 0x01, 0x03, 0x01, 0x04, 0x01, 0x00, 0x01, 0x04, 0x01, 0x01, 0x04, 0x04,
    0x01, 0x03, 0x01, 0x04, 0x01, 0x00, 0x01, 0x04, 0x01, 0x01, 0x01, 0x04, 0x01, 0x03, 0x04, 0x04,
    0x01, 0x00, 0x01, 0x04, 0x01, 0x00, 0x01, 0x04, 0x01, 0x03, 0x02, 0x04, 0x01, 0x03, 0x01, 0x04,
    0x01, 0x01, 0x01, 0x04, 0x01, 0x00, 0x01, 0x04, 0x01, 0x03, 0x04, 0x04, 0x01, 0x00, 0x01, 0x04,
    0x01, 0x00, 0x01, 0x04, 0x01, 0x03, 0x04, 0x04, 0x01, 0x03, 0x01, 0x04, 0x01, 0x00, 0x01, 0x04,
    0x01, 0x03, 0x04, 0x04, 0x01, 0x03, 0x01, 0x04, 0x01, 0x00, 0x01, 0x04, 0x01, 0x01, 0x02, 0x04,
    0x01, 0x00, 0x01, 0x03, 0x01, 0x00, 0x01, 0x03, 0x01, 0x00, 0x01, 0x03, 0x01, 0x00, 0x01, 0x01,
    0x02, 0x00, 0x01, 0x03, 0x01, 0x00, 0x01, 0x03, 0x01, 0x00, 0x01, 0x03, 0x01, 0x00, 0x01, 0x01,
    0x02, 0x00, 0x01, 0x01, 0x01, 0x00, 0x01, 0x03, 0x01, 0x00, 0x01, 0x03, 0x01, 0x00, 0x01, 0x01,
    0x02, 0x00, 0x01, 0x01, 0x01, 0x00, 0x01, 0x03, 0x01, 0x00, 0x01, 0x03, 0x01, 0x00, 0x01, 0x03,
    0x02, 0x00, 0x01, 0x01, 0x01, 0x00, 0x01, 0x03, 0x01, 0x00, 0x01, 0x03, 0x01, 0x00, 0x01, 0x03,
    0x02, 0x00, 0x01, 0x01, 0x01, 0x00, 0x01, 0x03, 0x01, 0x00, 0x01, 0x03, 0x01, 0x00, 0x01, 0x03,
    0x02, 0x00, 0x01, 0x01, 0x01, 0x00, 0x01, 0x03, 0x01, 0x00, 0x01, 0x03, 0x01, 0x00, 0x01, 0x03,
    0x02, 0x00, 0x01, 0x04, 0x01, 0x03, 0x01, 0x04, 0x01, 0x00, 0x01, 0x04, 0x01, 0x01, 0x01, 0x04,
    0x01, 0x03, 0x02, 0x04, 0x01, 0x03, 0x01, 0x04, 0x01, 0x00, 0x01, 0x04, 0x01, 0x01, 0x01, 0x04,
    0x01, 0x03, 0x02, 0x04, 0x01, 0x03, 0x01, 0x04, 0x01, 0x00, 0x01, 0x04, 0x01, 0x00, 0x01, 0x04,
    0x01, 0x03, 0x02, 0x04, 0x01, 0x03, 0x01, 0x04, 0x01, 0x01, 0x01, 0x04, 0x01, 0x00, 0x01, 0x04,
    0x01, 0x03, 0x04, 0x04, 0x01, 0x00, 0x01, 0x04, 0x01, 0x00, 0x01, 0x04, 0x01, 0x03, 0x04, 0x04,
    0x01, 0x03, 0x01, 0x04, 0x01, 0x00, 0x01, 0x04, 0x01, 0x03, 0x04, 0x04, 0x01, 0x03, 0x01, 0x04,
    0x01, 0x00, 0x01, 0x04, 0x01, 0x03, 0x02, 0x04, 0x32, 0x03, 0x01, 0x01, 0x0D, 0x03, 0x01, 0x04,
    0x01, 0x03, 0x01, 0x04, 0x01, 0x00, 0x01, 0x04, 0x01, 0x01, 0x01, 0x04, 0x01, 0x03, 0x02, 0x04,
    0x01, 0x03, 0x01, 0x04, 0x01, 0x00, 0x01, 0x04, 0x01, 0x01, 0x01, 0x04, 0x01, 0x03, 0x02, 0x04,
    0x01, 0x03, 0x01, 0x04, 0x01, 0x00, 0x01, 0x04, 0x01, 0x00, 0x01, 0x04, 0x01, 0x03, 0x02, 0x04,
    0x01, 0x03, 0x01, 0x04, 0x01, 0x01, 0x01, 0x04, 0x01, 0x00, 0x01, 0x04, 0x01, 0x03, 0x02, 0x04,
    0x01, 0x03, 0x01, 0x04, 0x01, 0x01, 0x01, 0x04, 0x01, 0x00, 0x01, 0x04, 0x01, 0x03, 0x04, 0x04,
    0x01, 0x01, 0x01, 0x04, 0x01, 0x00, 0x01, 0x04, 0x01, 0x03, 0x04, 0x04, 0x01, 0x03, 0x01, 0x04,
    0x01, 0x00, 0x01, 0x04, 0x01, 0x01, 0x03, 0x04, 0x01, 0x03, 0x01, 0x04, 0x01, 0x00, 0x01, 0x04,
    0x01, 0x01, 0x01, 0x04, 0x01, 0x03, 0x02, 0x04, 0x01, 0x03, 0x01, 0x04, 0x01, 0x00, 0x01, 0x04,
    0x01, 0x01, 0x01, 0x04, 0x01, 0x03, 0x02, 0x04, 0x01, 0x03, 0x01, 0x04, 0x01, 0x01, 0x01, 0x04,
    0x01, 0x01, 0x01, 0x04, 0x01, 0x03, 0x02, 0x04, 0x01, 0x03, 0x01, 0x04, 0x01, 0x01, 0x01, 0x04,
    0x01, 0x00, 0x01, 0x04, 0x01, 0x03, 0x02, 0x04, 0x01, 0x03, 0x01, 0x04, 0x01, 0x01, 0x01, 0x04,
    0x01, 0x00, 0x01, 0x04, 0x01, 0x03, 0x01, 0x04, 0x02, 0x03, 0x01, 0x04, 0x01, 0x01, 0x01, 0x04,
    0x01, 0x00, 0x01, 0x04, 0x01, 0x03, 0x02, 0x04, 0x01, 0x03, 0x01, 0x04, 0x01, 0x03, 0x01, 0x04,
    0x01, 0x00, 0x01, 0x04, 0x01, 0x01, 0x02, 0x04, 0x02, 0x03, 0x01, 0x04, 0x01, 0x01, 0x01, 0x04,
    0x01, 0x03, 0x01, 0x04, 0x04, 0x03, 0x01, 0x04, 0x01, 0x01, 0x01, 0x04, 0x01, 0x03, 0x01, 0x04,
    0x04, 0x03, 0x01, 0x04, 0x01, 0x01, 0x01, 0x04, 0x01, 0x01, 0x05, 0x03, 0x01, 0x04, 0x01, 0x03,
    0x01, 0x04, 0x01, 0x01, 0x01, 0x04, 0x05, 0x03, 0x01, 0x01, 0x01, 0x04, 0x01, 0x01, 0x01, 0x04,
    0x06, 0x03, 0x01, 0x04, 0x01, 0x01, 0x01, 0x04, 0x06, 0x03, 0x01, 0x04, 0x01, 0x01, 0x01, 0x04,
    0x03, 0x03, 0x01, 0x04, 0x01, 0x03, 0x01, 0x04, 0x01, 0x00, 0x01, 0x04, 0x01, 0x01, 0x01, 0x04,
    0x01, 0x03, 0x02, 0x04, 0x01, 0x03, 0x01, 0x04, 0x01, 0x00, 0x01, 0x04, 0x01, 0x01, 0x01, 0x04,
    0x01, 0x03, 0x02, 0x04, 0x01, 0x03, 0x01, 0x04, 0x01, 0x00, 0x01, 0x04, 0x01, 0x00, 0x01, 0x04,
    0x01, 0x03, 0x02, 0x04, 0x01, 0x03, 0x01, 0x04, 0x01, 0x01, 0x01, 0x04, 0x01, 0x00, 0x01, 0x04,
    0x01, 0x03, 0x02, 0x04, 0x01, 0x03, 0x01, 0x04, 0x01, 0x00, 0x01, 0x04, 0x01, 0x00, 0x01, 0x04,
    0x01, 0x03, 0x04, 0x04, 0x01, 0x03, 0x01, 0x04, 0x01, 0x00, 0x01, 0x04, 0x01, 0x03, 0x04, 0x04,
    0x01, 0x03, 0x01, 0x04, 0x01, 0x00, 0x01, 0x04, 0x01, 0x01, 0x02, 0x04, 0x01, 0x01, 0x01, 0x03,
    0x01, 0x01, 0x01, 0x03, 0x01, 0x00, 0x01, 0x03, 0x01, 0x01, 0x01, 0x03, 0x02, 0x01, 0x01, 0x03,
    0x01, 0x01, 0x01, 0x03, 0x01, 0x01, 0x01, 0x03, 0x01, 0x00, 0x01, 0x03, 0x02, 0x01, 0x01, 0x03,
    0x01, 0x01, 0x01, 0x03, 0x01, 0x01, 0x01, 0x03, 0x01, 0x01, 0x01, 0x03, 0x02, 0x01, 0x01, 0x03,
    0x01, 0x01, 0x01, 0x03, 0x01, 0x01, 0x01, 0x03, 0x01, 0x01, 0x01, 0x03, 0x02, 0x01, 0x01, 0x03,
    0x01, 0x01, 0x01, 0x03, 0x01, 0x00, 0x01, 0x03, 0x01, 0x00, 0x01, 0x03, 0x02, 0x01, 0x01, 0x03,
    0x01, 0x01, 0x01, 0x03, 0x01, 0x01, 0x01, 0x03, 0x01, 0x01, 0x01, 0x03, 0x02, 0x01, 0x01, 0x02,
    0x01, 0x01, 0x01, 0x03, 0x01, 0x00, 0x01, 0x03, 0x01, 0x00, 0x01, 0x03, 0x02, 0x01, 0x01, 0x04,
    0x01, 0x03, 0x01, 0x04, 0x01, 0x00, 0x01, 0x04, 0x01, 0x01, 0x04, 0x04, 0x01, 0x03, 0x01, 0x04,
    0x01, 0x00, 0x01, 0x04, 0x01, 0x00, 0x04, 0x04, 0x01, 0x03, 0x01, 0x04, 0x01, 0x00, 0x01, 0x04,
    0x01, 0x00, 0x01, 0x04, 0x01, 0x03, 0x04, 0x04, 0x01, 0x00, 0x01, 0x04, 0x01, 0x00, 0x01, 0x04,
    0x01, 0x03, 0x04, 0x04, 0x01, 0x00, 0x01, 0x04, 0x01, 0x00, 0x01, 0x04, 0x01, 0x03, 0x04, 0x04,
    0x01, 0x01, 0x01, 0x04, 0x01, 0x00, 0x01, 0x04, 0x01, 0x03, 0x04, 0x04, 0x01, 0x03, 0x01, 0x04,
    0x01, 0x00, 0x01, 0x04, 0x01, 0x00, 0x02, 0x04, 0xFF, 0x03, 0xB4, 0x03, 0x01, 0x01, 0x02, 0x00,
    0x3C, 0x03, 0x01, 0x01, 0x01, 0x03, 0x02, 0x04, 0x01, 0x01, 0x3B, 0x03, 0x01, 0x01, 0x01, 0x03,
    0x02, 0x05, 0x01, 0x00, 0x3B, 0x03, 0x01, 0x01, 0x01, 0x03, 0x02, 0x05, 0x01, 0x00, 0x01, 0x01,
    0x3A, 0x03, 0x01, 0x01, 0x01, 0x03, 0x02, 0x05, 0x01, 0x00, 0x01, 0x01, 0x3A, 0x03, 0x01, 0x01,
    0x01, 0x03, 0x02, 0x05, 0x01, 0x00, 0x01, 0x01, 0x3A, 0x03, 0x01, 0x01, 0x01, 0x03, 0x02, 0x05,
    0x01, 0x00, 0x01, 0x01, 0x3A, 0x03, 0x01, 0x01, 0x01, 0x03, 0x02, 0x05, 0x01, 0x00, 0x01, 0x01,
    0x3C, 0x03, 0x02, 0x05, 0x01, 0x00, 0x01, 0x01, 0x33, 0x03, 0x09, 0x00, 0x02, 0x05, 0x01, 0x00,
    0x32, 0x03, 0x02, 0x00, 0x09, 0x04, 0x02, 0x05, 0x02, 0x00, 0x31, 0x03, 0x02, 0x00, 0x0B, 0x05,
    0x01, 0x01, 0x01, 0x00, 0x14, 0x03, 0x05, 0x01, 0x03, 0x03, 0x14, 0x01, 0x01, 0x00, 0x01, 0x04,
    0x07, 0x05, 0x05, 0x04, 0x01, 0x01, 0x01, 0x02, 0x14, 0x03, 0x03, 0x00, 0x02, 0x03, 0x03, 0x02,
    0x07, 0x00, 0x0D, 0x02, 0x01, 0x00, 0x01, 0x05, 0x06, 0x06, 0x01, 0x04, 0x05, 0x00, 0x15, 0x03,
    0x01, 0x00, 0x01, 0x04, 0x1C, 0x05, 0x07, 0x06, 0x01, 0x04, 0x01, 0x00, 0x19, 0x03, 0x01, 0x00,
    0x01, 0x04, 0x23, 0x06, 0x01, 0x05, 0x01, 0x00, 0x19, 0x03, 0x01, 0x00, 0x01, 0x04, 0x23, 0x06,
    0x01, 0x04, 0x01, 0x00, 0x19, 0x03, 0x01, 0x00, 0x01, 0x04, 0x03, 0x06, 0x04, 0x05, 0x0E, 0x06,
    0x04, 0x05, 0x0A, 0x06, 0x01, 0x04, 0x01, 0x00, 0x19, 0x03, 0x01, 0x00, 0x01, 0x04, 0x03, 0x06,
    0x01, 0x04, 0x02, 0x00, 0x01, 0x04, 0x0E, 0x06, 0x01, 0x03, 0x02, 0x00, 0x01, 0x04, 0x0A, 0x06,
    0x01, 0x05, 0x01, 0x00, 0x19, 0x03, 0x01, 0x00, 0x01, 0x04, 0x03, 0x06, 0x01, 0x04, 0x02, 0x00,
    0x01, 0x04, 0x0E, 0x06, 0x01, 0x04, 0x02, 0x00, 0x01, 0x04, 0x03, 0x06, 0x07, 0x05, 0x01, 0x04,
    0x01, 0x00, 0x19, 0x03, 0x01, 0x00, 0x01, 0x04, 0x03, 0x06, 0x01, 0x04, 0x02, 0x00, 0x01, 0x04,
    0x0E, 0x06, 0x01, 0x02, 0x02, 0x00, 0x01, 0x04, 0x03, 0x06, 0x01, 0x04, 0x07, 0x00, 0x14, 0x03,
    0x05, 0x01, 0x01, 0x03, 0x01, 0x00, 0x01, 0x04, 0x03, 0x06, 0x04, 0x05, 0x0E, 0x06, 0x04, 0x05,
    0x03, 0x06, 0x01, 0x04, 0x01, 0x00, 0x19, 0x03, 0x01, 0x02, 0x02, 0x00, 0x04, 0x03, 0x01, 0x00,
    0x01, 0x04, 0x1C, 0x06, 0x01, 0x04, 0x01, 0x00, 0x19, 0x03, 0x01, 0x00, 0x01, 0x04, 0x07, 0x05,
    0x1C, 0x06, 0x01, 0x04, 0x01, 0x00, 0x19, 0x03, 0x01, 0x00, 0x01, 0x05, 0x23, 0x06, 0x01, 0x04,
    0x01, 0x00, 0x19, 0x03, 0x01, 0x00, 0x01, 0x05, 0x23, 0x06, 0x01, 0x04, 0x01, 0x00, 0x19, 0x03,
    0x01, 0x00, 0x01, 0x05, 0x23, 0x06, 0x01, 0x04, 0x01, 0x00, 0x19, 0x03, 0x01, 0x00, 0x01, 0x05,
    0x23, 0x06, 0x01, 0x04, 0x01, 0x00, 0x19, 0x03, 0x01, 0x00, 0x01, 0x05, 0x23, 0x06, 0x01, 0x04,
    0x01, 0x00, 0x19, 0x03, 0x01, 0x00, 0x01, 0x05, 0x23, 0x06, 0x01, 0x04, 0x01, 0x00, 0x19, 0x03,
    0x01, 0x00, 0x07, 0x04, 0x01, 0x05, 0x1C, 0x06, 0x01, 0x04, 0x01, 0x00, 0x1A, 0x03, 0x07, 0x00,
    0x01, 0x04, 0x1C, 0x06, 0x01, 0x04, 0x01, 0x00, 0x20, 0x03, 0x01, 0x00, 0x01, 0x04, 0x1C, 0x06,
    0x01, 0x04, 0x01, 0x00, 0x20, 0x03, 0x01, 0x00, 0x01, 0x04, 0x1C, 0x06, 0x01, 0x04, 0x01, 0x00,
    0x20, 0x03, 0x01, 0x00, 0x01, 0x04, 0x1C, 0x06, 0x01, 0x04, 0x01, 0x00, 0x20, 0x03, 0x01, 0x00,
    0x01, 0x04, 0x03, 0x06, 0x04, 0x05, 0x03, 0x06, 0x08, 0x05, 0x03, 0x06, 0x04, 0x05, 0x03, 0x06,
    0x01, 0x04, 0x01, 0x00, 0x20, 0x03, 0x01, 0x00, 0x01, 0x04, 0x03, 0x06, 0x01, 0x04, 0x02, 0x00,
    0x01, 0x04, 0x03, 0x06, 0x01, 0x04, 0x06, 0x00, 0x01, 0x04, 0x03, 0x06, 0x01, 0x04, 0x02, 0x00,
    0x01, 0x04, 0x03, 0x06, 0x01, 0x04, 0x01, 0x00, 0x20, 0x03, 0x01, 0x00, 0x01, 0x04, 0x03, 0x06,
    0x01, 0x04, 0x02, 0x00, 0x01, 0x04, 0x03, 0x06, 0x01, 0x04, 0x01, 0x00, 0x04, 0x03, 0x01, 0x00,
    0x01, 0x05, 0x03, 0x06, 0x01, 0x04, 0x01, 0x01, 0x01, 0x00, 0x01, 0x04, 0x03, 0x06, 0x01, 0x04,
    0x01, 0x00, 0x20, 0x03, 0x01, 0x00, 0x01, 0x04, 0x03, 0x06, 0x01, 0x04, 0x02, 0x00, 0x01, 0x04,
    0x03, 0x06, 0x01, 0x04, 0x01, 0x00, 0x04, 0x03, 0x01, 0x00, 0x01, 0x05, 0x03, 0x06, 0x01, 0x04,
    0x01, 0x01, 0x01, 0x00, 0x01, 0x04, 0x03, 0x06, 0x01, 0x04, 0x01, 0x00, 0x20, 0x03, 0x01, 0x00,
    0x01, 0x04, 0x03, 0x06, 0x01, 0x04, 0x02, 0x00, 0x01, 0x04, 0x03, 0x06, 0x01, 0x04, 0x01, 0x00,
    0x04, 0x03, 0x01, 0x00, 0x01, 0x04, 0x03, 0x06, 0x01, 0x04, 0x01, 0x01, 0x01, 0x00, 0x01, 0x04,
    0x03, 0x06, 0x01, 0x04, 0x01, 0x00, 0x20, 0x03, 0x01, 0x00, 0x01, 0x04, 0x03, 0x06, 0x01, 0x04,
    0x02, 0x00, 0x01, 0x04, 0x03, 0x06, 0x01, 0x04, 0x01, 0x00, 0x04, 0x03, 0x01, 0x00, 0x01, 0x04,
    0x03, 0x06, 0x01, 0x04, 0x01, 0x01, 0x01, 0x00, 0x01, 0x04, 0x03, 0x06, 0x01, 0x04, 0x01, 0x00,
    0x20, 0x03, 0x01, 0x00, 0x01, 0x04, 0x03, 0x06, 0x01, 0x04, 0x02, 0x00, 0x01, 0x04, 0x03, 0x06,
    0x01, 0x04, 0x01, 0x00, 0x04, 0x03, 0x01, 0x00, 0x01, 0x05, 0x03, 0x06, 0x01, 0x04, 0x01, 0x01,
    0x01, 0x00, 0x01, 0x04, 0x03, 0x06, 0x01, 0x04, 0x01, 0x00, 0x15, 0x03, 0x01, 0x01, 0x01, 0x03,
    0x01, 0x00, 0x01, 0x03, 0x01, 0x00, 0x01, 0x03, 0x01, 0x00, 0x02, 0x01, 0x01, 0x00, 0x01, 0x03,
    0x01, 0x00, 0x01, 0x04, 0x03, 0x05, 0x01, 0x04, 0x02, 0x00, 0x01, 0x04, 0x03, 0x05, 0x01, 0x04,
    0x01, 0x00, 0x01, 0x03, 0x02, 0x01, 0x01, 0x03, 0x01, 0x00, 0x01, 0x04, 0x03, 0x05, 0x01, 0x04,
    0x02, 0x00, 0x01, 0x04, 0x03, 0x05, 0x01, 0x04, 0x01, 0x00, 0x01, 0x03, 0x03, 0x01, 0x01, 0x00,
    0x01, 0x03, 0x01, 0x00, 0x01, 0x03, 0x01, 0x00, 0x01, 0x03, 0x01, 0x00, 0x02, 0x01, 0x01, 0x00,
    0x01, 0x03, 0x01, 0x00, 0x01, 0x03, 0x01, 0x00, 0x01, 0x03, 0x01, 0x00, 0x01, 0x01, 0x01, 0x04,
    0x01, 0x03, 0x01, 0x04, 0x01, 0x01, 0x01, 0x04, 0x01, 0x01, 0x01, 0x04, 0x01, 0x03, 0x02, 0x04,
    0x01, 0x03, 0x01, 0x04, 0x01, 0x00, 0x01, 0x04, 0x01, 0x02, 0x01, 0x04, 0x01, 0x03, 0x02, 0x04,
    0x01, 0x03, 0x01, 0x04, 0x01, 0x02, 0x01, 0x04, 0x01, 0x02, 0x01, 0x04, 0x01, 0x03, 0x02, 0x04,
    0x01, 0x03, 0x01, 0x04, 0x01, 0x00, 0x01, 0x04, 0x01, 0x00, 0x01, 0x04, 0x01, 0x03, 0x02, 0x04,
    0x01, 0x03, 0x01, 0x04, 0x01, 0x02, 0x01, 0x04, 0x01, 0x00, 0x01, 0x04, 0x01, 0x03, 0x01, 0x04,
    0x02, 0x03, 0x01, 0x04, 0x01, 0x03, 0x01, 0x04, 0x01, 0x00, 0x01, 0x04, 0x01, 0x03, 0x02, 0x04,
    0x01, 0x03, 0x01, 0x04, 0x01, 0x03, 0x01, 0x04, 0x01, 0x01, 0x01, 0x04, 0x01, 0x03, 0x02, 0x04,
    0x02, 0x03, 0x01, 0x04, 0x01, 0x01, 0x01, 0x04, 0x01, 0x03, 0x01, 0x04, 0x02, 0x03, 0x01, 0x04,
    0x01, 0x03, 0x01, 0x04, 0x01, 0x01, 0x01, 0x04, 0x01, 0x01, 0x01, 0x04, 0x02, 0x03, 0x01, 0x04,
    0x01, 0x03, 0x01, 0x04, 0x01, 0x01, 0x01, 0x04, 0x01, 0x01, 0x01, 0x04, 0x04, 0x03, 0x01, 0x04,
    0x01, 0x01, 0x01, 0x04, 0x01, 0x01, 0x01, 0x04, 0x01, 0x03, 0x01, 0x04, 0x02, 0x03, 0x01, 0x04,
    0x01, 0x01, 0x01, 0x04, 0x01, 0x01, 0x01, 0x04, 0x01, 0x03, 0x01, 0x04, 0x02, 0x03, 0x01, 0x04,
    0x01, 0x03, 0x01, 0x04, 0x01, 0x01, 0x01, 0x04, 0x01, 0x03, 0x01, 0x04, 0x02, 0x03, 0x01, 0x04,
    0x01, 0x03, 0x01, 0x04, 0x01, 0x01, 0x01, 0x04, 0x01, 0x03, 0x01, 0x04, 0x04, 0x03, 0x01, 0x01,
    0x08, 0x03, 0x01, 0x01, 0x0A, 0x03, 0x01, 0x02, 0x08, 0x03, 0x01, 0x02, 0x08, 0x03, 0x01, 0x02,
    0x08, 0x03, 0x01, 0x01, 0x08, 0x03, 0x01, 0x01, 0x04, 0x03, 0x01, 0x04, 0x01, 0x03, 0x01, 0x04,
    0x01, 0x00, 0x01, 0x04, 0x01, 0x01, 0x01, 0x04, 0x01, 0x03, 0x02, 0x04, 0x01, 0x03, 0x01, 0x04,
    0x01, 0x00, 0x01, 0x04, 0x01, 0x01, 0x01, 0x04, 0x01, 0x03, 0x02, 0x04, 0x01, 0x03, 0x01, 0x04,
    0x01, 0x01, 0x01, 0x04, 0x01, 0x00, 0x01, 0x04, 0x01, 0x03, 0x02, 0x04, 0x01, 0x03, 0x01, 0x04,
    0x01, 0x01, 0x01, 0x04, 0x01, 0x00, 0x01, 0x04, 0x01, 0x03, 0x02, 0x04, 0x01, 0x03, 0x01, 0x04,
    0x01, 0x01, 0x01, 0x04, 0x01, 0x00, 0x01, 0x04, 0x01, 0x03, 0x04, 0x04, 0x01, 0x03, 0x01, 0x04,
    0x01, 0x00, 0x01, 0x04, 0x01, 0x03, 0x04, 0x04, 0x01, 0x03, 0x01, 0x04, 0x01, 0x00, 0x01, 0x04,
    0x01, 0x01, 0x02, 0x04, 0x01, 0x01, 0x01, 0x03, 0x01, 0x01, 0x01, 0x03, 0x01, 0x01, 0x01, 0x03,
    0x01, 0x01, 0x01, 0x03, 0x02, 0x01, 0x01, 0x03, 0x01, 0x01, 0x01, 0x03, 0x01, 0x01, 0x01, 0x03,
    0x01, 0x01, 0x01, 0x03, 0x02, 0x01, 0x01, 0x03, 0x01, 0x01, 0x01, 0x03, 0x01, 0x01, 0x01, 0x03,
    0x01, 0x01, 0x01, 0x03, 0x02, 0x01, 0x01, 0x03, 0x01, 0x01, 0x01, 0x03, 0x01, 0x01, 0x01, 0x03,
    0x01, 0x01, 0x01, 0x03, 0x02, 0x01, 0x01, 0x03, 0x01, 0x01, 0x01, 0x03, 0x01, 0x01, 0x01, 0x03,
    0x01, 0x02, 0x01, 0x03, 0x01, 0x02, 0x01, 0x03, 0x02, 0x01, 0x01, 0x03, 0x01, 0x01, 0x01, 0x03,
    0x01, 0x01, 0x01, 0x03, 0x01, 0x01, 0x02, 0x03, 0x01, 0x01, 0x01, 0x03, 0x01, 0x01, 0x01, 0x03,
    0x01, 0x01, 0x01, 0x03, 0x02, 0x01, 0x01, 0x04, 0x01, 0x03, 0x01, 0x04, 0x01, 0x00, 0x01, 0x04,
    0x01, 0x01, 0x01, 0x04, 0x01, 0x03, 0x02, 0x04, 0x01, 0x03, 0x01, 0x04, 0x01, 0x00, 0x01, 0x04,
    0x01, 0x01, 0x01, 0x04, 0x01, 0x03, 0x02, 0x04, 0x01, 0x03, 0x01, 0x04, 0x01, 0x00, 0x01, 0x04,
    0x01, 0x00, 0x01, 0x04, 0x01, 0x03, 0x02, 0x04, 0x01, 0x03, 0x01, 0x04, 0x01, 0x01, 0x01, 0x04,
    0x01, 0x00, 0x01, 0x04, 0x01, 0x03, 0x04, 0x04, 0x01, 0x01, 0x01, 0x04, 0x01, 0x00, 0x01, 0x04,
    0x01, 0x03, 0x04, 0x04, 0x01, 0x03, 0x01, 0x04, 0x01, 0x00, 0x01, 0x04, 0x01, 0x03, 0x04, 0x04,
    0x01, 0x03, 0x01, 0x04, 0x01, 0x00, 0x01, 0x04, 0x01, 0x01, 0x02, 0x04, 0x01, 0x01, 0x01, 0x03,
    0x01, 0x00, 0x01, 0x03, 0x01, 0x00, 0x01, 0x03, 0x01, 0x00, 0x02, 0x01, 0x01, 0x00, 0x01, 0x03,
    0x01, 0x00, 0x01, 0x03, 0x01, 0x00, 0x01, 0x03, 0x01, 0x00, 0x04, 0x01, 0x01, 0x00, 0x01, 0x03,
    0x01, 0x00, 0x01, 0x03, 0x01, 0x00, 0x04, 0x01, 0x01, 0x00, 0x01, 0x03, 0x01, 0x00, 0x01, 0x03,
    0x01, 0x00, 0x01, 0x03, 0x03, 0x01, 0x01, 0x00, 0x01, 0x03, 0x01, 0x00, 0x01, 0x03, 0x01, 0x00,
    0x01, 0x03, 0x01, 0x00, 0x02, 0x01, 0x01, 0x00, 0x01, 0x03, 0x01, 0x00, 0x01, 0x03, 0x01, 0x00,
    0x01, 0x03, 0x01, 0x00, 0x02, 0x01, 0x01, 0x00, 0x01, 0x03, 0x01, 0x00, 0x01, 0x03, 0x01, 0x00,
    0x01, 0x03, 0x02, 0x01, 0x01, 0x04, 0x01, 0x03, 0x01, 0x04, 0x01, 0x00, 0x01, 0x04, 0x01, 0x01,
    0x01, 0x04, 0x01, 0x03, 0x02, 0x04, 0x01, 0x03, 0x01, 0x04, 0x01, 0x00, 0x01, 0x04, 0x01, 0x01,
    0x01, 0x04, 0x01, 0x03, 0x02, 0x04, 0x01, 0x03, 0x01, 0x04, 0x01, 0x01, 0x01, 0x04, 0x01, 0x00,
    0x01, 0x04, 0x01, 0x03, 0x02, 0x04, 0x01, 0x03, 0x01, 0x04, 0x01, 0x01, 0x01, 0x04, 0x01, 0x00,
    0x01, 0x04, 0x01, 0x03, 0x02, 0x04, 0x01, 0x03, 0x01, 0x04, 0x01, 0x01, 0x01, 0x04, 0x01, 0x00,
    0x01, 0x04, 0x01, 0x03, 0x04, 0x04, 0x01, 0x03, 0x01, 0x04, 0x01, 0x00, 0x01, 0x04, 0x01, 0x03,
    0x04, 0x04, 0x01, 0x03, 0x01, 0x04, 0x01, 0x00, 0x01, 0x04, 0x01, 0x01, 0x02, 0x04, 0x40, 0x03,
    0x01, 0x04, 0x01, 0x03, 0x01, 0x04, 0x01, 0x01, 0x01, 0x04, 0x01, 0x01, 0x01, 0x04, 0x01, 0x03,
    0x02, 0x04, 0x01, 0x03, 0x01, 0x04, 0x01, 0x00, 0x01, 0x04, 0x01, 0x01, 0x01, 0x04, 0x01, 0x03,
    0x02, 0x04, 0x01, 0x03, 0x01, 0x04, 0x01, 0x01, 0x01, 0x04, 0x01, 0x00, 0x01, 0x04, 0x01, 0x03,
    0x02, 0x04, 0x01, 0x03, 0x01, 0x04, 0x01, 0x01, 0x01, 0x04, 0x01, 0x01, 0x01, 0x04, 0x01, 0x03,
    0x02, 0x04, 0x01, 0x03, 0x01, 0x04, 0x01, 0x01, 0x01, 0x04, 0x01, 0x00, 0x01, 0x04, 0x01, 0x03,
    0x02, 0x04, 0x01, 0x03, 0x01, 0x04, 0x01, 0x03, 0x01, 0x04, 0x01, 0x00, 0x01, 0x04, 0x01, 0x03,
    0x04, 0x04, 0x01, 0x03, 0x01, 0x04, 0x01, 0x01, 0x01, 0x04, 0x01, 0x01, 0x03, 0x04, 0x01, 0x03,
    0x01, 0x04, 0x01, 0x01, 0x01, 0x04, 0x01, 0x01, 0x01, 0x04, 0x01, 0x03, 0x02, 0x04, 0x01, 0x03,
    0x01, 0x04, 0x01, 0x01, 0x01, 0x04, 0x01, 0x01, 0x01, 0x04, 0x01, 0x03, 0x02, 0x04, 0x01, 0x03,
    0x01, 0x04, 0x01, 0x01, 0x01, 0x04, 0x01, 0x01, 0x01, 0x04, 0x01, 0x03, 0x02, 0x04, 0x01, 0x03,
    0x01, 0x04, 0x01, 0x01, 0x01, 0x04, 0x01, 0x01, 0x01, 0x04, 0x01, 0x03, 0x02, 0x04, 0x01, 0x03,
    0x01, 0x04, 0x01, 0x01, 0x01, 0x04, 0x01, 0x01, 0x01, 0x04, 0x01, 0x03, 0x01, 0x04, 0x02, 0x03,
    0x01, 0x04, 0x01, 0x03, 0x01, 0x04, 0x01, 0x01, 0x01, 0x04, 0x01, 0x03, 0x01, 0x04, 0x02, 0x03,
    0x01, 0x04, 0x01, 0x03, 0x01, 0x04, 0x01, 0x01, 0x01, 0x04, 0x01, 0x01, 0x02, 0x04, 0x03, 0x03,
    0x01, 0x01, 0x01, 0x04, 0x07, 0x03, 0x01, 0x01, 0x01, 0x03, 0x01, 0x01, 0x01, 0x04, 0x04, 0x03,
    0x01, 0x04, 0x01, 0x01, 0x01, 0x03, 0x01, 0x01, 0x07, 0x03, 0x01, 0x04, 0x01, 0x01, 0x06, 0x03,
    0x01, 0x01, 0x01, 0x03, 0x01, 0x01, 0x01, 0x04, 0x07, 0x03, 0x01, 0x01, 0x07, 0x03, 0x01, 0x04,
    0x01, 0x01, 0x04, 0x03, 0x01, 0x04, 0x01, 0x03, 0x01, 0x04, 0x01, 0x01, 0x01, 0x04, 0x01, 0x01,
    0x01, 0x04, 0x01, 0x03, 0x02, 0x04, 0x01, 0x03, 0x01, 0x04, 0x01, 0x00, 0x01, 0x04, 0x01, 0x01,
    0x01, 0x04, 0x01, 0x03, 0x02, 0x04, 0x01, 0x03, 0x01, 0x04, 0x01, 0x01, 0x01, 0x04, 0x01, 0x00,
    0x01, 0x04, 0x01, 0x03, 0x02, 0x04, 0x01, 0x03, 0x01, 0x04, 0x01, 0x01, 0x01, 0x04, 0x01, 0x01,
    0x01, 0x04, 0x01, 0x03, 0x02, 0x04, 0x01, 0x03, 0x01, 0x04, 0x01, 0x01, 0x01, 0x04, 0x01, 0x00,
    0x01, 0x04, 0x01, 0x03, 0x02, 0x04, 0x01, 0x03, 0x01, 0x04, 0x01, 0x03, 0x01, 0x04, 0x01, 0x00,
    0x01, 0x04, 0x01, 0x03, 0x04, 0x04, 0x01, 0x03, 0x01, 0x04, 0x01, 0x00, 0x01, 0x04, 0x01, 0x01,
    0x02, 0x04, 0x01, 0x01, 0x01, 0x03, 0x01, 0x01, 0x01, 0x03, 0x01, 0x01, 0x01, 0x03, 0x01, 0x01,
    0x01, 0x03, 0x02, 0x01, 0x01, 0x03, 0x01, 0x01, 0x01, 0x03, 0x01, 0x01, 0x01, 0x03, 0x01, 0x01,
    0x01, 0x03, 0x02, 0x01, 0x01, 0x03, 0x01, 0x01, 0x01, 0x03, 0x01, 0x01, 0x01, 0x03, 0x01, 0x01,
    0x01, 0x03, 0x02, 0x01, 0x01, 0x03, 0x01, 0x01, 0x01, 0x03, 0x01, 0x01, 0x01, 0x03, 0x01, 0x01,
    0x01, 0x03, 0x02, 0x01, 0x01, 0x03, 0x01, 0x01, 0x01, 0x03, 0x01, 0x01, 0x01, 0x03, 0x01, 0x01,
    0x01, 0x03, 0x02, 0x01, 0x01, 0x03, 0x01, 0x01, 0x01, 0x03, 0x01, 0x01, 0x01, 0x03, 0x01, 0x01,
    0x01, 0x03, 0x02, 0x01, 0x01, 0x03, 0x01, 0x01, 0x01, 0x03, 0x01, 0x01, 0x01, 0x03, 0x01, 0x01,
    0x01, 0x03, 0x02, 0x01, 0x01, 0x04, 0x01, 0x03, 0x01, 0x04, 0x01, 0x00, 0x01, 0x04, 0x01, 0x01,
    0x01, 0x04, 0x01, 0x03, 0x02, 0x04, 0x01, 0x03, 0x01, 0x04, 0x01, 0x00, 0x01, 0x04, 0x01, 0x01,
    0x01, 0x04, 0x01, 0x03, 0x02, 0x04, 0x01, 0x03, 0x01, 0x04, 0x01, 0x00, 0x01, 0x04, 0x01, 0x00,
    0x01, 0x04, 0x01, 0x03, 0x02, 0x04, 0x01, 0x03, 0x01, 0x04, 0x01, 0x01, 0x01, 0x04, 0x01, 0x00,
    0x01, 0x04, 0x01, 0x03, 0x04, 0x04, 0x01, 0x00, 0x01, 0x04, 0x01, 0x00, 0x01, 0x04, 0x01, 0x03,
    0x04, 0x04, 0x01, 0x03, 0x01, 0x04, 0x01, 0x00, 0x01, 0x04, 0x01, 0x03, 0x04, 0x04, 0x01, 0x03,
    0x01, 0x04, 0x01, 0x00, 0x01, 0x04, 0x01, 0x01, 0x02, 0x04, 0xFF, 0x03, 0xB5, 0x03, 0x02, 0x00,
    0x3C, 0x03, 0x01, 0x02, 0x01, 0x03, 0x02, 0x04, 0x01, 0x02, 0x3B, 0x03, 0x01, 0x01, 0x01, 0x03,
    0x02, 0x05, 0x01, 0x00, 0x01, 0x02, 0x3A, 0x03, 0x01, 0x02, 0x01, 0x03, 0x02, 0x05, 0x01, 0x00,
    0x01, 0x01, 0x3A, 0x03, 0x01, 0x02, 0x01, 0x03, 0x02, 0x05, 0x01, 0x00, 0x01, 0x01, 0x3A, 0x03,
    0x01, 0x02, 0x01, 0x03, 0x02, 0x05, 0x01, 0x00, 0x01, 0x01, 0x3A, 0x03, 0x01, 0x02, 0x01, 0x03,
    0x02, 0x05, 0x01, 0x00, 0x01, 0x01, 0x3A, 0x03, 0x01, 0x02, 0x01, 0x03, 0x02, 0x05, 0x01, 0x00,
    0x01, 0x01, 0x3C, 0x03, 0x02, 0x05, 0x01, 0x00, 0x01, 0x01, 0x33, 0x03, 0x09, 0x00, 0x02, 0x05,
    0x01, 0x00, 0x01, 0x01, 0x31, 0x03, 0x01, 0x00, 0x01, 0x01, 0x09, 0x04, 0x02, 0x05, 0x02, 0x00,
    0x31, 0x03, 0x02, 0x00, 0x0B, 0x05, 0x01, 0x01, 0x01, 0x00, 0x15, 0x03, 0x02, 0x01, 0x05, 0x03,
    0x14, 0x01, 0x01, 0x00, 0x01, 0x04, 0x07, 0x05, 0x05, 0x04, 0x01, 0x03, 0x01, 0x02, 0x14, 0x03,
    0x03, 0x00, 0x05, 0x02, 0x15, 0x00, 0x07, 0x05, 0x01, 0x04, 0x05, 0x00, 0x15, 0x03, 0x01, 0x00,
    0x01, 0x04, 0x23, 0x05, 0x01, 0x04, 0x01, 0x00, 0x19, 0x03, 0x01, 0x00, 0x01, 0x04, 0x23, 0x05,
    0x01, 0x04, 0x01, 0x00, 0x19, 0x03, 0x01, 0x00, 0x01, 0x04, 0x23, 0x05, 0x01, 0x04, 0x01, 0x00,
    0x19, 0x03, 0x01, 0x00, 0x01, 0x04, 0x23, 0x05, 0x01, 0x04, 0x01, 0x00, 0x19, 0x03, 0x01, 0x00,
    0x01, 0x04, 0x03, 0x05, 0x01, 0x04, 0x02, 0x00, 0x01, 0x04, 0x0E, 0x05, 0x01, 0x03, 0x02, 0x00,
    0x01, 0x04, 0x0A, 0x05, 0x01, 0x04, 0x01, 0x00, 0x19, 0x03, 0x01, 0x00, 0x01, 0x04, 0x03, 0x05,
    0x01, 0x04, 0x02, 0x00, 0x01, 0x04, 0x0E, 0x05, 0x01, 0x03, 0x02, 0x00, 0x01, 0x04, 0x0A, 0x05,
    0x01, 0x04, 0x01, 0x00, 0x19, 0x03, 0x01, 0x00, 0x01, 0x04, 0x03, 0x05, 0x01, 0x04, 0x02, 0x00,
    0x01, 0x04, 0x0E, 0x05, 0x01, 0x02, 0x02, 0x00, 0x01, 0x04, 0x03, 0x05, 0x01, 0x04, 0x07, 0x00,
    0x14, 0x03, 0x02, 0x01, 0x04, 0x03, 0x01, 0x00, 0x01, 0x04, 0x1C, 0x05, 0x01, 0x04, 0x01, 0x00,
    0x19, 0x03, 0x01, 0x02, 0x02, 0x00, 0x03, 0x02, 0x01, 0x03, 0x01, 0x00, 0x01, 0x04, 0x1C, 0x05,
    0x01, 0x04, 0x01, 0x00, 0x19, 0x03, 0x01, 0x00, 0x01, 0x04, 0x23, 0x05, 0x01, 0x04, 0x01, 0x00,
    0x19, 0x03, 0x01, 0x00, 0x24, 0x05, 0x01, 0x04, 0x01, 0x00, 0x19, 0x03, 0x01, 0x00, 0x24, 0x05,
    0x01, 0x04, 0x01, 0x00, 0x19, 0x03, 0x01, 0x00, 0x24, 0x05, 0x01, 0x04, 0x01, 0x00, 0x01, 0x03,
    0x01, 0x02, 0x17, 0x03, 0x01, 0x00, 0x24, 0x05, 0x01, 0x04, 0x01, 0x00, 0x19, 0x03, 0x01, 0x00,
    0x24, 0x05, 0x01, 0x04, 0x01, 0x00, 0x19, 0x03, 0x01, 0x00, 0x24, 0x05, 0x01, 0x04, 0x01, 0x00,
    0x19, 0x03, 0x01, 0x00, 0x07, 0x04, 0x1D, 0x05, 0x01, 0x04, 0x01, 0x00, 0x1A, 0x03, 0x07, 0x00,
    0x01, 0x04, 0x1C, 0x05, 0x01, 0x04, 0x01, 0x00, 0x20, 0x03, 0x01, 0x00, 0x01, 0x04, 0x1C, 0x05,
    0x01, 0x04, 0x01, 0x00, 0x20, 0x03, 0x01, 0x00, 0x01, 0x04, 0x1C, 0x05, 0x01, 0x04, 0x01, 0x00,
    0x20, 0x03, 0x01, 0x00, 0x01, 0x04, 0x1C, 0x05, 0x01, 0x04, 0x01, 0x00, 0x20, 0x03, 0x01, 0x00,
    0x01, 0x04, 0x1C, 0x05, 0x01, 0x04, 0x01, 0x00, 0x20, 0x03, 0x01, 0x00, 0x01, 0x04, 0x03, 0x05,
    0x01, 0x04, 0x02, 0x00, 0x01, 0x04, 0x03, 0x05, 0x01, 0x04, 0x06, 0x00, 0x01, 0x04, 0x03, 0x05,
    0x01, 0x04, 0x02, 0x00, 0x01, 0x04, 0x03, 0x05, 0x01, 0x04, 0x01, 0x00, 0x20, 0x03, 0x01, 0x00,
    0x01, 0x04, 0x03, 0x05, 0x01, 0x04, 0x02, 0x00, 0x01, 0x04, 0x03, 0x05, 0x01, 0x04, 0x01, 0x00,
    0x04, 0x03, 0x01, 0x00, 0x01, 0x04, 0x03, 0x05, 0x01, 0x04, 0x01, 0x01, 0x01, 0x00, 0x01, 0x04,
    0x03, 0x05, 0x01, 0x04, 0x01, 0x00, 0x20, 0x03, 0x01, 0x00, 0x01, 0x04, 0x03, 0x05, 0x01, 0x04,
    0x02, 0x00, 0x01, 0x04, 0x03, 0x05, 0x01, 0x04, 0x01, 0x00, 0x04, 0x03, 0x01, 0x00, 0x01, 0x04,
    0x03, 0x05, 0x01, 0x04, 0x01, 0x01, 0x01, 0x00, 0x01, 0x04, 0x03, 0x05, 0x01, 0x04, 0x01, 0x00,
    0x20, 0x03, 0x01, 0x00, 0x01, 0x04, 0x03, 0x05, 0x01, 0x04, 0x02, 0x00, 0x01, 0x04, 0x03, 0x05,
    0x01, 0x04, 0x01, 0x00, 0x04, 0x03, 0x01, 0x00, 0x01, 0x04, 0x03, 0x05, 0x01, 0x04, 0x01, 0x01,
    0x01, 0x00, 0x01, 0x04, 0x03, 0x05, 0x01, 0x04, 0x01, 0x00, 0x20, 0x03, 0x01, 0x00, 0x01, 0x04,
    0x03, 0x05, 0x01, 0x04, 0x02, 0x00, 0x01, 0x04, 0x03, 0x05, 0x01, 0x04, 0x01, 0x00, 0x04, 0x03,
    0x01, 0x00, 0x01, 0x04, 0x03, 0x05, 0x01, 0x04, 0x01, 0x01, 0x01, 0x00, 0x01, 0x04, 0x03, 0x05,
    0x01, 0x04, 0x01, 0x00, 0x20, 0x03, 0x01, 0x00, 0x01, 0x04, 0x03, 0x05, 0x01, 0x04, 0x02, 0x00,
    0x01, 0x04, 0x03, 0x05, 0x01, 0x04, 0x01, 0x00, 0x04, 0x03, 0x01, 0x00, 0x01, 0x04, 0x03, 0x05,
    0x01, 0x04, 0x01, 0x01, 0x01, 0x00, 0x01, 0x04, 0x03, 0x05, 0x01, 0x04, 0x01, 0x00, 0x15, 0x03,
    0x01, 0x01, 0x01, 0x03, 0x01, 0x00, 0x01, 0x03, 0x01, 0x00, 0x01, 0x03, 0x01, 0x00, 0x01, 0x02,
    0x01, 0x01, 0x01, 0x00, 0x01, 0x03, 0x01, 0x00, 0x01, 0x04, 0x03, 0x05, 0x01, 0x04, 0x02, 0x00,
    0x01, 0x04, 0x03, 0x05, 0x01, 0x04, 0x01, 0x00, 0x01, 0x03, 0x02, 0x01, 0x01, 0x03, 0x01, 0x00,
    0x01, 0x04, 0x03, 0x05, 0x01, 0x04, 0x02, 0x00, 0x01, 0x04, 0x03, 0x05, 0x01, 0x04, 0x01, 0x00,
    0x01, 0x03, 0x01, 0x01, 0x02, 0x02, 0x01, 0x00, 0x01, 0x03, 0x01, 0x00, 0x01, 0x03, 0x01, 0x00,
    0x01, 0x03, 0x01, 0x00, 0x01, 0x01, 0x01, 0x02, 0x01, 0x00, 0x01, 0x03, 0x01, 0x00, 0x01, 0x03,
    0x01, 0x00, 0x01, 0x03, 0x02, 0x01, 0x01, 0x04, 0x01, 0x03, 0x01, 0x04, 0x01, 0x01, 0x01, 0x04,
    0x01, 0x02, 0x01, 0x04, 0x01, 0x03, 0x02, 0x04, 0x01, 0x03, 0x01, 0x04, 0x01, 0x00, 0x01, 0x04,
    0x01, 0x00, 0x01, 0x04, 0x01, 0x03, 0x02, 0x04, 0x01, 0x03, 0x01, 0x04, 0x01, 0x00, 0x01, 0x04,
    0x01, 0x02, 0x01, 0x04, 0x01, 0x03, 0x02, 0x04, 0x01, 0x03, 0x01, 0x04, 0x01, 0x00, 0x01, 0x04,
    0x01, 0x00, 0x01, 0x04, 0x01, 0x03, 0x02, 0x04, 0x01, 0x03, 0x01, 0x04, 0x01, 0x00, 0x01, 0x04,
    0x01, 0x00, 0x01, 0x04, 0x01, 0x03, 0x01, 0x04, 0x02, 0x03, 0x01, 0x04, 0x01, 0x03, 0x01, 0x04,
    0x01, 0x00, 0x01, 0x04, 0x01, 0x03, 0x02, 0x04, 0x01, 0x03, 0x01, 0x04, 0x01, 0x03, 0x01, 0x04,
    0x01, 0x01, 0x01, 0x04, 0x01, 0x03, 0x02, 0x04, 0x02, 0x03, 0x01, 0x04, 0x01, 0x02, 0x01, 0x04,
    0x01, 0x03, 0x01, 0x04, 0x02, 0x03, 0x01, 0x04, 0x01, 0x03, 0x01, 0x04, 0x01, 0x01, 0x01, 0x04,
    0x01, 0x01, 0x01, 0x04, 0x02, 0x03, 0x01, 0x04, 0x01, 0x03, 0x01, 0x04, 0x01, 0x01, 0x01, 0x04,
    0x01, 0x01, 0x01, 0x04, 0x04, 0x03, 0x01, 0x04, 0x01, 0x03, 0x01, 0x04, 0x01, 0x01, 0x01, 0x04,
    0x01, 0x03, 0x01, 0x04, 0x02, 0x03, 0x01, 0x04, 0x01, 0x01, 0x01, 0x04, 0x01, 0x01, 0x01, 0x04,
    0x01, 0x03, 0x01, 0x04, 0x02, 0x03, 0x01, 0x04, 0x01, 0x03, 0x01, 0x04, 0x01, 0x01, 0x01, 0x04,
    0x01, 0x03, 0x01, 0x04, 0x02, 0x03, 0x01, 0x04, 0x01, 0x03, 0x01, 0x04, 0x01, 0x01, 0x01, 0x04,
    0x01, 0x03, 0x01, 0x04, 0x0D, 0x03, 0x01, 0x02, 0x0A, 0x03, 0x01, 0x02, 0x08, 0x03, 0x01, 0x02,
    0x08, 0x03, 0x01, 0x02, 0x08, 0x03, 0x01, 0x02, 0x08, 0x03, 0x01, 0x02, 0x04, 0x03, 0x01, 0x04,
    0x01, 0x03, 0x01, 0x04, 0x01, 0x00, 0x01, 0x04, 0x01, 0x02, 0x01, 0x04, 0x01, 0x03, 0x02, 0x04,
    0x01, 0x03, 0x01, 0x04, 0x01, 0x00, 0x01, 0x04, 0x01, 0x02, 0x01, 0x04, 0x01, 0x03, 0x02, 0x04,
    0x01, 0x03, 0x01, 0x04, 0x01, 0x01, 0x01, 0x04, 0x01, 0x00, 0x01, 0x04, 0x01, 0x03, 0x02, 0x04,
    0x01, 0x03, 0x01, 0x04, 0x01, 0x02, 0x01, 0x04, 0x01, 0x00, 0x01, 0x04, 0x01, 0x03, 0x02, 0x04,
    0x01, 0x03, 0x01, 0x04, 0x01, 0x01, 0x01, 0x04, 0x01, 0x00, 0x01, 0x04, 0x01, 0x03, 0x04, 0x04,
    0x01, 0x03, 0x01, 0x04, 0x01, 0x00, 0x01, 0x04, 0x01, 0x03, 0x04, 0x04, 0x01, 0x03, 0x01, 0x04,
    0x01, 0x00, 0x01, 0x04, 0x01, 0x02, 0x02, 0x04, 0x01, 0x02, 0x01, 0x03, 0x01, 0x02, 0x01, 0x03,
    0x01, 0x02, 0x01, 0x03, 0x01, 0x02, 0x01, 0x03, 0x02, 0x02, 0x01, 0x03, 0x01, 0x02, 0x01, 0x03,
    0x01, 0x02, 0x01, 0x03, 0x01, 0x02, 0x01, 0x03, 0x02, 0x02, 0x01, 0x03, 0x01, 0x02, 0x01, 0x03,
    0x01, 0x02, 0x01, 0x03, 0x01, 0x02, 0x01, 0x03, 0x02, 0x02, 0x01, 0x03, 0x01, 0x02, 0x01, 0x03,
    0x01, 0x02, 0x01, 0x03, 0x01, 0x02, 0x01, 0x03, 0x02, 0x02, 0x01, 0x03, 0x01, 0x02, 0x01, 0x03,
    0x01, 0x02, 0x01, 0x03, 0x01, 0x02, 0x01, 0x03, 0x01, 0x02, 0x02, 0x03, 0x01, 0x02, 0x01, 0x03,
    0x01, 0x02, 0x01, 0x03, 0x01, 0x02, 0x01, 0x03, 0x01, 0x02, 0x02, 0x03, 0x01, 0x02, 0x01, 0x03,
    0x01, 0x02, 0x01, 0x03, 0x01, 0x02, 0x01, 0x03, 0x01, 0x02, 0x01, 0x03, 0x01, 0x04, 0x01, 0x03,
    0x01, 0x04, 0x01, 0x00, 0x01, 0x04, 0x01, 0x02, 0x01, 0x04, 0x01, 0x03, 0x02, 0x04, 0x01, 0x03,
    0x01, 0x04, 0x01, 0x00, 0x01, 0x04, 0x01, 0x02, 0x01, 0x04, 0x01, 0x03, 0x02, 0x04, 0x01, 0x03,
    0x01, 0x04, 0x01, 0x00, 0x01, 0x04, 0x01, 0x00, 0x01, 0x04, 0x01, 0x03, 0x02, 0x04, 0x01, 0x03,
    0x01, 0x04, 0x01, 0x01, 0x01, 0x04, 0x01, 0x00, 0x01, 0x04, 0x01, 0x03, 0x04, 0x04, 0x01, 0x01,
    0x01, 0x04, 0x01, 0x00, 0x01, 0x04, 0x01, 0x03, 0x04, 0x04, 0x01, 0x03, 0x01, 0x04, 0x01, 0x00,
    0x01, 0x04, 0x01, 0x03, 0x04, 0x04, 0x01, 0x03, 0x01, 0x04, 0x01, 0x00, 0x01, 0x04, 0x01, 0x02,
    0x02, 0x04, 0x01, 0x01, 0x01, 0x03, 0x01, 0x00, 0x01, 0x03, 0x01, 0x00, 0x01, 0x03, 0x01, 0x00,
    0x01, 0x02, 0x01, 0x01, 0x01, 0x00, 0x01, 0x03, 0x01, 0x00, 0x01, 0x03, 0x01, 0x00, 0x01, 0x03,
    0x01, 0x00, 0x01, 0x02, 0x02, 0x01, 0x01, 0x02, 0x01, 0x00, 0x01, 0x03, 0x01, 0x00, 0x01, 0x03,
    0x01, 0x00, 0x01, 0x02, 0x02, 0x01, 0x01, 0x02, 0x01, 0x00, 0x01, 0x03, 0x01, 0x00, 0x01, 0x03,
    0x01, 0x00, 0x01, 0x03, 0x02, 0x01, 0x01, 0x02, 0x01, 0x00, 0x01, 0x03, 0x01, 0x00, 0x01, 0x03,
    0x01, 0x00, 0x01, 0x03, 0x02, 0x01, 0x01, 0x02, 0x01, 0x00, 0x01, 0x03, 0x01, 0x00, 0x01, 0x03,
    0x01, 0x00, 0x01, 0x03, 0x01, 0x00, 0x01, 0x01, 0x01, 0x02, 0x01, 0x00, 0x01, 0x03, 0x01, 0x00,
    0x01, 0x03, 0x01, 0x00, 0x01, 0x03, 0x01, 0x00, 0x01, 0x01, 0x01, 0x04, 0x01, 0x03, 0x01, 0x04,
    0x01, 0x01, 0x01, 0x04, 0x01, 0x02, 0x01, 0x04, 0x01, 0x03, 0x02, 0x04, 0x01, 0x03, 0x01, 0x04,
    0x01, 0x00, 0x01, 0x04, 0x01, 0x02, 0x01, 0x04, 0x01, 0x03, 0x02, 0x04, 0x01, 0x03, 0x01, 0x04,
    0x01, 0x01, 0x01, 0x04, 0x01, 0x00, 0x01, 0x04, 0x01, 0x03, 0x02, 0x04, 0x01, 0x03, 0x01, 0x04,
    0x01, 0x02, 0x01, 0x04, 0x01, 0x00, 0x01, 0x04, 0x01, 0x03, 0x02, 0x04, 0x01, 0x03, 0x01, 0x04,
    0x01, 0x01, 0x01, 0x04, 0x01, 0x00, 0x01, 0x04, 0x01, 0x03, 0x04, 0x04, 0x01, 0x03, 0x01, 0x04,
    0x01, 0x00, 0x01, 0x04, 0x01, 0x03, 0x04, 0x04, 0x01, 0x03, 0x01, 0x04, 0x01, 0x00, 0x01, 0x04,
    0x01, 0x02, 0x02, 0x04, 0x40, 0x03, 0x01, 0x04, 0x01, 0x03, 0x01, 0x04, 0x01, 0x01, 0x01, 0x04,
    0x01, 0x02, 0x01, 0x04, 0x01, 0x03, 0x02, 0x04, 0x01, 0x03, 0x01, 0x04, 0x01, 0x00, 0x01, 0x04,
    0x01, 0x02, 0x01, 0x04, 0x01, 0x03, 0x02, 0x04, 0x01, 0x03, 0x01, 0x04, 0x01, 0x01, 0x01, 0x04,
    0x01, 0x00, 0x01, 0x04, 0x01, 0x03, 0x02, 0x04, 0x01, 0x03, 0x01, 0x04, 0x01, 0x02, 0x01, 0x04,
    0x01, 0x01, 0x01, 0x04, 0x01, 0x03, 0x02, 0x04, 0x01, 0x03, 0x01, 0x04, 0x01, 0x01, 0x01, 0x04,
    0x01, 0x02, 0x01, 0x04, 0x01, 0x03, 0x02, 0x04, 0x01, 0x03, 0x01, 0x04, 0x01, 0x03, 0x01, 0x04,
    0x01, 0x00, 0x01, 0x04, 0x01, 0x03, 0x04, 0x04, 0x01, 0x03, 0x01, 0x04, 0x01, 0x01, 0x01, 0x04,
    0x01, 0x02, 0x03, 0x04, 0x01, 0x03, 0x01, 0x04, 0x01, 0x01, 0x01, 0x04, 0x01, 0x02, 0x01, 0x04,
    0x01, 0x03, 0x02, 0x04, 0x01, 0x03, 0x01, 0x04, 0x01, 0x01, 0x01, 0x04, 0x01, 0x02, 0x01, 0x04,
    0x01, 0x03, 0x02, 0x04, 0x01, 0x03, 0x01, 0x04, 0x01, 0x02, 0x01, 0x04, 0x01, 0x01, 0x01, 0x04,
    0x01, 0x03, 0x02, 0x04, 0x01, 0x03, 0x01, 0x04, 0x01, 0x02, 0x01, 0x04, 0x01, 0x02, 0x01, 0x04,
    0x01, 0x03, 0x02, 0x04, 0x01, 0x03, 0x01, 0x04, 0x01, 0x02, 0x01, 0x04, 0x01, 0x01, 0x01, 0x04,
    0x01, 0x03, 0x01, 0x04, 0x02, 0x03, 0x01, 0x04, 0x01, 0x03, 0x01, 0x04, 0x01, 0x01, 0x01, 0x04,
    0x01, 0x03, 0x01, 0x04, 0x02, 0x03, 0x01, 0x04, 0x01, 0x03, 0x01, 0x04, 0x01, 0x01, 0x01, 0x04,
    0x01, 0x02, 0x02, 0x04, 0x03, 0x03, 0x01, 0x02, 0x01, 0x04, 0x07, 0x03, 0x01, 0x02, 0x02, 0x03,
    0x01, 0x04, 0x04, 0x03, 0x01, 0x04, 0x01, 0x02, 0x01, 0x03, 0x01, 0x02, 0x07, 0x03, 0x01, 0x04,
    0x01, 0x02, 0x06, 0x03, 0x01, 0x02, 0x01, 0x03, 0x01, 0x02, 0x01, 0x04, 0x07, 0x03, 0x01, 0x02,
    0x07, 0x03, 0x01, 0x04, 0x01, 0x02, 0x04, 0x03, 0x01, 0x04, 0x01, 0x03, 0x01, 0x04, 0x01, 0x01,
    0x01, 0x04, 0x01, 0x02, 0x01, 0x04, 0x01, 0x03, 0x02, 0x04, 0x01, 0x03, 0x01, 0x04, 0x01, 0x00,
    0x01, 0x04, 0x01, 0x02, 0x01, 0x04, 0x01, 0x03, 0x02, 0x04, 0x01, 0x03, 0x01, 0x04, 0x01, 0x01,
    0x01, 0x04, 0x01, 0x00, 0x01, 0x04, 0x01, 0x03, 0x02, 0x04, 0x01, 0x03, 0x01, 0x04, 0x01, 0x02,
    0x01, 0x04, 0x01, 0x01, 0x01, 0x04, 0x01, 0x03, 0x02, 0x04, 0x01, 0x03, 0x01, 0x04, 0x01, 0x01,
    0x01, 0x04, 0x01, 0x01, 0x01, 0x04, 0x01, 0x03, 0x02, 0x04, 0x01, 0x03, 0x01, 0x04, 0x01, 0x03,
    0x01, 0x04, 0x01, 0x00, 0x01, 0x04, 0x01, 0x03, 0x04, 0x04, 0x01, 0x03, 0x01, 0x04, 0x01, 0x00,
    0x01, 0x04, 0x01, 0x02, 0x02, 0x04, 0x01, 0x02, 0x01, 0x03, 0x01, 0x01, 0x01, 0x03, 0x01, 0x01,
    0x01, 0x03, 0x01, 0x02, 0x01, 0x03, 0x02, 0x02, 0x01, 0x03, 0x01, 0x02, 0x01, 0x03, 0x01, 0x01,
    0x01, 0x03, 0x01, 0x01, 0x01, 0x03, 0x02, 0x02, 0x01, 0x03, 0x01, 0x01, 0x01, 0x03, 0x01, 0x01,
    0x01, 0x03, 0x01, 0x02, 0x01, 0x03, 0x02, 0x02, 0x01, 0x03, 0x01, 0x02, 0x01, 0x03, 0x01, 0x01,
    0x01, 0x03, 0x01, 0x02, 0x01, 0x03, 0x02, 0x02, 0x01, 0x03, 0x01, 0x02, 0x01, 0x03, 0x01, 0x01,
    0x01, 0x03, 0x01, 0x01, 0x01, 0x03, 0x04, 0x02, 0x01, 0x03, 0x01, 0x01, 0x01, 0x03, 0x01, 0x02,
    0x01, 0x03, 0x02, 0x02, 0x01, 0x03, 0x01, 0x02, 0x01, 0x03, 0x01, 0x01, 0x01, 0x03, 0x01, 0x01,
    0x01, 0x03, 0x02, 0x02, 0x01, 0x04, 0x01, 0x03, 0x01, 0x04, 0x01, 0x00, 0x01, 0x04, 0x01, 0x02,
    0x01, 0x04, 0x01, 0x03, 0x02, 0x04, 0x01, 0x03, 0x01, 0x04, 0x01, 0x00, 0x01, 0x04, 0x01, 0x01,
    0x01, 0x04, 0x01, 0x03, 0x02, 0x04, 0x01, 0x03, 0x01, 0x04, 0x01, 0x00, 0x01, 0x04, 0x01, 0x00,
    0x01, 0x04, 0x01, 0x03, 0x02, 0x04, 0x01, 0x03, 0x01, 0x04, 0x01, 0x01, 0x01, 0x04, 0x01, 0x00,
    0x01, 0x04, 0x01, 0x03, 0x04, 0x04, 0x01, 0x01, 0x01, 0x04, 0x01, 0x00, 0x01, 0x04, 0x01, 0x03,
    0x04, 0x04, 0x01, 0x03, 0x01, 0x04, 0x01, 0x00, 0x01, 0x04, 0x01, 0x03, 0x04, 0x04, 0x01, 0x03,
    0x01, 0x04, 0x01, 0x00, 0x01, 0x04, 0x01, 0x02, 0x02, 0x04, 0xFF, 0x03, 0xB5, 0x03, 0x02, 0x00,
    0x3C, 0x03, 0x01, 0x02, 0x01, 0x03, 0x02, 0x04, 0x01, 0x02, 0x3B, 0x03, 0x01, 0x01, 0x01, 0x03,
    0x02, 0x05, 0x01, 0x00, 0x01, 0x02, 0x3A, 0x03, 0x01, 0x02, 0x01, 0x03, 0x02, 0x05, 0x01, 0x00,
    0x01, 0x01, 0x3A, 0x03, 0x01, 0x02, 0x01, 0x03, 0x02, 0x05, 0x01, 0x00, 0x01, 0x01, 0x3A, 0x03,
    0x01, 0x02, 0x01, 0x03, 0x02, 0x05, 0x01, 0x00, 0x01, 0x01, 0x3A, 0x03, 0x01, 0x02, 0x01, 0x03,
    0x02, 0x05, 0x01, 0x00, 0x01, 0x01, 0x3A, 0x03, 0x01, 0x02, 0x01, 0x03, 0x02, 0x05, 0x01, 0x00,
    0x01, 0x01, 0x3C, 0x03, 0x02, 0x05, 0x01, 0x00, 0x01, 0x01, 0x32, 0x03, 0x01, 0x02, 0x09, 0x00,
    0x02, 0x05, 0x01, 0x00, 0x32, 0x03, 0x02, 0x00, 0x09, 0x04, 0x02, 0x05, 0x02, 0x00, 0x31, 0x03,
    0x02, 0x00, 0x0B, 0x05, 0x01, 0x01, 0x01, 0x00, 0x15, 0x03, 0x02, 0x01, 0x05, 0x03, 0x14, 0x01,
    0x01, 0x00, 0x01, 0x04, 0x07, 0x05, 0x05, 0x04, 0x01, 0x03, 0x01, 0x02, 0x14, 0x03, 0x03, 0x00,
    0x05, 0x02, 0x15, 0x00, 0x07, 0x05, 0x01, 0x04, 0x05, 0x00, 0x15, 0x03, 0x01, 0x00, 0x01, 0x04,
    0x23, 0x05, 0x01, 0x04, 0x01, 0x00, 0x19, 0x03, 0x01, 0x00, 0x01, 0x04, 0x23, 0x05, 0x01, 0x04,
    0x01, 0x00, 0x19, 0x03, 0x01, 0x00, 0x01, 0x04, 0x23, 0x05, 0x01, 0x04, 0x01, 0x00, 0x19, 0x03,
    0x01, 0x00, 0x01, 0x04, 0x23, 0x05, 0x01, 0x04, 0x01, 0x00, 0x19, 0x03, 0x01, 0x00, 0x01, 0x04,
    0x03, 0x05, 0x01, 0x04, 0x02, 0x00, 0x01, 0x04, 0x0E, 0x05, 0x01, 0x03, 0x02, 0x00, 0x01, 0x04,
    0x0A, 0x05, 0x01, 0x04, 0x01, 0x00, 0x19, 0x03, 0x01, 0x00, 0x01, 0x04, 0x03, 0x05, 0x01, 0x04,
    0x02, 0x00, 0x01, 0x04, 0x0E, 0x05, 0x01, 0x03, 0x02, 0x00, 0x01, 0x04, 0x0A, 0x05, 0x01, 0x04,
    0x01, 0x00, 0x19, 0x03, 0x01, 0x00, 0x01, 0x04, 0x03, 0x05, 0x01, 0x04, 0x02, 0x00, 0x01, 0x04,
    0x0E, 0x05, 0x01, 0x02, 0x02, 0x00, 0x01, 0x04, 0x03, 0x05, 0x01, 0x04, 0x07, 0x00, 0x14, 0x03,
    0x02, 0x01, 0x04, 0x03, 0x01, 0x00, 0x01, 0x04, 0x1C, 0x05, 0x01, 0x04, 0x01, 0x00, 0x19, 0x03,
    0x01, 0x02, 0x02, 0x00, 0x03, 0x02, 0x01, 0x03, 0x01, 0x00, 0x01, 0x04, 0x1C, 0x05, 0x01, 0x04,
    0x01, 0x00, 0x19, 0x03, 0x01, 0x00, 0x01, 0x04, 0x23, 0x05, 0x01, 0x04, 0x01, 0x00, 0x19, 0x03,
    0x01, 0x00, 0x24, 0x05, 0x01, 0x04, 0x01, 0x00, 0x19, 0x03, 0x01, 0x00, 0x24, 0x05, 0x01, 0x04,
    0x01, 0x00, 0x19, 0x03, 0x01, 0x00, 0x24, 0x05, 0x01, 0x04, 0x01, 0x00, 0x01, 0x03, 0x01, 0x02,
    0x17, 0x03, 0x01, 0x00, 0x24, 0x05, 0x01, 0x04, 0x01, 0x00, 0x19, 0x03, 0x01, 0x00, 0x24, 0x05,
    0x01, 0x04, 0x01, 0x00, 0x19, 0x03, 0x01, 0x00, 0x24, 0x05, 0x01, 0x04, 0x01, 0x00, 0x19, 0x03,
    0x01, 0x00, 0x07, 0x04, 0x1D, 0x05, 0x01, 0x04, 0x01, 0x00, 0x1A, 0x03, 0x07, 0x00, 0x01, 0x04,
    0x1C, 0x05, 0x01, 0x04, 0x01, 0x00, 0x20, 0x03, 0x01, 0x00, 0x01, 0x04, 0x1C, 0x05, 0x01, 0x04,
    0x01, 0x00, 0x20, 0x03, 0x01, 0x00, 0x01, 0x04, 0x1C, 0x05, 0x01, 0x04, 0x01, 0x00, 0x20, 0x03,
    0x01, 0x00, 0x01, 0x04, 0x1C, 0x05, 0x01, 0x04, 0x01, 0x00, 0x20, 0x03, 0x01, 0x00, 0x01, 0x04,
    0x1C, 0x05, 0x01, 0x04, 0x01, 0x00, 0x20, 0x03, 0x01, 0x00, 0x01, 0x04, 0x03, 0x05, 0x01, 0x04,
    0x02, 0x00, 0x01, 0x04, 0x03, 0x05, 0x01, 0x04, 0x06, 0x00, 0x01, 0x04, 0x03, 0x05, 0x01, 0x04,
    0x02, 0x00, 0x01, 0x04, 0x03, 0x05, 0x01, 0x04, 0x01, 0x00, 0x20, 0x03, 0x01, 0x00, 0x01, 0x04,
    0x03, 0x05, 0x01, 0x04, 0x02, 0x00, 0x01, 0x04, 0x03, 0x05, 0x01, 0x04, 0x01, 0x00, 0x04, 0x03,
    0x01, 0x00, 0x01, 0x04, 0x03, 0x05, 0x01, 0x04, 0x01, 0x01, 0x01, 0x00, 0x01, 0x04, 0x03, 0x05,
    0x01, 0x04, 0x01, 0x00, 0x20, 0x03, 0x01, 0x00, 0x01, 0x04, 0x03, 0x05, 0x01, 0x04, 0x02, 0x00,
    0x01, 0x04, 0x03, 0x05, 0x01, 0x04, 0x01, 0x00, 0x04, 0x03, 0x01, 0x00, 0x01, 0x04, 0x03, 0x05,
    0x01, 0x04, 0x01, 0x01, 0x01, 0x00, 0x01, 0x04, 0x03, 0x05, 0x01, 0x04, 0x01, 0x00, 0x20, 0x03,
    0x01, 0x00, 0x01, 0x04, 0x03, 0x05, 0x01, 0x04, 0x02, 0x00, 0x01, 0x04, 0x03, 0x05, 0x01, 0x04,
    0x01, 0x00, 0x04, 0x03, 0x01, 0x00, 0x01, 0x04, 0x03, 0x05, 0x01, 0x04, 0x01, 0x01, 0x01, 0x00,
    0x01, 0x04, 0x03, 0x05, 0x01, 0x04, 0x01, 0x00, 0x20, 0x03, 0x01, 0x00, 0x01, 0x04, 0x03, 0x05,
    0x01, 0x04, 0x02, 0x00, 0x01, 0x04, 0x03, 0x05, 0x01, 0x04, 0x01, 0x00, 0x04, 0x03, 0x01, 0x00,
    0x01, 0x04, 0x03, 0x05, 0x01, 0x04, 0x01, 0x01, 0x01, 0x00, 0x01, 0x04, 0x03, 0x05, 0x01, 0x04,
    0x01, 0x00, 0x20, 0x03, 0x01, 0x00, 0x01, 0x04, 0x03, 0x05, 0x01, 0x04, 0x02, 0x00, 0x01, 0x04,
    0x03, 0x05, 0x01, 0x04, 0x01, 0x00, 0x04, 0x03, 0x01, 0x00, 0x01, 0x04, 0x03, 0x05, 0x01, 0x04,
    0x01, 0x01, 0x01, 0x00, 0x01, 0x04, 0x03, 0x05, 0x01, 0x04, 0x01, 0x00, 0x15, 0x03, 0x01, 0x01,
    0x01, 0x03, 0x01, 0x00, 0x01, 0x03, 0x01, 0x00, 0x01, 0x03, 0x01, 0x00, 0x01, 0x02, 0x01, 0x01,
    0x01, 0x00, 0x01, 0x03, 0x01, 0x00, 0x01, 0x04, 0x03, 0x05, 0x01, 0x04, 0x02, 0x00, 0x01, 0x04,
    0x03, 0x05, 0x01, 0x04, 0x01, 0x00, 0x01, 0x03, 0x02, 0x01, 0x01, 0x03, 0x01, 0x00, 0x01, 0x04,
    0x03, 0x05, 0x01, 0x04, 0x02, 0x00, 0x01, 0x04, 0x03, 0x05, 0x01, 0x04, 0x01, 0x00, 0x01, 0x03,
    0x01, 0x01, 0x02, 0x02, 0x01, 0x00, 0x01, 0x03, 0x01, 0x00, 0x01, 0x03, 0x01, 0x00, 0x01, 0x03,
    0x01, 0x00, 0x01, 0x01, 0x01, 0x02, 0x01, 0x00, 0x01, 0x03, 0x01, 0x00, 0x01, 0x03, 0x01, 0x00,
    0x01, 0x03, 0x02, 0x01, 0x01, 0x04, 0x01, 0x03, 0x01, 0x04, 0x01, 0x01, 0x01, 0x04, 0x01, 0x02,
    0x01, 0x04, 0x01, 0x03, 0x02, 0x04, 0x01, 0x03, 0x01, 0x04, 0x01, 0x00, 0x01, 0x04, 0x01, 0x00,
    0x01, 0x04, 0x01, 0x03, 0x02, 0x04, 0x01, 0x03, 0x01, 0x04, 0x01, 0x00, 0x01, 0x04, 0x01, 0x02,
    0x01, 0x04, 0x01, 0x03, 0x02, 0x04, 0x01, 0x03, 0x01, 0x04, 0x01, 0x00, 0x01, 0x04, 0x01, 0x00,
    0x01, 0x04, 0x01, 0x03, 0x02, 0x04, 0x01, 0x03, 0x01, 0x04, 0x01, 0x00, 0x01, 0x04, 0x01, 0x00,
    0x01, 0x04, 0x01, 0x03, 0x01, 0x04, 0x02, 0x03, 0x01, 0x04, 0x01, 0x03, 0x01, 0x04, 0x01, 0x00,
    0x01, 0x04, 0x01, 0x03, 0x02, 0x04, 0x01, 0x03, 0x01, 0x04, 0x01, 0x03, 0x01, 0x04, 0x01, 0x01,
    0x01, 0x04, 0x01, 0x03, 0x02, 0x04, 0x02, 0x03, 0x01, 0x04, 0x01, 0x02, 0x01, 0x04, 0x01, 0x03,
    0x01, 0x04, 0x02, 0x03, 0x01, 0x04, 0x01, 0x03, 0x01, 0x04, 0x01, 0x01, 0x01, 0x04, 0x01, 0x01,
    0x01, 0x04, 0x02, 0x03, 0x01, 0x04, 0x01, 0x03, 0x01, 0x04, 0x01, 0x01, 0x01, 0x04, 0x01, 0x01,
    0x01, 0x04, 0x04, 0x03, 0x01, 0x04, 0x01, 0x03, 0x01, 0x04, 0x01, 0x01, 0x01, 0x04, 0x01, 0x03,
    0x01, 0x04, 0x02, 0x03, 0x01, 0x04, 0x01, 0x01, 0x01, 0x04, 0x01, 0x01, 0x01, 0x04, 0x01, 0x03,
    0x01, 0x04, 0x02, 0x03, 0x01, 0x04, 0x01, 0x03, 0x01, 0x04, 0x01, 0x01, 0x01, 0x04, 0x01, 0x03,
    0x01, 0x04, 0x02, 0x03, 0x01, 0x04, 0x01, 0x03, 0x01, 0x04, 0x01, 0x01, 0x01, 0x04, 0x01, 0x03,
    0x01, 0x04, 0x0D, 0x03, 0x01, 0x02, 0x0A, 0x03, 0x01, 0x02, 0x08, 0x03, 0x01, 0x02, 0x08, 0x03,
    0x01, 0x02, 0x08, 0x03, 0x01, 0x02, 0x08, 0x03, 0x01, 0x02, 0x04, 0x03, 0x01, 0x04, 0x01, 0x03,
    0x01, 0x04, 0x01, 0x00, 0x01, 0x04, 0x01, 0x02, 0x01, 0x04, 0x01, 0x03, 0x02, 0x04, 0x01, 0x03,
    0x01, 0x04, 0x01, 0x00, 0x01, 0x04, 0x01, 0x02, 0x01, 0x04, 0x01, 0x03, 0x02, 0x04, 0x01, 0x03,
    0x01, 0x04, 0x01, 0x01, 0x01, 0x04, 0x01, 0x00, 0x01, 0x04, 0x01, 0x03, 0x02, 0x04, 0x01, 0x03,
    0x01, 0x04, 0x01, 0x02, 0x01, 0x04, 0x01, 0x00, 0x01, 0x04, 0x01, 0x03, 0x02, 0x04, 0x01, 0x03,
    0x01, 0x04, 0x01, 0x01, 0x01, 0x04, 0x01, 0x00, 0x01, 0x04, 0x01, 0x03, 0x04, 0x04, 0x01, 0x03,
    0x01, 0x04, 0x01, 0x00, 0x01, 0x04, 0x01, 0x03, 0x04, 0x04, 0x01, 0x03, 0x01, 0x04, 0x01, 0x00,
    0x01, 0x04, 0x01, 0x02, 0x02, 0x04, 0x01, 0x02, 0x01, 0x03, 0x01, 0x02, 0x01, 0x03, 0x01, 0x02,
    0x01, 0x03, 0x01, 0x02, 0x01, 0x03, 0x02, 0x02, 0x01, 0x03, 0x01, 0x02, 0x01, 0x03, 0x01, 0x02,
    0x01, 0x03, 0x01, 0x02, 0x01, 0x03, 0x02, 0x02, 0x01, 0x03, 0x01, 0x02, 0x01, 0x03, 0x01, 0x02,
    0x01, 0x03, 0x01, 0x02, 0x01, 0x03, 0x02, 0x02, 0x01, 0x03, 0x01, 0x02, 0x01, 0x03, 0x01, 0x02,
    0x01, 0x03, 0x01, 0x02, 0x01, 0x03, 0x02, 0x02, 0x01, 0x03, 0x01, 0x02, 0x01, 0x03, 0x01, 0x02,
    0x01, 0x03, 0x01, 0x02, 0x01, 0x03, 0x01, 0x02, 0x02, 0x03, 0x01, 0x02, 0x01, 0x03, 0x01, 0x02,
    0x01, 0x03, 0x01, 0x02, 0x01, 0x03, 0x01, 0x02, 0x02, 0x03, 0x01, 0x02, 0x01, 0x03, 0x01, 0x02,
    0x01, 0x03, 0x01, 0x02, 0x01, 0x03, 0x01, 0x02, 0x01, 0x03, 0x01, 0x04, 0x01, 0x03, 0x01, 0x04,
    0x01, 0x00, 0x01, 0x04, 0x01, 0x02, 0x01, 0x04, 0x01, 0x03, 0x02, 0x04, 0x01, 0x03, 0x01, 0x04,
    0x01, 0x00, 0x01, 0x04, 0x01, 0x02, 0x01, 0x04, 0x01, 0x03, 0x02, 0x04, 0x01, 0x03, 0x01, 0x04,
    0x01, 0x00, 0x01, 0x04, 0x01, 0x00, 0x01, 0x04, 0x01, 0x03, 0x02, 0x04, 0x01, 0x03, 0x01, 0x04,
    0x01, 0x01, 0x01, 0x04, 0x01, 0x00, 0x01, 0x04, 0x01, 0x03, 0x04, 0x04, 0x01, 0x01, 0x01, 0x04,
    0x01, 0x00, 0x01, 0x04, 0x01, 0x03, 0x04, 0x04, 0x01, 0x03, 0x01, 0x04, 0x01, 0x00, 0x01, 0x04,
    0x01, 0x03, 0x04, 0x04, 0x01, 0x03, 0x01, 0x04, 0x01, 0x00, 0x01, 0x04, 0x01, 0x02, 0x02, 0x04,
    0x01, 0x01, 0x01, 0x03, 0x01, 0x00, 0x01, 0x03, 0x01, 0x00, 0x01, 0x03, 0x01, 0x00, 0x01, 0x02,
    0x01, 0x01, 0x01, 0x00, 0x01, 0x03, 0x01, 0x00, 0x01, 0x03, 0x01, 0x00, 0x01, 0x03, 0x01, 0x00,
    0x01, 0x02, 0x02, 0x01, 0x01, 0x02, 0x01, 0x00, 0x01, 0x03, 0x01, 0x00, 0x01, 0x03, 0x01, 0x00,
    0x01, 0x02, 0x02, 0x01, 0x01, 0x02, 0x01, 0x00, 0x01, 0x03, 0x01, 0x00, 0x01, 0x03, 0x01, 0x00,
    0x01, 0x03, 0x02, 0x01, 0x01, 0x02, 0x01, 0x00, 0x01, 0x03, 0x01, 0x00, 0x01, 0x03, 0x01, 0x00,
    0x01, 0x03, 0x02, 0x01, 0x01, 0x02, 0x01, 0x00, 0x01, 0x03, 0x01, 0x00, 0x01, 0x03, 0x01, 0x00,
    0x01, 0x03, 0x01, 0x00, 0x01, 0x01, 0x01, 0x02, 0x01, 0x00, 0x01, 0x03, 0x01, 0x00, 0x01, 0x03,
    0x01, 0x00, 0x01, 0x03, 0x01, 0x00, 0x01, 0x01, 0x01, 0x04, 0x01, 0x03, 0x01, 0x04, 0x01, 0x01,
    0x01, 0x04, 0x01, 0x02, 0x01, 0x04, 0x01, 0x03, 0x02, 0x04, 0x01, 0x03, 0x01, 0x04, 0x01, 0x00,
    0x01, 0x04, 0x01, 0x02, 0x01, 0x04, 0x01, 0x03, 0x02, 0x04, 0x01, 0x03, 0x01, 0x04, 0x01, 0x01,
    0x01, 0x04, 0x01, 0x00, 0x01, 0x04, 0x01, 0x03, 0x02, 0x04, 0x01, 0x03, 0x01, 0x04, 0x01, 0x02,
    0x01, 0x04, 0x01, 0x00, 0x01, 0x04, 0x01, 0x03, 0x02, 0x04, 0x01, 0x03, 0x01, 0x04, 0x01, 0x01,
    0x01, 0x04, 0x01, 0x00, 0x01, 0x04, 0x01, 0x03, 0x04, 0x04, 0x01, 0x03, 0x01, 0x04, 0x01, 0x00,
    0x01, 0x04, 0x01, 0x03, 0x04, 0x04, 0x01, 0x03, 0x01, 0x04, 0x01, 0x00, 0x01, 0x04, 0x01, 0x02,
    0x02, 0x04, 0x40, 0x03, 0x01, 0x04, 0x01, 0x03, 0x01, 0x04, 0x01, 0x01, 0x01, 0x04, 0x01, 0x02,
    0x01, 0x04, 0x01, 0x03, 0x02, 0x04, 0x01, 0x03, 0x01, 0x04, 0x01, 0x00, 0x01, 0x04, 0x01, 0x02,
    0x01, 0x04, 0x01, 0x03, 0x02, 0x04, 0x01, 0x03, 0x01, 0x04, 0x01, 0x01, 0x01, 0x04, 0x01, 0x00,
    0x01, 0x04, 0x01, 0x03, 0x02, 0x04, 0x01, 0x03, 0x01, 0x04, 0x01, 0x02, 0x01, 0x04, 0x01, 0x01,
    0x01, 0x04, 0x01, 0x03, 0x02, 0x04, 0x01, 0x03, 0x01, 0x04, 0x01, 0x01, 0x01, 0x04, 0x01, 0x02,
    0x01, 0x04, 0x01, 0x03, 0x02, 0x04, 0x01, 0x03, 0x01, 0x04, 0x01, 0x03, 0x01, 0x04, 0x01, 0x00,
    0x01, 0x04, 0x01, 0x03, 0x04, 0x04, 0x01, 0x03, 0x01, 0x04, 0x01, 0x01, 0x01, 0x04, 0x01, 0x02,
    0x03, 0x04, 0x01, 0x03, 0x01, 0x04, 0x01, 0x01, 0x01, 0x04, 0x01, 0x02, 0x01, 0x04, 0x01, 0x03,
    0x02, 0x04, 0x01, 0x03, 0x01, 0x04, 0x01, 0x01, 0x01, 0x04, 0x01, 0x02, 0x01, 0x04, 0x01, 0x03,
    0x02, 0x04, 0x01, 0x03, 0x01, 0x04, 0x01, 0x02, 0x01, 0x04, 0x01, 0x01, 0x01, 0x04, 0x01, 0x03,
    0x02, 0x04, 0x01, 0x03, 0x01, 0x04, 0x01, 0x02, 0x01, 0x04, 0x01, 0x02, 0x01, 0x04, 0x01, 0x03,
    0x02, 0x04, 0x01, 0x03, 0x01, 0x04, 0x01, 0x02, 0x01, 0x04, 0x01, 0x01, 0x01, 0x04, 0x01, 0x03,
    0x01, 0x04, 0x02, 0x03, 0x01, 0x04, 0x01, 0x03, 0x01, 0x04, 0x01, 0x01, 0x01, 0x04, 0x01, 0x03,
    0x01, 0x04, 0x02, 0x03, 0x01, 0x04, 0x01, 0x03, 0x01, 0x04, 0x01, 0x01, 0x01, 0x04, 0x01, 0x02,
    0x02, 0x04, 0x03, 0x03, 0x01, 0x02, 0x01, 0x04, 0x07, 0x03, 0x01, 0x02, 0x02, 0x03, 0x01, 0x04,
    0x04, 0x03, 0x01, 0x04, 0x01, 0x02, 0x01, 0x03, 0x01, 0x02, 0x07, 0x03, 0x01, 0x04, 0x01, 0x02,
    0x06, 0x03, 0x01, 0x02, 0x01, 0x03, 0x01, 0x02, 0x01, 0x04, 0x07, 0x03, 0x01, 0x02, 0x07, 0x03,
    0x01, 0x04, 0x01, 0x02, 0x04, 0x03, 0x01, 0x04, 0x01, 0x03, 0x01, 0x04, 0x01, 0x01, 0x01, 0x04,
    0x01, 0x02, 0x01, 0x04, 0x01, 0x03, 0x02, 0x04, 0x01, 0x03, 0x01, 0x04, 0x01, 0x00, 0x01, 0x04,
    0x01, 0x02, 0x01, 0x04, 0x01, 0x03, 0x02, 0x04, 0x01, 0x03, 0x01, 0x04, 0x01, 0x01, 0x01, 0x04,
    0x01, 0x00, 0x01, 0x04, 0x01, 0x03, 0x02, 0x04, 0x01, 0x03, 0x01, 0x04, 0x01, 0x02, 0x01, 0x04,
    0x01, 0x01, 0x01, 0x04, 0x01, 0x03, 0x02, 0x04, 0x01, 0x03, 0x01, 0x04, 0x01, 0x01, 0x01, 0x04,
    0x01, 0x01, 0x01, 0x04, 0x01, 0x03, 0x02, 0x04, 0x01, 0x03, 0x01, 0x04, 0x01, 0x03, 0x01, 0x04,
    0x01, 0x00, 0x01, 0x04, 0x01, 0x03, 0x04, 0x04, 0x01, 0x03, 0x01, 0x04, 0x01, 0x00, 0x01, 0x04,
    0x01, 0x02, 0x02, 0x04, 0x01, 0x02, 0x01, 0x03, 0x01, 0x01, 0x01, 0x03, 0x01, 0x01, 0x01, 0x03,
    0x01, 0x02, 0x01, 0x03, 0x02, 0x02, 0x01, 0x03, 0x01, 0x02, 0x01, 0x03, 0x01, 0x01, 0x01, 0x03,
    0x01, 0x01, 0x01, 0x03, 0x02, 0x02, 0x01, 0x03, 0x01, 0x01, 0x01, 0x03, 0x01, 0x01, 0x01, 0x03,
    0x01, 0x02, 0x01, 0x03, 0x02, 0x02, 0x01, 0x03, 0x01, 0x02, 0x01, 0x03, 0x01, 0x01, 0x01, 0x03,
    0x01, 0x02, 0x01, 0x03, 0x02, 0x02, 0x01, 0x03, 0x01, 0x02, 0x01, 0x03, 0x01, 0x01, 0x01, 0x03,
    0x01, 0x01, 0x01, 0x03, 0x04, 0x02, 0x01, 0x03, 0x01, 0x01, 0x01, 0x03, 0x01, 0x02, 0x01, 0x03,
    0x02, 0x02, 0x01, 0x03, 0x01, 0x02, 0x01, 0x03, 0x01, 0x01, 0x01, 0x03, 0x01, 0x01, 0x01, 0x03,
    0x02, 0x02, 0x01, 0x04, 0x01, 0x03, 0x01, 0x04, 0x01, 0x00, 0x01, 0x04, 0x01, 0x02, 0x01, 0x04,
    0x01, 0x03, 0x02, 0x04, 0x01, 0x03, 0x01, 0x04, 0x01, 0x00, 0x01, 0x04, 0x01, 0x01, 0x01, 0x04,
    0x01, 0x03, 0x02, 0x04, 0x01, 0x03, 0x01, 0x04, 0x01, 0x00, 0x01, 0x04, 0x01, 0x00, 0x01, 0x04,
    0x01, 0x03, 0x02, 0x04, 0x01, 0x03, 0x01, 0x04, 0x01, 0x01, 0x01, 0x04, 0x01, 0x00, 0x01, 0x04,
    0x01, 0x03, 0x04, 0x04, 0x01, 0x01, 0x01, 0x04, 0x01, 0x00, 0x01, 0x04, 0x01, 0x03, 0x04, 0x04,
    0x01, 0x03, 0x01, 0x04, 0x01, 0x00, 0x01, 0x04, 0x01, 0x03, 0x04, 0x04, 0x01, 0x03, 0x01, 0x04,
    0x01, 0x00, 0x01, 0x04, 0x01, 0x02, 0x02, 0x04, 0xFF, 0x03, 0xB5, 0x03, 0x02, 0x00, 0x3C, 0x03,
    0x01, 0x02, 0x01, 0x03, 0x02, 0x04, 0x01, 0x02, 0x3B, 0x03, 0x01, 0x01, 0x01, 0x03, 0x02, 0x05,
    0x01, 0x00, 0x01, 0x02, 0x3A, 0x03, 0x01, 0x02, 0x01, 0x03, 0x02, 0x05, 0x01, 0x00, 0x01, 0x01,
    0x3A, 0x03, 0x01, 0x02, 0x01, 0x03, 0x02, 0x05, 0x01, 0x00, 0x01, 0x01, 0x3A, 0x03, 0x01, 0x02,
    0x01, 0x03, 0x02, 0x05, 0x01, 0x00, 0x01, 0x01, 0x3A, 0x03, 0x01, 0x02, 0x01, 0x03, 0x02, 0x05,
    0x01, 0x00, 0x01, 0x01, 0x3A, 0x03, 0x01, 0x02, 0x01, 0x03, 0x02, 0x05, 0x01, 0x00, 0x01, 0x01,
    0x3C, 0x03, 0x02, 0x05, 0x01, 0x00, 0x01, 0x01, 0x32, 0x03, 0x01, 0x02, 0x09, 0x00, 0x02, 0x05,
    0x01, 0x00, 0x32, 0x03, 0x02, 0x00, 0x09, 0x04, 0x02, 0x05, 0x02, 0x00, 0x31, 0x03, 0x02, 0x00,
    0x0B, 0x05, 0x01, 0x01, 0x01, 0x00, 0x15, 0x03, 0x02, 0x01, 0x05, 0x03, 0x14, 0x01, 0x01, 0x00,
    0x01, 0x04, 0x07, 0x05, 0x05, 0x04, 0x01, 0x03, 0x01, 0x02, 0x14, 0x03, 0x03, 0x00, 0x05, 0x02,
    0x15, 0x00, 0x07, 0x05, 0x01, 0x04, 0x05, 0x00, 0x15, 0x03, 0x01, 0x00, 0x01, 0x04, 0x23, 0x05,
    0x01, 0x04, 0x01, 0x00, 0x19, 0x03, 0x01, 0x00, 0x01, 0x04, 0x23, 0x05, 0x01, 0x04, 0x01, 0x00,
    0x19, 0x03, 0x01, 0x00, 0x01, 0x04, 0x23, 0x05, 0x01, 0x04, 0x01, 0x00, 0x19, 0x03, 0x01, 0x00,
    0x01, 0x04, 0x23, 0x05, 0x01, 0x04, 0x01, 0x00, 0x19, 0x03, 0x01, 0x00, 0x01, 0x04, 0x03, 0x05,
    0x01, 0x04, 0x02, 0x00, 0x01, 0x04, 0x0E, 0x05, 0x01, 0x03, 0x02, 0x00, 0x01, 0x04, 0x0A, 0x05,
    0x01, 0x04, 0x01, 0x00, 0x19, 0x03, 0x01, 0x00, 0x01, 0x04, 0x03, 0x05, 0x01, 0x04, 0x02, 0x00,
    0x01, 0x04, 0x0E, 0x05, 0x01, 0x03, 0x02, 0x00, 0x01, 0x04, 0x0A, 0x05, 0x01, 0x04, 0x01, 0x00,
    0x19, 0x03, 0x01, 0x00, 0x01, 0x04, 0x03, 0x05, 0x01, 0x04, 0x02, 0x00, 0x01, 0x04, 0x0E, 0x05,
    0x01, 0x02, 0x02, 0x00, 0x01, 0x04, 0x03, 0x05, 0x01, 0x04, 0x07, 0x00, 0x14, 0x03, 0x02, 0x01,
    0x04, 0x03, 0x01, 0x00, 0x01, 0x04, 0x1C, 0x05, 0x01, 0x04, 0x01, 0x00, 0x19, 0x03, 0x01, 0x02,
    0x02, 0x00, 0x03, 0x02, 0x01, 0x03, 0x01, 0x00, 0x01, 0x04, 0x1C, 0x05, 0x01, 0x04, 0x01, 0x00,
    0x19, 0x03, 0x01, 0x00, 0x01, 0x04, 0x23, 0x05, 0x01, 0x04, 0x01, 0x00, 0x19, 0x03, 0x01, 0x00,
    0x24, 0x05, 0x01, 0x04, 0x01, 0x00, 0x19, 0x03, 0x01, 0x00, 0x24, 0x05, 0x01, 0x04, 0x01, 0x00,
    0x19, 0x03, 0x01, 0x00, 0x24, 0x05, 0x01, 0x04, 0x01, 0x00, 0x01, 0x03, 0x01, 0x02, 0x17, 0x03,
    0x01, 0x00, 0x24, 0x05, 0x01, 0x04, 0x01, 0x00, 0x19, 0x03, 0x01, 0x00, 0x24, 0x05, 0x01, 0x04,
    0x01, 0x00, 0x19, 0x03, 0x01, 0x00, 0x24, 0x05, 0x01, 0x04, 0x01, 0x00, 0x19, 0x03, 0x01, 0x00,
    0x07, 0x04, 0x1D, 0x05, 0x01, 0x04, 0x01, 0x00, 0x1A, 0x03, 0x07, 0x00, 0x01, 0x04, 0x1C, 0x05,
    0x01, 0x04, 0x01, 0x00, 0x20, 0x03, 0x01, 0x00, 0x01, 0x04, 0x1C, 0x05, 0x01, 0x04, 0x01, 0x00,
    0x20, 0x03, 0x01, 0x00, 0x01, 0x04, 0x1C, 0x05, 0x01, 0x04, 0x01, 0x00, 0x20, 0x03, 0x01, 0x00,
    0x01, 0x04, 0x1C, 0x05, 0x01, 0x04, 0x01, 0x00, 0x20, 0x03, 0x01, 0x00, 0x01, 0x04, 0x1C, 0x05,
    0x01, 0x04, 0x01, 0x00, 0x20, 0x03, 0x01, 0x00, 0x01, 0x04, 0x03, 0x05, 0x01, 0x04, 0x02, 0x00,
    0x01, 0x04, 0x03, 0x05, 0x01, 0x04, 0x06, 0x00, 0x01, 0x04, 0x03, 0x05, 0x01, 0x04, 0x02, 0x00,
    0x01, 0x04, 0x03, 0x05, 0x01, 0x04, 0x01, 0x00, 0x20, 0x03, 0x01, 0x00, 0x01, 0x04, 0x03, 0x05,
    0x01, 0x04, 0x02, 0x00, 0x01, 0x04, 0x03, 0x05, 0x01, 0x04, 0x01, 0x00, 0x04, 0x03, 0x01, 0x00,
    0x01, 0x04, 0x03, 0x05, 0x01, 0x04, 0x01, 0x01, 0x01, 0x00, 0x01, 0x04, 0x03, 0x05, 0x01, 0x04,
    0x01, 0x00, 0x20, 0x03, 0x01, 0x00, 0x01, 0x04, 0x03, 0x05, 0x01, 0x04, 0x02, 0x00, 0x01, 0x04,
    0x03, 0x05, 0x01, 0x04, 0x01, 0x00, 0x04, 0x03, 0x01, 0x00, 0x01, 0x04, 0x03, 0x05, 0x01, 0x04,
    0x01, 0x01, 0x01, 0x00, 0x01, 0x04, 0x03, 0x05, 0x01, 0x04, 0x01, 0x00, 0x20, 0x03, 0x01, 0x00,
    0x01, 0x04, 0x03, 0x05, 0x01, 0x04, 0x02, 0x00, 0x01, 0x04, 0x03, 0x05, 0x01, 0x04, 0x01, 0x00,
    0x04, 0x03, 0x01, 0x00, 0x01, 0x04, 0x03, 0x05, 0x01, 0x04, 0x01, 0x01, 0x01, 0x00, 0x01, 0x04,
    0x03, 0x05, 0x01, 0x04, 0x01, 0x00, 0x20, 0x03, 0x01, 0x00, 0x01, 0x04, 0x03, 0x05, 0x01, 0x04,
    0x02, 0x00, 0x01, 0x04, 0x03, 0x05, 0x01, 0x04, 0x01, 0x00, 0x04, 0x03, 0x01, 0x00, 0x01, 0x04,
    0x03, 0x05, 0x01, 0x04, 0x01, 0x01, 0x01, 0x00, 0x01, 0x04, 0x03, 0x05, 0x01, 0x04, 0x01, 0x00,
    0x20, 0x03, 0x01, 0x00, 0x01, 0x04, 0x03, 0x05, 0x01, 0x04, 0x02, 0x00, 0x01, 0x04, 0x03, 0x05,
    0x01, 0x04, 0x01, 0x00, 0x04, 0x03, 0x01, 0x00, 0x01, 0x04, 0x03, 0x05, 0x01, 0x04, 0x01, 0x01,
    0x01, 0x00, 0x01, 0x04, 0x03, 0x05, 0x01, 0x04, 0x01, 0x00, 0x15, 0x03, 0x01, 0x01, 0x01, 0x03,
    0x01, 0x00, 0x01, 0x03, 0x01, 0x00, 0x01, 0x03, 0x01, 0x00, 0x01, 0x02, 0x01, 0x01, 0x01, 0x00,
    0x01, 0x03, 0x01, 0x00, 0x01, 0x04, 0x03, 0x05, 0x01, 0x04, 0x02, 0x00, 0x01, 0x04, 0x03, 0x05,
    0x01, 0x04, 0x01, 0x00, 0x01, 0x03, 0x02, 0x01, 0x01, 0x03, 0x01, 0x00, 0x01, 0x04, 0x03, 0x05,
    0x01, 0x04, 0x02, 0x00, 0x01, 0x04, 0x03, 0x05, 0x01, 0x04, 0x01, 0x00, 0x01, 0x03, 0x01, 0x01,
    0x02, 0x02, 0x01, 0x00, 0x01, 0x03, 0x01, 0x00, 0x01, 0x03, 0x01, 0x00, 0x01, 0x03, 0x01, 0x00,
    0x01, 0x01, 0x01, 0x02, 0x01, 0x00, 0x01, 0x03, 0x01, 0x00, 0x01, 0x03, 0x01, 0x00, 0x01, 0x03,
    0x02, 0x01, 0x01, 0x04, 0x01, 0x03, 0x01, 0x04, 0x01, 0x01, 0x01, 0x04, 0x01, 0x02, 0x01, 0x04,
    0x01, 0x03, 0x02, 0x04, 0x01, 0x03, 0x01, 0x04, 0x01, 0x00, 0x01, 0x04, 0x01, 0x00, 0x01, 0x04,
    0x01, 0x03, 0x02, 0x04, 0x01, 0x03, 0x01, 0x04, 0x01, 0x00, 0x01, 0x04, 0x01, 0x02, 0x01, 0x04,
    0x01, 0x03, 0x02, 0x04, 0x01, 0x03, 0x01, 0x04, 0x01, 0x00, 0x01, 0x04, 0x01, 0x00, 0x01, 0x04,
    0x01, 0x03, 0x02, 0x04, 0x01, 0x03, 0x01, 0x04, 0x01, 0x00, 0x01, 0x04, 0x01, 0x00, 0x01, 0x04,
    0x01, 0x03, 0x01, 0x04, 0x02, 0x03, 0x01, 0x04, 0x01, 0x03, 0x01, 0x04, 0x01, 0x00, 0x01, 0x04,
    0x01, 0x03, 0x02, 0x04, 0x01, 0x03, 0x01, 0x04, 0x01, 0x03, 0x01, 0x04, 0x01, 0x01, 0x01, 0x04,
    0x01, 0x03, 0x02, 0x04, 0x02, 0x03, 0x01, 0x04, 0x01, 0x02, 0x01, 0x04, 0x01, 0x03, 0x01, 0x04,
    0x02, 0x03, 0x01, 0x04, 0x01, 0x03, 0x01, 0x04, 0x01, 0x01, 0x01, 0x04, 0x01, 0x01, 0x01, 0x04,
    0x02, 0x03, 0x01, 0x04, 0x01, 0x03, 0x01, 0x04, 0x01, 0x01, 0x01, 0x04, 0x01, 0x01, 0x01, 0x04,
    0x04, 0x03, 0x01, 0x04, 0x01, 0x03, 0x01, 0x04, 0x01, 0x01, 0x01, 0x04, 0x01, 0x03, 0x01, 0x04,
    0x02, 0x03, 0x01, 0x04, 0x01, 0x01, 0x01, 0x04, 0x01, 0x01, 0x01, 0x04, 0x01, 0x03, 0x01, 0x04,
    0x02, 0x03, 0x01, 0x04, 0x01, 0x03, 0x01, 0x04, 0x01, 0x01, 0x01, 0x04, 0x01, 0x03, 0x01, 0x04,
    0x02, 0x03, 0x01, 0x04, 0x01, 0x03, 0x01, 0x04, 0x01, 0x01, 0x01, 0x04, 0x01, 0x03, 0x01, 0x04,
    0x0D, 0x03, 0x01, 0x02, 0x0A, 0x03, 0x01, 0x02, 0x11, 0x03, 0x01, 0x02, 0x08, 0x03, 0x01, 0x02,
    0x08, 0x03, 0x01, 0x02, 0x04, 0x03, 0x01, 0x04, 0x01, 0x03, 0x01, 0x04, 0x01, 0x00, 0x01, 0x04,
    0x01, 0x02, 0x01, 0x04, 0x01, 0x03, 0x02, 0x04, 0x01, 0x03, 0x01, 0x04, 0x01, 0x00, 0x01, 0x04,
    0x01, 0x02, 0x01, 0x04, 0x01, 0x03, 0x02, 0x04, 0x01, 0x03, 0x01, 0x04, 0x01, 0x01, 0x01, 0x04,
    0x01, 0x00, 0x01, 0x04, 0x01, 0x03, 0x02, 0x04, 0x01, 0x03, 0x01, 0x04, 0x01, 0x02, 0x01, 0x04,
    0x01, 0x00, 0x01, 0x04, 0x01, 0x03, 0x02, 0x04, 0x01, 0x03, 0x01, 0x04, 0x01, 0x01, 0x01, 0x04,
    0x01, 0x00, 0x01, 0x04, 0x01, 0x03, 0x04, 0x04, 0x01, 0x03, 0x01, 0x04, 0x01, 0x00, 0x01, 0x04,
    0x01, 0x03, 0x04, 0x04, 0x01, 0x03, 0x01, 0x04, 0x01, 0x00, 0x01, 0x04, 0x01, 0x02, 0x02, 0x04,
    0x01, 0x02, 0x01, 0x03, 0x01, 0x02, 0x01, 0x03, 0x01, 0x02, 0x01, 0x03, 0x01, 0x02, 0x01, 0x03,
    0x02, 0x02, 0x01, 0x03, 0x01, 0x02, 0x01, 0x03, 0x01, 0x02, 0x01, 0x03, 0x01, 0x02, 0x01, 0x03,
    0x02, 0x02, 0x01, 0x03, 0x01, 0x02, 0x01, 0x03, 0x01, 0x02, 0x01, 0x03, 0x01, 0x02, 0x01, 0x03,
    0x02, 0x02, 0x01, 0x03, 0x01, 0x02, 0x01, 0x03, 0x01, 0x02, 0x01, 0x03, 0x01, 0x02, 0x01, 0x03,
    0x02, 0x02, 0x01, 0x03, 0x01, 0x02, 0x01, 0x03, 0x01, 0x02, 0x01, 0x03, 0x01, 0x02, 0x01, 0x03,
    0x01, 0x02, 0x02, 0x03, 0x01, 0x02, 0x01, 0x03, 0x01, 0x02, 0x01, 0x03, 0x01, 0x02, 0x01, 0x03,
    0x01, 0x02, 0x02, 0x03, 0x01, 0x02, 0x01, 0x03, 0x01, 0x02, 0x01, 0x03, 0x01, 0x02, 0x03, 0x03,
    0x01, 0x04, 0x01, 0x03, 0x01, 0x04, 0x01, 0x00, 0x01, 0x04, 0x01, 0x02, 0x01, 0x04, 0x01, 0x03,
    0x02, 0x04, 0x01, 0x03, 0x01, 0x04, 0x01, 0x00, 0x01, 0x04, 0x01, 0x02, 0x01, 0x04, 0x01, 0x03,
    0x02, 0x04, 0x01, 0x03, 0x01, 0x04, 0x01, 0x00, 0x01, 0x04, 0x01, 0x00, 0x01, 0x04, 0x01, 0x03,
    0x02, 0x04, 0x01, 0x03, 0x01, 0x04, 0x01, 0x01, 0x01, 0x04, 0x01, 0x00, 0x01, 0x04, 0x01, 0x03,
    0x04, 0x04, 0x01, 0x01, 0x01, 0x04, 0x01, 0x00, 0x01, 0x04, 0x01, 0x03, 0x04, 0x04, 0x01, 0x03,
    0x01, 0x04, 0x01, 0x00, 0x01, 0x04, 0x01, 0x03, 0x04, 0x04, 0x01, 0x03, 0x01, 0x04, 0x01, 0x00,
    0x01, 0x04, 0x01, 0x02, 0x02, 0x04, 0x01, 0x01, 0x01, 0x03, 0x01, 0x00, 0x01, 0x03, 0x01, 0x00,
    0x01, 0x03, 0x01, 0x00, 0x01, 0x02, 0x01, 0x01, 0x01, 0x00, 0x01, 0x03, 0x01, 0x00, 0x01, 0x03,
    0x01, 0x00, 0x01, 0x03, 0x01, 0x00, 0x01, 0x02, 0x02, 0x01, 0x01, 0x02, 0x01, 0x00, 0x01, 0x03,
    0x01, 0x00, 0x01, 0x03, 0x01, 0x00, 0x01, 0x02, 0x02, 0x01, 0x01, 0x02, 0x01, 0x00, 0x01, 0x03,
    0x01, 0x00, 0x01, 0x03, 0x01, 0x00, 0x01, 0x03, 0x02, 0x01, 0x01, 0x02, 0x01, 0x00, 0x01, 0x03,
    0x01, 0x00, 0x01, 0x03, 0x01, 0x00, 0x01, 0x03, 0x02, 0x01, 0x01, 0x02, 0x01, 0x00, 0x01, 0x03,
    0x01, 0x00, 0x01, 0x03, 0x01, 0x00, 0x01, 0x03, 0x01, 0x00, 0x01, 0x01, 0x01, 0x02, 0x01, 0x00,
    0x01, 0x03, 0x01, 0x00, 0x01, 0x03, 0x01, 0x00, 0x01, 0x03, 0x01, 0x00, 0x01, 0x01, 0x01, 0x04,
    0x01, 0x03, 0x01, 0x04, 0x01, 0x01, 0x01, 0x04, 0x01, 0x02, 0x01, 0x04, 0x01, 0x03, 0x02, 0x04,
    0x01, 0x03, 0x01, 0x04, 0x01, 0x00, 0x01, 0x04, 0x01, 0x02, 0x01, 0x04, 0x01, 0x03, 0x02, 0x04,
    0x01, 0x03, 0x01, 0x04, 0x01, 0x01, 0x01, 0x04, 0x01, 0x00, 0x01, 0x04, 0x01, 0x03, 0x02, 0x04,
    0x01, 0x03, 0x01, 0x04, 0x01, 0x02, 0x01, 0x04, 0x01, 0x00, 0x01, 0x04, 0x01, 0x03, 0x02, 0x04,
    0x01, 0x03, 0x01, 0x04, 0x01, 0x01, 0x01, 0x04, 0x01, 0x00, 0x01, 0x04, 0x01, 0x03, 0x04, 0x04,
    0x01, 0x03, 0x01, 0x04, 0x01, 0x00, 0x01, 0x04, 0x01, 0x03, 0x04, 0x04, 0x01, 0x03, 0x01, 0x04,
    0x01, 0x00, 0x01, 0x04, 0x01, 0x01, 0x02, 0x04, 0x40, 0x03, 0x01, 0x04, 0x01, 0x03, 0x01, 0x04,
    0x01, 0x01, 0x01, 0x04, 0x01, 0x02, 0x01, 0x04, 0x01, 0x03, 0x02, 0x04, 0x01, 0x03, 0x01, 0x04,
    0x01, 0x00, 0x01, 0x04, 0x01, 0x02, 0x01, 0x04, 0x01, 0x03, 0x02, 0x04, 0x01, 0x03, 0x01, 0x04,
    0x01, 0x01, 0x01, 0x04, 0x01, 0x00, 0x01, 0x04, 0x01, 0x03, 0x02, 0x04, 0x01, 0x03, 0x01, 0x04,
    0x01, 0x02, 0x01, 0x04, 0x01, 0x01, 0x01, 0x04, 0x01, 0x03, 0x02, 0x04, 0x01, 0x03, 0x01, 0x04,
    0x01, 0x01, 0x01, 0x04, 0x01, 0x02, 0x01, 0x04, 0x01, 0x03, 0x02, 0x04, 0x01, 0x03, 0x01, 0x04,
    0x01, 0x03, 0x01, 0x04, 0x01, 0x00, 0x01, 0x04, 0x01, 0x03, 0x04, 0x04, 0x01, 0x03, 0x01, 0x04,
    0x01, 0x01, 0x01, 0x04, 0x01, 0x02, 0x03, 0x04, 0x01, 0x03, 0x01, 0x04, 0x01, 0x01, 0x01, 0x04,
    0x01, 0x02, 0x01, 0x04, 0x01, 0x03, 0x02, 0x04, 0x01, 0x03, 0x01, 0x04, 0x01, 0x01, 0x01, 0x04,
    0x01, 0x02, 0x01, 0x04, 0x01, 0x03, 0x02, 0x04, 0x01, 0x03, 0x01, 0x04, 0x01, 0x02, 0x01, 0x04,
    0x01, 0x01, 0x01, 0x04, 0x01, 0x03, 0x02, 0x04, 0x01, 0x03, 0x01, 0x04, 0x01, 0x02, 0x01, 0x04,
    0x01, 0x02, 0x01, 0x04, 0x01, 0x03, 0x02, 0x04, 0x01, 0x03, 0x01, 0x04, 0x01, 0x02, 0x01, 0x04,
    0x01, 0x01, 0x01, 0x04, 0x01, 0x03, 0x01, 0x04, 0x02, 0x03, 0x01, 0x04, 0x01, 0x03, 0x01, 0x04,
    0x01, 0x01, 0x01, 0x04, 0x01, 0x03, 0x01, 0x04, 0x02, 0x03, 0x01, 0x04, 0x01, 0x03, 0x01, 0x04,
    0x01, 0x01, 0x01, 0x04, 0x01, 0x02, 0x02, 0x04, 0x03, 0x03, 0x01, 0x02, 0x01, 0x04, 0x07, 0x03,
    0x01, 0x02, 0x02, 0x03, 0x01, 0x04, 0x04, 0x03, 0x01, 0x04, 0x01, 0x02, 0x01, 0x03, 0x01, 0x02,
    0x07, 0x03, 0x01, 0x04, 0x01, 0x02, 0x06, 0x03, 0x01, 0x02, 0x01, 0x03, 0x01, 0x02, 0x01, 0x04,
    0x07, 0x03, 0x01, 0x02, 0x07, 0x03, 0x01, 0x04, 0x01, 0x02, 0x04, 0x03, 0x01, 0x04, 0x01, 0x03,
    0x01, 0x04, 0x01, 0x01, 0x01, 0x04, 0x01, 0x02, 0x01, 0x04, 0x01, 0x03, 0x02, 0x04, 0x01, 0x03,
    0x01, 0x04, 0x01, 0x00, 0x01, 0x04, 0x01, 0x02, 0x01, 0x04, 0x01, 0x03, 0x02, 0x04, 0x01, 0x03,
    0x01, 0x04, 0x01, 0x01, 0x01, 0x04, 0x01, 0x00, 0x01, 0x04, 0x01, 0x03, 0x02, 0x04, 0x01, 0x03,
    0x01, 0x04, 0x01, 0x02, 0x01, 0x04, 0x01, 0x01, 0x01, 0x04, 0x01, 0x03, 0x02, 0x04, 0x01, 0x03,
    0x01, 0x04, 0x01, 0x01, 0x01, 0x04, 0x01, 0x01, 0x01, 0x04, 0x01, 0x03, 0x02, 0x04, 0x01, 0x03,
    0x01, 0x04, 0x01, 0x03, 0x01, 0x04, 0x01, 0x00, 0x01, 0x04, 0x01, 0x03, 0x04, 0x04, 0x01, 0x03,
    0x01, 0x04, 0x01, 0x00, 0x01, 0x04, 0x01, 0x02, 0x02, 0x04, 0x01, 0x02, 0x01, 0x03, 0x01, 0x01,
    0x01, 0x03, 0x01, 0x01, 0x01, 0x03, 0x01, 0x02, 0x01, 0x03, 0x02, 0x02, 0x01, 0x03, 0x01, 0x02,
    0x01, 0x03, 0x01, 0x01, 0x01, 0x03, 0x01, 0x01, 0x01, 0x03, 0x02, 0x02, 0x01, 0x03, 0x01, 0x01,
    0x01, 0x03, 0x01, 0x01, 0x01, 0x03, 0x01, 0x02, 0x01, 0x03, 0x02, 0x02, 0x01, 0x03, 0x01, 0x02,
    0x01, 0x03, 0x01, 0x01, 0x01, 0x03, 0x01, 0x02, 0x01, 0x03, 0x02, 0x02, 0x01, 0x03, 0x01, 0x02,
    0x01, 0x03, 0x01, 0x01, 0x01, 0x03, 0x01, 0x01, 0x01, 0x03, 0x04, 0x02, 0x01, 0x03, 0x01, 0x01,
    0x01, 0x03, 0x01, 0x02, 0x01, 0x03, 0x02, 0x02, 0x01, 0x03, 0x01, 0x02, 0x01, 0x03, 0x01, 0x01,
    0x01, 0x03, 0x01, 0x01, 0x01, 0x03, 0x02, 0x02, 0x01, 0x04, 0x01, 0x03, 0x01, 0x04, 0x01, 0x00,
    0x01, 0x04, 0x01, 0x02, 0x01, 0x04, 0x01, 0x03, 0x02, 0x04, 0x01, 0x03, 0x01, 0x04, 0x01, 0x00,
    0x01, 0x04, 0x01, 0x01, 0x01, 0x04, 0x01, 0x03, 0x02, 0x04, 0x01, 0x03, 0x01, 0x04, 0x01, 0x00,
    0x01, 0x04, 0x01, 0x00, 0x01, 0x04, 0x01, 0x03, 0x02, 0x04, 0x01, 0x03, 0x01, 0x04, 0x01, 0x01,
    0x01, 0x04, 0x01, 0x00, 0x01, 0x04, 0x01, 0x03, 0x04, 0x04, 0x01, 0x01, 0x01, 0x04, 0x01, 0x00,
    0x01, 0x04, 0x01, 0x03, 0x04, 0x04, 0x01, 0x03, 0x01, 0x04, 0x01, 0x00, 0x01, 0x04, 0x01, 0x03,
    0x04, 0x04, 0x01, 0x03, 0x01, 0x04, 0x01, 0x00, 0x01, 0x04, 0x01, 0x02, 0x02, 0x04, 0xFF, 0x03,
    0xFF, 0x03, 0xFF, 0x03, 0xFF, 0x03, 0x90, 0x03, 0x03, 0x01, 0x0B, 0x03, 0x0F, 0x01, 0x23, 0x03,
    0x0F, 0x00, 0x0B, 0x02, 0x02, 0x00, 0x02, 0x02, 0x21, 0x03, 0x01, 0x00, 0x01, 0x04, 0x1C, 0x05,
    0x01, 0x04, 0x01, 0x00, 0x20, 0x03, 0x01, 0x00, 0x01, 0x04, 0x1C, 0x05, 0x01, 0x04, 0x01, 0x00,
    0x20, 0x03, 0x01, 0x00, 0x01, 0x04, 0x1C, 0x05, 0x01, 0x04, 0x01, 0x00, 0x20, 0x03, 0x01, 0x00,
    0x01, 0x04, 0x1C, 0x05, 0x01, 0x04, 0x01, 0x00, 0x20, 0x03, 0x01, 0x00, 0x01, 0x04, 0x1C, 0x05,
    0x01, 0x04, 0x01, 0x00, 0x10, 0x03, 0x04, 0x00, 0x0C, 0x03, 0x01, 0x00, 0x01, 0x04, 0x04, 0x05,
    0x02, 0x04, 0x10, 0x05, 0x02, 0x04, 0x04, 0x05, 0x01, 0x04, 0x01, 0x00, 0x10, 0x03, 0x04, 0x04,
    0x06, 0x03, 0x07, 0x00, 0x01, 0x04, 0x03, 0x05, 0x01, 0x04, 0x02, 0x00, 0x01, 0x04, 0x0E, 0x05,
    0x01, 0x02, 0x02, 0x00, 0x01, 0x04, 0x03, 0x05, 0x01, 0x04, 0x01, 0x00, 0x0E, 0x03, 0x02, 0x00,
    0x04, 0x05, 0x01, 0x00, 0x04, 0x03, 0x01, 0x00, 0x01, 0x04, 0x0A, 0x05, 0x01, 0x04, 0x02, 0x00,
    0x01, 0x04, 0x0E, 0x05, 0x01, 0x03, 0x02, 0x00, 0x01, 0x04, 0x03, 0x05, 0x01, 0x04, 0x01, 0x00,
    0x01, 0x03, 0x01, 0x01, 0x0B, 0x03, 0x01, 0x00, 0x02, 0x04, 0x05, 0x05, 0x04, 0x03, 0x01, 0x00,
    0x0B, 0x05, 0x01, 0x04, 0x02, 0x00, 0x01, 0x04, 0x0E, 0x05, 0x01, 0x03, 0x02, 0x00, 0x01, 0x04,
    0x03, 0x05, 0x01, 0x04, 0x01, 0x00, 0x01, 0x02, 0x01, 0x00, 0x0B, 0x03, 0x01, 0x00, 0x01, 0x04,
    0x06, 0x05, 0x04, 0x03, 0x01, 0x00, 0x28, 0x05, 0x01, 0x01, 0x01, 0x00, 0x07, 0x03, 0x01, 0x00,
    0x01, 0x04, 0x08, 0x05, 0x04, 0x03, 0x01, 0x00, 0x28, 0x05, 0x01, 0x04, 0x08, 0x03, 0x01, 0x00,
    0x01, 0x04, 0x08, 0x05, 0x04, 0x03, 0x01, 0x00, 0x29, 0x05, 0x01, 0x04, 0x08, 0x00, 0x01, 0x04,
    0x07, 0x05, 0x05, 0x03, 0x01, 0x00, 0x2A, 0x05, 0x09, 0x04, 0x06, 0x05, 0x01, 0x04, 0x01, 0x00,
    0x04, 0x03, 0x01, 0x00, 0x38, 0x05, 0x01, 0x03, 0x01, 0x00, 0x05, 0x03, 0x01, 0x00, 0x01, 0x04,
    0x01, 0x05, 0x05, 0x04, 0x2E, 0x05, 0x03, 0x04, 0x08, 0x03, 0x07, 0x00, 0x01, 0x04, 0x2C, 0x05,
    0x01, 0x04, 0x03, 0x00, 0x01, 0x02, 0x0D, 0x03, 0x01, 0x00, 0x01, 0x04, 0x24, 0x05, 0x09, 0x04,
    0x11, 0x03, 0x01, 0x00, 0x01, 0x04, 0x23, 0x05, 0x01, 0x04, 0x09, 0x00, 0x11, 0x03, 0x01, 0x00,
    0x01, 0x04, 0x23, 0x05, 0x01, 0x04, 0x01, 0x00, 0x19, 0x03, 0x01, 0x00, 0x01, 0x04, 0x23, 0x05,
    0x01, 0x04, 0x01, 0x00, 0x19, 0x03, 0x01, 0x00, 0x01, 0x04, 0x23, 0x05, 0x01, 0x04, 0x01, 0x00,
    0x19, 0x03, 0x01, 0x00, 0x01, 0x04, 0x23, 0x05, 0x01, 0x04, 0x01, 0x00, 0x19, 0x03, 0x01, 0x00,
    0x01, 0x04, 0x03, 0x05, 0x01, 0x04, 0x02, 0x00, 0x01, 0x04, 0x03, 0x05, 0x01, 0x04, 0x06, 0x00,
    0x01, 0x04, 0x03, 0x05, 0x01, 0x04, 0x02, 0x00, 0x01, 0x04, 0x03, 0x05, 0x01, 0x04, 0x07, 0x00,
    0x1A, 0x03, 0x01, 0x00, 0x01, 0x04, 0x03, 0x05, 0x01, 0x04, 0x02, 0x00, 0x01, 0x04, 0x03, 0x05,
    0x01, 0x04, 0x01, 0x00, 0x04, 0x03, 0x01, 0x00, 0x01, 0x04, 0x03, 0x05, 0x01, 0x04, 0x01, 0x01,
    0x01, 0x00, 0x01, 0x04, 0x03, 0x05, 0x01, 0x04, 0x01, 0x00, 0x20, 0x03, 0x01, 0x00, 0x01, 0x04,
    0x03, 0x05, 0x01, 0x04, 0x02, 0x00, 0x01, 0x04, 0x03, 0x05, 0x01, 0x04, 0x01, 0x00, 0x04, 0x03,
    0x01, 0x00, 0x01, 0x04, 0x03, 0x05, 0x01, 0x04, 0x02, 0x00, 0x01, 0x04, 0x03, 0x05, 0x01, 0x04,
    0x01, 0x00, 0x20, 0x03, 0x01, 0x00, 0x01, 0x04, 0x03, 0x05, 0x01, 0x04, 0x02, 0x00, 0x01, 0x04,
    0x03, 0x05, 0x01, 0x04, 0x01, 0x00, 0x04, 0x03, 0x01, 0x00, 0x01, 0x04, 0x03, 0x05, 0x01, 0x04,
    0x02, 0x00, 0x01, 0x04, 0x03, 0x05, 0x01, 0x04, 0x01, 0x00, 0x20, 0x03, 0x01, 0x00, 0x01, 0x04,
    0x03, 0x05, 0x01, 0x04, 0x02, 0x00, 0x01, 0x04, 0x03, 0x05, 0x01, 0x04, 0x01, 0x00, 0x04, 0x03,
    0x01, 0x00, 0x01, 0x04, 0x03, 0x05, 0x01, 0x04, 0x02, 0x00, 0x01, 0x04, 0x03, 0x05, 0x01, 0x04,
    0x01, 0x00, 0x20, 0x03, 0x01, 0x00, 0x01, 0x04, 0x03, 0x05, 0x01, 0x04, 0x02, 0x00, 0x01, 0x04,
    0x03, 0x05, 0x01, 0x04, 0x01, 0x00, 0x04, 0x03, 0x01, 0x00, 0x01, 0x04, 0x03, 0x05, 0x01, 0x04,
    0x01, 0x01, 0x01, 0x00, 0x01, 0x04, 0x03, 0x05, 0x01, 0x04, 0x01, 0x00, 0x15, 0x03, 0x01, 0x01,
    0x01, 0x03, 0x01, 0x00, 0x01, 0x03, 0x01, 0x00, 0x01, 0x03, 0x01, 0x00, 0x02, 0x01, 0x01, 0x00,
    0x01, 0x03, 0x01, 0x00, 0x01, 0x04, 0x03, 0x05, 0x01, 0x04, 0x02, 0x00, 0x01, 0x04, 0x03, 0x05,
    0x01, 0x04, 0x01, 0x00, 0x01, 0x03, 0x02, 0x01, 0x01, 0x03, 0x01, 0x00, 0x01, 0x04, 0x03, 0x05,
    0x01, 0x04, 0x02, 0x00, 0x01, 0x04, 0x03, 0x05, 0x01, 0x04, 0x01, 0x00, 0x01, 0x03, 0x03, 0x01,
    0x01, 0x00, 0x01, 0x03, 0x01, 0x00, 0x01, 0x03, 0x01, 0x00, 0x01, 0x03, 0x01, 0x00, 0x02, 0x01,
    0x01, 0x00, 0x01, 0x03, 0x01, 0x00, 0x01, 0x03, 0x01, 0x00, 0x01, 0x03, 0x01, 0x00, 0x01, 0x01,
    0x01, 0x04, 0x01, 0x03, 0x01, 0x04, 0x01, 0x01, 0x01, 0x04, 0x01, 0x01, 0x01, 0x04, 0x01, 0x03,
    0x02, 0x04, 0x01, 0x03, 0x01, 0x04, 0x01, 0x00, 0x01, 0x04, 0x01, 0x02, 0x01, 0x04, 0x02, 0x03,
    0x01, 0x04, 0x01, 0x03, 0x01, 0x04, 0x01, 0x02, 0x01, 0x04, 0x01, 0x02, 0x01, 0x04, 0x01, 0x03,
    0x02, 0x04, 0x01, 0x03, 0x01, 0x04, 0x01, 0x02, 0x01, 0x04, 0x01, 0x00, 0x01, 0x04, 0x01, 0x03,
    0x02, 0x04, 0x01, 0x03, 0x01, 0x04, 0x01, 0x02, 0x01, 0x04, 0x01, 0x00, 0x01, 0x04, 0x01, 0x03,
    0x01, 0x04, 0x02, 0x03, 0x01, 0x04, 0x01, 0x03, 0x01, 0x04, 0x01, 0x00, 0x01, 0x04, 0x01, 0x03,
    0x01, 0x04, 0x02, 0x03, 0x01, 0x04, 0x01, 0x03, 0x01, 0x04, 0x01, 0x01, 0x01, 0x04, 0x01, 0x02,
    0x02, 0x04, 0x02, 0x03, 0x01, 0x04, 0x01, 0x01, 0x01, 0x04, 0x01, 0x03, 0x01, 0x04, 0x04, 0x03,
    0x01, 0x04, 0x01, 0x01, 0x01, 0x04, 0x01, 0x01, 0x01, 0x04, 0x04, 0x03, 0x01, 0x04, 0x01, 0x01,
    0x01, 0x04, 0x01, 0x01, 0x01, 0x04, 0x04, 0x03, 0x01, 0x04, 0x01, 0x01, 0x01, 0x04, 0x01, 0x01,
    0x01, 0x04, 0x04, 0x03, 0x01, 0x04, 0x01, 0x01, 0x01, 0x04, 0x01, 0x01, 0x01, 0x04, 0x04, 0x03,
    0x01, 0x04, 0x01, 0x03, 0x01, 0x04, 0x01, 0x01, 0x01, 0x04, 0x01, 0x03, 0x01, 0x04, 0x04, 0x03,
    0x01, 0x04, 0x01, 0x01, 0x01, 0x04, 0x01, 0x02, 0x01, 0x04, 0x0D, 0x03, 0x01, 0x01, 0x08, 0x03,
    0x01, 0x02, 0x01, 0x03, 0x01, 0x02, 0x0F, 0x03, 0x01, 0x02, 0x01, 0x03, 0x01, 0x02, 0x08, 0x03,
    0x01, 0x01, 0x08, 0x03, 0x01, 0x01, 0x04, 0x03, 0x01, 0x04, 0x01, 0x03, 0x01, 0x04, 0x01, 0x00,
    0x01, 0x04, 0x01, 0x01, 0x01, 0x04, 0x01, 0x03, 0x02, 0x04, 0x01, 0x03, 0x01, 0x04, 0x01, 0x00,
    0x01, 0x04, 0x01, 0x01, 0x01, 0x04, 0x01, 0x03, 0x02, 0x04, 0x01, 0x03, 0x01, 0x04, 0x01, 0x01,
    0x01, 0x04, 0x01, 0x00, 0x01, 0x04, 0x01, 0x03, 0x02, 0x04, 0x01, 0x03, 0x01, 0x04, 0x01, 0x01,
    0x01, 0x04, 0x01, 0x00, 0x01, 0x04, 0x01, 0x03, 0x02, 0x04, 0x01, 0x03, 0x01, 0x04, 0x01, 0x00,
    0x01, 0x04, 0x01, 0x00, 0x01, 0x04, 0x01, 0x03, 0x02, 0x04, 0x01, 0x03, 0x01, 0x04, 0x01, 0x03,
    0x01, 0x04, 0x01, 0x00, 0x01, 0x04, 0x01, 0x03, 0x02, 0x04, 0x01, 0x03, 0x01, 0x04, 0x01, 0x03,
    0x01, 0x04, 0x01, 0x00, 0x01, 0x04, 0x01, 0x01, 0x02, 0x04, 0x01, 0x01, 0x01, 0x03, 0x01, 0x01,
    0x01, 0x03, 0x01, 0x01, 0x01, 0x03, 0x01, 0x01, 0x01, 0x03, 0x02, 0x01, 0x01, 0x03, 0x01, 0x01,
    0x01, 0x03, 0x01, 0x01, 0x01, 0x03, 0x01, 0x01, 0x01, 0x03, 0x02, 0x01, 0x01, 0x03, 0x01, 0x01,
    0x01, 0x03, 0x01, 0x01, 0x01, 0x03, 0x01, 0x01, 0x01, 0x03, 0x02, 0x01, 0x01, 0x03, 0x01, 0x01,
    0x01, 0x03, 0x01, 0x01, 0x01, 0x03, 0x01, 0x01, 0x01, 0x03, 0x02, 0x01, 0x01, 0x03, 0x01, 0x01,
    0x01, 0x03, 0x01, 0x01, 0x01, 0x03, 0x01, 0x01, 0x03, 0x03, 0x02, 0x01, 0x01, 0x03, 0x01, 0x01,
    0x01, 0x03, 0x01, 0x01, 0x01, 0x03, 0x01, 0x01, 0x02, 0x03, 0x01, 0x01, 0x01, 0x03, 0x01, 0x01,
    0x01, 0x03, 0x01, 0x01, 0x03, 0x03, 0x01, 0x04, 0x01, 0x03, 0x01, 0x04, 0x01, 0x00, 0x01, 0x04,
    0x01, 0x01, 0x01, 0x04, 0x01, 0x03, 0x02, 0x04, 0x01, 0x03, 0x01, 0x04, 0x01, 0x00, 0x01, 0x04,
    0x01, 0x01, 0x01, 0x04, 0x01, 0x03, 0x02, 0x04, 0x01, 0x03, 0x01, 0x04, 0x01, 0x00, 0x01, 0x04,
    0x01, 0x00, 0x01, 0x04, 0x01, 0x03, 0x02, 0x04, 0x01, 0x03, 0x01, 0x04, 0x01, 0x01, 0x01, 0x04,
    0x01, 0x00, 0x01, 0x04, 0x01, 0x03, 0x02, 0x04, 0x01, 0x03, 0x01, 0x04, 0x01, 0x00, 0x01, 0x04,
    0x01, 0x00, 0x01, 0x04, 0x01, 0x03, 0x02, 0x04, 0x01, 0x03, 0x01, 0x04, 0x01, 0x03, 0x01, 0x04,
    0x01, 0x00, 0x01, 0x04, 0x01, 0x03, 0x04, 0x04, 0x01, 0x03, 0x01, 0x04, 0x01, 0x00, 0x01, 0x04,
    0x01, 0x02, 0x02, 0x04, 0x01, 0x01, 0x01, 0x03, 0x01, 0x00, 0x01, 0x03, 0x01, 0x00, 0x01, 0x03,
    0x01, 0x00, 0x02, 0x01, 0x01, 0x00, 0x01, 0x01, 0x01, 0x00, 0x01, 0x03, 0x01, 0x00, 0x01, 0x03,
    0x01, 0x00, 0x04, 0x01, 0x01, 0x00, 0x01, 0x03, 0x01, 0x00, 0x01, 0x03, 0x01, 0x00, 0x04, 0x01,
    0x01, 0x00, 0x01, 0x03, 0x01, 0x00, 0x01, 0x03, 0x01, 0x00, 0x01, 0x03, 0x03, 0x01, 0x01, 0x00,
    0x01, 0x03, 0x01, 0x00, 0x01, 0x03, 0x01, 0x00, 0x01, 0x03, 0x01, 0x00, 0x02, 0x01, 0x01, 0x00,
    0x01, 0x03, 0x01, 0x00, 0x01, 0x03, 0x01, 0x00, 0x01, 0x03, 0x01, 0x00, 0x02, 0x01, 0x01, 0x00,
    0x01, 0x03, 0x01, 0x00, 0x01, 0x03, 0x01, 0x00, 0x01, 0x03, 0x01, 0x00, 0x01, 0x01, 0x01, 0x04,
    0x01, 0x03, 0x01, 0x04, 0x01, 0x01, 0x01, 0x04, 0x01, 0x02, 0x01, 0x04, 0x01, 0x03, 0x02, 0x04,
    0x01, 0x03, 0x01, 0x04, 0x01, 0x00, 0x01, 0x04, 0x01, 0x01, 0x01, 0x04, 0x01, 0x03, 0x02, 0x04,
    0x01, 0x03, 0x01, 0x04, 0x01, 0x01, 0x01, 0x04, 0x01, 0x00, 0x01, 0x04, 0x01, 0x03, 0x02, 0x04,
    0x01, 0x03, 0x01, 0x04, 0x01, 0x01, 0x01, 0x04, 0x01, 0x00, 0x01, 0x04, 0x01, 0x03, 0x02, 0x04,
    0x01, 0x03, 0x01, 0x04, 0x01, 0x01, 0x01, 0x04, 0x01, 0x00, 0x01, 0x04, 0x01, 0x03, 0x02, 0x04,
    0x01, 0x03, 0x01, 0x04, 0x01, 0x03, 0x01, 0x04, 0x01, 0x00, 0x01, 0x04, 0x01, 0x03, 0x02, 0x04,
    0x01, 0x03, 0x01, 0x04, 0x01, 0x03, 0x01, 0x04, 0x01, 0x00, 0x01, 0x04, 0x01, 0x01, 0x02, 0x04,
    0x40, 0x03, 0x01, 0x04, 0x01, 0x03, 0x01, 0x04, 0x01, 0x01, 0x01, 0x04, 0x01, 0x01, 0x01, 0x04,
    0x01, 0x03, 0x02, 0x04, 0x01, 0x03, 0x01, 0x04, 0x01, 0x00, 0x01, 0x04, 0x01, 0x01, 0x01, 0x04,
    0x01, 0x03, 0x02, 0x04, 0x01, 0x03, 0x01, 0x04, 0x01, 0x01, 0x01, 0x04, 0x01, 0x00, 0x01, 0x04,
    0x01, 0x03, 0x02, 0x04, 0x01, 0x03, 0x01, 0x04, 0x01, 0x01, 0x01, 0x04, 0x01, 0x01, 0x01, 0x04,
    0x01, 0x03, 0x02, 0x04, 0x01, 0x03, 0x01, 0x04, 0x01, 0x01, 0x01, 0x04, 0x01, 0x00, 0x01, 0x04,
    0x01, 0x03, 0x01, 0x04, 0x02, 0x03, 0x01, 0x04, 0x01, 0x03, 0x01, 0x04, 0x01, 0x00, 0x01, 0x04,
    0x01, 0x03, 0x02, 0x04, 0x01, 0x03, 0x01, 0x04, 0x01, 0x03, 0x01, 0x04, 0x01, 0x01, 0x01, 0x04,
    0x01, 0x01, 0x02, 0x04, 0x02, 0x03, 0x01, 0x04, 0x01, 0x01, 0x01, 0x04, 0x01, 0x01, 0x01, 0x04,
    0x02, 0x03, 0x01, 0x04, 0x01, 0x03, 0x01, 0x04, 0x01, 0x01, 0x01, 0x04, 0x01, 0x01, 0x01, 0x04,
    0x04, 0x03, 0x01, 0x04, 0x01, 0x01, 0x01, 0x04, 0x01, 0x01, 0x01, 0x04, 0x01, 0x03, 0x01, 0x04,
    0x02, 0x03, 0x01, 0x04, 0x01, 0x01, 0x01, 0x04, 0x01, 0x01, 0x01, 0x04, 0x01, 0x03, 0x01, 0x04,
    0x02, 0x03, 0x01, 0x04, 0x01, 0x01, 0x01, 0x04, 0x01, 0x01, 0x01, 0x04, 0x01, 0x03, 0x01, 0x04,
    0x02, 0x03, 0x01, 0x04, 0x01, 0x03, 0x01, 0x04, 0x01, 0x00, 0x01, 0x04, 0x01, 0x03, 0x01, 0x04,
    0x02, 0x03, 0x01, 0x04, 0x01, 0x03, 0x01, 0x04, 0x01, 0x01, 0x01, 0x04, 0x01, 0x01, 0x01, 0x04,
    0x04, 0x03, 0x01, 0x01, 0x08, 0x03, 0x01, 0x01, 0x01, 0x03, 0x01, 0x01, 0x06, 0x03, 0x01, 0x01,
    0x01, 0x03, 0x01, 0x01, 0x08, 0x03, 0x01, 0x01, 0x06, 0x03, 0x01, 0x01, 0x01, 0x03, 0x01, 0x01,
    0x08, 0x03, 0x01, 0x01, 0x08, 0x03, 0x01, 0x01, 0x04, 0x03, 0x01, 0x04, 0x01, 0x03, 0x01, 0x04,
    0x01, 0x01, 0x01, 0x04, 0x01, 0x01, 0x01, 0x04, 0x01, 0x03, 0x02, 0x04, 0x01, 0x03, 0x01, 0x04,
    0x01, 0x00, 0x01, 0x04, 0x01, 0x01, 0x01, 0x04, 0x01, 0x03, 0x02, 0x04, 0x01, 0x03, 0x01, 0x04,
    0x01, 0x01, 0x01, 0x04, 0x01, 0x00, 0x01, 0x04, 0x01, 0x03, 0x02, 0x04, 0x01, 0x03, 0x01, 0x04,
    0x01, 0x01, 0x01, 0x04, 0x01, 0x01, 0x01, 0x04, 0x01, 0x03, 0x02, 0x04, 0x01, 0x03, 0x01, 0x04,
    0x01, 0x01, 0x01, 0x04, 0x01, 0x01, 0x01, 0x04, 0x01, 0x03, 0x01, 0x04, 0x02, 0x03, 0x01, 0x04,
    0x01, 0x03, 0x01, 0x04, 0x01, 0x00, 0x01, 0x04, 0x01, 0x03, 0x02, 0x04, 0x01, 0x03, 0x01, 0x04,
    0x01, 0x03, 0x01, 0x04, 0x01, 0x00, 0x01, 0x04, 0x01, 0x01, 0x02, 0x04, 0x01, 0x01, 0x01, 0x03,
    0x01, 0x01, 0x01, 0x03, 0x01, 0x01, 0x01, 0x03, 0x01, 0x01, 0x01, 0x03, 0x02, 0x01, 0x01, 0x03,
    0x01, 0x01, 0x01, 0x03, 0x01, 0x01, 0x01, 0x03, 0x01, 0x01, 0x01, 0x03, 0x02, 0x01, 0x01, 0x03,
    0x01, 0x01, 0x01, 0x03, 0x01, 0x01, 0x01, 0x03, 0x01, 0x01, 0x01, 0x03, 0x02, 0x01, 0x01, 0x03,
    0x01, 0x01, 0x01, 0x03, 0x01, 0x01, 0x01, 0x03, 0x01, 0x01, 0x01, 0x03, 0x02, 0x01, 0x01, 0x03,
    0x01, 0x01, 0x01, 0x03, 0x01, 0x01, 0x01, 0x03, 0x01, 0x01, 0x01, 0x03, 0x02, 0x01, 0x01, 0x03,
    0x01, 0x01, 0x01, 0x03, 0x01, 0x01, 0x01, 0x03, 0x01, 0x01, 0x01, 0x03, 0x02, 0x01, 0x01, 0x03,
    0x01, 0x01, 0x01, 0x03, 0x01, 0x01, 0x01, 0x03, 0x01, 0x01, 0x01, 0x03, 0x02, 0x01, 0x01, 0x04,
    0x01, 0x03, 0x01, 0x04, 0x01, 0x00, 0x01, 0x04, 0x01, 0x02, 0x01, 0x04, 0x01, 0x03, 0x02, 0x04,
    0x01, 0x03, 0x01, 0x04, 0x01, 0x00, 0x01, 0x04, 0x01, 0x01, 0x01, 0x04, 0x01, 0x03, 0x02, 0x04,
    0x01, 0x03, 0x01, 0x04, 0x01, 0x00, 0x01, 0x04, 0x01, 0x00, 0x01, 0x04, 0x01, 0x03, 0x02, 0x04,
    0x01, 0x03, 0x01, 0x04, 0x01, 0x01, 0x01, 0x04, 0x01, 0x00, 0x01, 0x04, 0x01, 0x03, 0x02, 0x04,
    0x01, 0x03, 0x01, 0x04, 0x01, 0x00, 0x01, 0x04, 0x01, 0x00, 0x01, 0x04, 0x01, 0x03, 0x04, 0x04,
    0x01, 0x03, 0x01, 0x04, 0x01, 0x00, 0x01, 0x04, 0x01, 0x03, 0x04, 0x04, 0x01, 0x03, 0x01, 0x04,
    0x01, 0x00, 0x01, 0x04, 0x01, 0x01, 0x02, 0x04, 0xFF, 0x03, 0xFF, 0x03, 0xFF, 0x03, 0xFF, 0x03,
    0x91, 0x03, 0x02, 0x01, 0x0C, 0x03, 0x01, 0x01, 0x01, 0x03, 0x0C, 0x01, 0x23, 0x03, 0x1D, 0x00,
    0x01, 0x01, 0x21, 0x03, 0x01, 0x00, 0x01, 0x04, 0x1C, 0x05, 0x01, 0x04, 0x01, 0x00, 0x20, 0x03,
    0x01, 0x00, 0x01, 0x04, 0x1C, 0x05, 0x01, 0x04, 0x01, 0x00, 0x20, 0x03, 0x01, 0x00, 0x01, 0x04,
    0x1C, 0x05, 0x01, 0x04, 0x01, 0x00, 0x20, 0x03, 0x01, 0x00, 0x01, 0x04, 0x1C, 0x05, 0x01, 0x04,
    0x01, 0x00, 0x20, 0x03, 0x01, 0x00, 0x01, 0x04, 0x1C, 0x05, 0x01, 0x04, 0x01, 0x00, 0x10, 0x03,
    0x04, 0x00, 0x0C, 0x03, 0x01, 0x00, 0x01, 0x04, 0x04, 0x05, 0x02, 0x04, 0x10, 0x05, 0x02, 0x04,
    0x04, 0x05, 0x01, 0x04, 0x01, 0x00, 0x10, 0x03, 0x04, 0x04, 0x01, 0x02, 0x05, 0x03, 0x07, 0x00,
    0x01, 0x04, 0x03, 0x05, 0x01, 0x04, 0x02, 0x00, 0x01, 0x04, 0x0E, 0x05, 0x03, 0x00, 0x01, 0x04,
    0x03, 0x05, 0x01, 0x04, 0x01, 0x00, 0x0E, 0x03, 0x02, 0x00, 0x04, 0x05, 0x01, 0x00, 0x04, 0x03,
    0x01, 0x00, 0x01, 0x04, 0x0A, 0x05, 0x01, 0x04, 0x02, 0x00, 0x01, 0x04, 0x0E, 0x05, 0x01, 0x03,
    0x02, 0x00, 0x01, 0x04, 0x03, 0x05, 0x01, 0x04, 0x01, 0x00, 0x01, 0x03, 0x01, 0x01, 0x0B, 0x03,
    0x01, 0x00, 0x02, 0x04, 0x05, 0x05, 0x04, 0x03, 0x01, 0x00, 0x0B, 0x05, 0x01, 0x04, 0x02, 0x00,
    0x01, 0x04, 0x0E, 0x05, 0x01, 0x03, 0x02, 0x00, 0x01, 0x04, 0x03, 0x05, 0x01, 0x04, 0x01, 0x00,
    0x01, 0x02, 0x01, 0x00, 0x0B, 0x03, 0x01, 0x00, 0x01, 0x04, 0x06, 0x05, 0x04, 0x03, 0x01, 0x00,
    0x28, 0x05, 0x02, 0x01, 0x07, 0x03, 0x01, 0x00, 0x01, 0x04, 0x08, 0x05, 0x04, 0x03, 0x01, 0x00,
    0x28, 0x05, 0x09, 0x03, 0x01, 0x00, 0x01, 0x04, 0x08, 0x05, 0x04, 0x03, 0x01, 0x00, 0x29, 0x05,
    0x01, 0x04, 0x08, 0x00, 0x01, 0x04, 0x07, 0x05, 0x05, 0x03, 0x01, 0x00, 0x2A, 0x05, 0x09, 0x04,
    0x06, 0x05, 0x01, 0x04, 0x01, 0x00, 0x04, 0x03, 0x01, 0x00, 0x38, 0x05, 0x01, 0x03, 0x01, 0x00,
    0x05, 0x03, 0x01, 0x00, 0x01, 0x04, 0x01, 0x05, 0x05, 0x04, 0x2E, 0x05, 0x03, 0x04, 0x08, 0x03,
    0x07, 0x00, 0x01, 0x04, 0x2C, 0x05, 0x01, 0x04, 0x03, 0x00, 0x01, 0x02, 0x0D, 0x03, 0x01, 0x00,
    0x01, 0x04, 0x24, 0x05, 0x09, 0x04, 0x11, 0x03, 0x01, 0x00, 0x01, 0x04, 0x23, 0x05, 0x01, 0x04,
    0x09, 0x00, 0x11, 0x03, 0x01, 0x00, 0x01, 0x04, 0x23, 0x05, 0x01, 0x04, 0x01, 0x00, 0x19, 0x03,
    0x01, 0x00, 0x01, 0x04, 0x23, 0x05, 0x01, 0x04, 0x01, 0x00, 0x19, 0x03, 0x01, 0x00, 0x01, 0x04,
    0x23, 0x05, 0x01, 0x04, 0x01, 0x00, 0x19, 0x03, 0x01, 0x00, 0x01, 0x04, 0x23, 0x05, 0x01, 0x04,
    0x01, 0x00, 0x19, 0x03, 0x01, 0x00, 0x01, 0x04, 0x03, 0x05, 0x01, 0x04, 0x02, 0x00, 0x01, 0x04,
    0x03, 0x05, 0x01, 0x04, 0x06, 0x00, 0x01, 0x04, 0x03, 0x05, 0x01, 0x04, 0x02, 0x00, 0x01, 0x04,
    0x03, 0x05, 0x01, 0x04, 0x07, 0x00, 0x1A, 0x03, 0x01, 0x00, 0x01, 0x04, 0x03, 0x05, 0x01, 0x04,
    0x02, 0x00, 0x01, 0x04, 0x03, 0x05, 0x01, 0x04, 0x01, 0x00, 0x04, 0x03, 0x01, 0x00, 0x01, 0x04,
    0x03, 0x05, 0x01, 0x04, 0x01, 0x01, 0x01, 0x00, 0x01, 0x04, 0x03, 0x05, 0x01, 0x04, 0x01, 0x00,
    0x20, 0x03, 0x01, 0x00, 0x01, 0x04, 0x03, 0x05, 0x01, 0x04, 0x02, 0x00, 0x01, 0x04, 0x03, 0x05,
    0x01, 0x04, 0x01, 0x00, 0x04, 0x03, 0x01, 0x00, 0x01, 0x04, 0x03, 0x05, 0x01, 0x04, 0x01, 0x01,
    0x01, 0x00, 0x01, 0x04, 0x03, 0x05, 0x01, 0x04, 0x01, 0x00, 0x20, 0x03, 0x01, 0x00, 0x01, 0x04,
    0x03, 0x05, 0x01, 0x04, 0x02, 0x00, 0x01, 0x04, 0x03, 0x05, 0x01, 0x04, 0x01, 0x00, 0x04, 0x03,
    0x01, 0x00, 0x01, 0x04, 0x03, 0x05, 0x01, 0x04, 0x01, 0x01, 0x01, 0x00, 0x01, 0x04, 0x03, 0x05,
    0x01, 0x04, 0x01, 0x00, 0x20, 0x03, 0x01, 0x00, 0x01, 0x04, 0x03, 0x05, 0x01, 0x04, 0x02, 0x00,
    0x01, 0x04, 0x03, 0x05, 0x01, 0x04, 0x01, 0x00, 0x04, 0x03, 0x01, 0x00, 0x01, 0x04, 0x03, 0x05,
    0x01, 0x04, 0x01, 0x01, 0x01, 0x00, 0x01, 0x04, 0x03, 0x05, 0x01, 0x04, 0x01, 0x00, 0x20, 0x03,
    0x01, 0x00, 0x01, 0x04, 0x03, 0x05, 0x01, 0x04, 0x02, 0x00, 0x01, 0x04, 0x03, 0x05, 0x01, 0x04,
    0x01, 0x00, 0x04, 0x03, 0x01, 0x00, 0x01, 0x04, 0x03, 0x05, 0x01, 0x04, 0x01, 0x01, 0x01, 0x00,
    0x01, 0x04, 0x03, 0x05, 0x01, 0x04, 0x01, 0x00, 0x15, 0x03, 0x01, 0x01, 0x01, 0x03, 0x01, 0x00,
    0x01, 0x03, 0x01, 0x00, 0x01, 0x03, 0x01, 0x00, 0x01, 0x02, 0x01, 0x01, 0x01, 0x00, 0x01, 0x03,
    0x01, 0x00, 0x01, 0x04, 0x03, 0x05, 0x01, 0x04, 0x02, 0x00, 0x01, 0x04, 0x03, 0x05, 0x01, 0x04,
    0x01, 0x00, 0x01, 0x03, 0x02, 0x01, 0x01, 0x03, 0x01, 0x00, 0x01, 0x04, 0x03, 0x05, 0x01, 0x04,
    0x02, 0x00, 0x01, 0x04, 0x03, 0x05, 0x01, 0x04, 0x01, 0x00, 0x01, 0x03, 0x01, 0x01, 0x02, 0x02,
    0x01, 0x00, 0x01, 0x03, 0x01, 0x00, 0x01, 0x03, 0x01, 0x00, 0x01, 0x03, 0x01, 0x00, 0x01, 0x01,
    0x01, 0x02, 0x01, 0x00, 0x01, 0x03, 0x01, 0x00, 0x01, 0x03, 0x01, 0x00, 0x01, 0x03, 0x02, 0x01,
    0x01, 0x04, 0x01, 0x03, 0x01, 0x04, 0x01, 0x01, 0x01, 0x04, 0x01, 0x02, 0x01, 0x04, 0x01, 0x03,
    0x02, 0x04, 0x01, 0x03, 0x01, 0x04, 0x01, 0x00, 0x01, 0x04, 0x01, 0x00, 0x01, 0x04, 0x01, 0x03,
    0x02, 0x04, 0x01, 0x03, 0x01, 0x04, 0x01, 0x00, 0x01, 0x04, 0x01, 0x02, 0x01, 0x04, 0x01, 0x03,
    0x02, 0x04, 0x01, 0x03, 0x01, 0x04, 0x01, 0x02, 0x01, 0x04, 0x01, 0x00, 0x01, 0x04, 0x01, 0x03,
    0x02, 0x04, 0x01, 0x03, 0x01, 0x04, 0x01, 0x00, 0x01, 0x04, 0x01, 0x00, 0x01, 0x04, 0x01, 0x03,
    0x01, 0x04, 0x02, 0x03, 0x01, 0x04, 0x01, 0x03, 0x01, 0x04, 0x01, 0x00, 0x01, 0x04, 0x01, 0x03,
    0x01, 0x04, 0x02, 0x03, 0x01, 0x04, 0x01, 0x03, 0x01, 0x04, 0x01, 0x01, 0x01, 0x04, 0x01, 0x02,
    0x02, 0x04, 0x02, 0x03, 0x01, 0x04, 0x01, 0x02, 0x01, 0x04, 0x01, 0x03, 0x01, 0x04, 0x02, 0x03,
    0x01, 0x04, 0x01, 0x03, 0x01, 0x04, 0x01, 0x01, 0x01, 0x04, 0x01, 0x01, 0x01, 0x04, 0x04, 0x03,
    0x01, 0x04, 0x01, 0x01, 0x01, 0x04, 0x01, 0x01, 0x01, 0x04, 0x04, 0x03, 0x01, 0x04, 0x01, 0x01,
    0x01, 0x04, 0x01, 0x01, 0x01, 0x04, 0x01, 0x03, 0x01, 0x04, 0x02, 0x03, 0x01, 0x04, 0x01, 0x01,
    0x01, 0x04, 0x01, 0x01, 0x01, 0x04, 0x04, 0x03, 0x01, 0x04, 0x01, 0x03, 0x01, 0x04, 0x01, 0x01,
    0x01, 0x04, 0x01, 0x03, 0x01, 0x04, 0x02, 0x03, 0x01, 0x04, 0x01, 0x03, 0x01, 0x04, 0x01, 0x02,
    0x01, 0x04, 0x01, 0x02, 0x01, 0x04, 0x0D, 0x03, 0x01, 0x02, 0x0A, 0x03, 0x01, 0x02, 0x08, 0x03,
    0x01, 0x02, 0x06, 0x03, 0x01, 0x02, 0x0A, 0x03, 0x01, 0x02, 0x08, 0x03, 0x01, 0x02, 0x04, 0x03,
    0x01, 0x04, 0x01, 0x03, 0x01, 0x04, 0x01, 0x00, 0x01, 0x04, 0x01, 0x02, 0x01, 0x04, 0x01, 0x03,
    0x02, 0x04, 0x01, 0x03, 0x01, 0x04, 0x01, 0x00, 0x01, 0x04, 0x01, 0x02, 0x01, 0x04, 0x01, 0x03,
    0x02, 0x04, 0x01, 0x03, 0x01, 0x04, 0x01, 0x01, 0x01, 0x04, 0x01, 0x00, 0x01, 0x04, 0x01, 0x03,
    0x02, 0x04, 0x01, 0x03, 0x01, 0x04, 0x01, 0x02, 0x01, 0x04, 0x01, 0x00, 0x01, 0x04, 0x01, 0x03,
    0x02, 0x04, 0x01, 0x03, 0x01, 0x04, 0x01, 0x01, 0x01, 0x04, 0x01, 0x00, 0x01, 0x04, 0x01, 0x03,
    0x02, 0x04, 0x01, 0x03, 0x01, 0x04, 0x01, 0x03, 0x01, 0x04, 0x01, 0x00, 0x01, 0x04, 0x01, 0x03,
    0x02, 0x04, 0x01, 0x03, 0x01, 0x04, 0x01, 0x03, 0x01, 0x04, 0x01, 0x00, 0x01, 0x04, 0x01, 0x02,
    0x02, 0x04, 0x01, 0x02, 0x01, 0x03, 0x01, 0x02, 0x01, 0x03, 0x01, 0x02, 0x01, 0x03, 0x01, 0x02,
    0x01, 0x03, 0x02, 0x02, 0x01, 0x03, 0x01, 0x02, 0x01, 0x03, 0x01, 0x02, 0x01, 0x03, 0x01, 0x02,
    0x01, 0x03, 0x02, 0x02, 0x01, 0x03, 0x01, 0x02, 0x01, 0x03, 0x01, 0x02, 0x01, 0x03, 0x01, 0x01,
    0x04, 0x03, 0x01, 0x01, 0x01, 0x03, 0x01, 0x02, 0x01, 0x03, 0x01, 0x02, 0x04, 0x03, 0x01, 0x02,
    0x01, 0x03, 0x01, 0x02, 0x01, 0x03, 0x01, 0x02, 0x04, 0x03, 0x01, 0x02, 0x01, 0x03, 0x01, 0x02,
    0x01, 0x03, 0x01, 0x02, 0x01, 0x03, 0x01, 0x02, 0x01, 0x01, 0x01, 0x03, 0x01, 0x02, 0x01, 0x03,
    0x01, 0x02, 0x01, 0x03, 0x01, 0x02, 0x03, 0x03, 0x01, 0x04, 0x01, 0x03, 0x01, 0x04, 0x01, 0x00,
    0x01, 0x04, 0x01, 0x02, 0x01, 0x04, 0x01, 0x03, 0x02, 0x04, 0x01, 0x03, 0x01, 0x04, 0x01, 0x00,
    0x01, 0x04, 0x01, 0x02, 0x01, 0x04, 0x01, 0x03, 0x02, 0x04, 0x01, 0x03, 0x01, 0x04, 0x01, 0x00,
    0x01, 0x04, 0x01, 0x00, 0x01, 0x04, 0x01, 0x03, 0x02, 0x04, 0x01, 0x03, 0x01, 0x04, 0x01, 0x01,
    0x01, 0x04, 0x01, 0x00, 0x01, 0x04, 0x01, 0x03, 0x02, 0x04, 0x01, 0x03, 0x01, 0x04, 0x01, 0x01,
    0x01, 0x04, 0x01, 0x00, 0x01, 0x04, 0x01, 0x03, 0x04, 0x04, 0x01, 0x03, 0x01, 0x04, 0x01, 0x00,
    0x01, 0x04, 0x01, 0x03, 0x04, 0x04, 0x01, 0x03, 0x01, 0x04, 0x01, 0x00, 0x01, 0x04, 0x01, 0x01,
    0x02, 0x04, 0x01, 0x01, 0x01, 0x03, 0x01, 0x00, 0x01, 0x03, 0x01, 0x00, 0x01, 0x03, 0x01, 0x00,
    0x01, 0x02, 0x01, 0x01, 0x01, 0x00, 0x01, 0x03, 0x01, 0x00, 0x01, 0x03, 0x01, 0x00, 0x01, 0x03,
    0x01, 0x00, 0x01, 0x02, 0x02, 0x01, 0x01, 0x02, 0x01, 0x00, 0x01, 0x03, 0x01, 0x00, 0x01, 0x03,
    0x01, 0x00, 0x01, 0x02, 0x01, 0x00, 0x01, 0x01, 0x01, 0x02, 0x01, 0x00, 0x01, 0x03, 0x01, 0x00,
    0x01, 0x03, 0x01, 0x00, 0x01, 0x03, 0x01, 0x00, 0x01, 0x01, 0x01, 0x02, 0x01, 0x00, 0x01, 0x03,
    0x01, 0x00, 0x01, 0x03, 0x01, 0x00, 0x01, 0x03, 0x01, 0x00, 0x01, 0x01, 0x01, 0x02, 0x01, 0x00,
    0x01, 0x03, 0x01, 0x00, 0x01, 0x03, 0x01, 0x00, 0x01, 0x03, 0x01, 0x00, 0x01, 0x01, 0x01, 0x02,
    0x01, 0x00, 0x01, 0x03, 0x01, 0x00, 0x01, 0x03, 0x01, 0x00, 0x01, 0x03, 0x01, 0x00, 0x01, 0x01,
    0x01, 0x04, 0x01, 0x03, 0x01, 0x04, 0x01, 0x01, 0x01, 0x04, 0x01, 0x02, 0x01, 0x04, 0x01, 0x03,
    0x02, 0x04, 0x01, 0x03, 0x01, 0x04, 0x01, 0x00, 0x01, 0x04, 0x01, 0x02, 0x01, 0x04, 0x01, 0x03,
    0x02, 0x04, 0x01, 0x03, 0x01, 0x04, 0x01, 0x01, 0x01, 0x04, 0x01, 0x00, 0x01, 0x04, 0x01, 0x03,
    0x02, 0x04, 0x01, 0x03, 0x01, 0x04, 0x01, 0x02, 0x01, 0x04, 0x01, 0x02, 0x01, 0x04, 0x01, 0x03,
    0x02, 0x04, 0x01, 0x03, 0x01, 0x04, 0x01, 0x01, 0x01, 0x04, 0x01, 0x00, 0x01, 0x04, 0x01, 0x03,
    0x02, 0x04, 0x01, 0x03, 0x01, 0x04, 0x01, 0x03, 0x01, 0x04, 0x01, 0x00, 0x01, 0x04, 0x01, 0x03,
    0x02, 0x04, 0x01, 0x03, 0x01, 0x04, 0x01, 0x03, 0x01, 0x04, 0x01, 0x00, 0x01, 0x04, 0x01, 0x02,
    0x02, 0x04, 0x40, 0x03, 0x01, 0x04, 0x01, 0x03, 0x01, 0x04, 0x01, 0x01, 0x01, 0x04, 0x01, 0x02,
    0x01, 0x04, 0x01, 0x03, 0x02, 0x04, 0x01, 0x03, 0x01, 0x04, 0x01, 0x00, 0x01, 0x04, 0x01, 0x02,
    0x01, 0x04, 0x01, 0x03, 0x02, 0x04, 0x01, 0x03, 0x01, 0x04, 0x01, 0x01, 0x01, 0x04, 0x01, 0x00,
    0x01, 0x04, 0x01, 0x03, 0x02, 0x04, 0x01, 0x03, 0x01, 0x04, 0x01, 0x02, 0x01, 0x04, 0x01, 0x01,
    0x01, 0x04, 0x01, 0x03, 0x02, 0x04, 0x01, 0x03, 0x01, 0x04, 0x01, 0x01, 0x01, 0x04, 0x01, 0x02,
    0x01, 0x04, 0x01, 0x03, 0x02, 0x04, 0x01, 0x03, 0x01, 0x04, 0x01, 0x03, 0x01, 0x04, 0x01, 0x00,
    0x01, 0x04, 0x01, 0x03, 0x02, 0x04, 0x01, 0x03, 0x01, 0x04, 0x01, 0x03, 0x01, 0x04, 0x01, 0x01,
    0x01, 0x04, 0x01, 0x02, 0x02, 0x04, 0x02, 0x03, 0x01, 0x04, 0x01, 0x01, 0x01, 0x04, 0x01, 0x02,
    0x01, 0x04, 0x02, 0x03, 0x01, 0x04, 0x01, 0x03, 0x01, 0x04, 0x01, 0x01, 0x01, 0x04, 0x01, 0x02,
    0x01, 0x04, 0x04, 0x03, 0x01, 0x04, 0x01, 0x02, 0x01, 0x04, 0x01, 0x01, 0x01, 0x04, 0x01, 0x03,
    0x01, 0x04, 0x02, 0x03, 0x01, 0x04, 0x01, 0x02, 0x01, 0x04, 0x01, 0x01, 0x01, 0x04, 0x01, 0x03,
    0x01, 0x04, 0x02, 0x03, 0x01, 0x04, 0x01, 0x02, 0x01, 0x04, 0x01, 0x01, 0x01, 0x04, 0x01, 0x03,
    0x01, 0x04, 0x02, 0x03, 0x01, 0x04, 0x01, 0x03, 0x01, 0x04, 0x01, 0x00, 0x01, 0x04, 0x01, 0x03,
    0x01, 0x04, 0x02, 0x03, 0x01, 0x04, 0x01, 0x03, 0x01, 0x04, 0x01, 0x01, 0x01, 0x04, 0x01, 0x03,
    0x01, 0x04, 0x04, 0x03, 0x01, 0x02, 0x01, 0x04, 0x07, 0x03, 0x01, 0x02, 0x08, 0x03, 0x01, 0x02,
    0x01, 0x03, 0x01, 0x02, 0x08, 0x03, 0x01, 0x02, 0x06, 0x03, 0x01, 0x02, 0x01, 0x03, 0x01, 0x02,
    0x08, 0x03, 0x01, 0x02, 0x08, 0x03, 0x01, 0x02, 0x04, 0x03, 0x01, 0x04, 0x01, 0x03, 0x01, 0x04,
    0x01, 0x01, 0x01, 0x04, 0x01, 0x02, 0x01, 0x04, 0x01, 0x03, 0x02, 0x04, 0x01, 0x03, 0x01, 0x04,
    0x01, 0x00, 0x01, 0x04, 0x01, 0x02, 0x01, 0x04, 0x01, 0x03, 0x02, 0x04, 0x01, 0x03, 0x01, 0x04,
    0x01, 0x01, 0x01, 0x04, 0x01, 0x01, 0x01, 0x04, 0x01, 0x03, 0x02, 0x04, 0x01, 0x03, 0x01, 0x04,
    0x01, 0x02, 0x01, 0x04, 0x01, 0x01, 0x01, 0x04, 0x01, 0x03, 0x02, 0x04, 0x01, 0x03, 0x01, 0x04,
    0x01, 0x01, 0x01, 0x04, 0x01, 0x01, 0x01, 0x04, 0x01, 0x03, 0x02, 0x04, 0x01, 0x03, 0x01, 0x04,
    0x01, 0x03, 0x01, 0x04, 0x01, 0x00, 0x01, 0x04, 0x01, 0x03, 0x02, 0x04, 0x01, 0x03, 0x01, 0x04,
    0x01, 0x03, 0x01, 0x04, 0x01, 0x01, 0x01, 0x04, 0x01, 0x02, 0x02, 0x04, 0x01, 0x02, 0x01, 0x03,
    0x01, 0x01, 0x01, 0x03, 0x01, 0x01, 0x01, 0x03, 0x01, 0x02, 0x01, 0x03, 0x02, 0x02, 0x01, 0x03,
    0x01, 0x02, 0x01, 0x03, 0x01, 0x01, 0x01, 0x03, 0x01, 0x01, 0x01, 0x03, 0x02, 0x02, 0x01, 0x03,
    0x01, 0x01, 0x01, 0x03, 0x01, 0x01, 0x01, 0x03, 0x01, 0x02, 0x01, 0x03, 0x02, 0x02, 0x01, 0x03,
    0x01, 0x02, 0x01, 0x03, 0x01, 0x01, 0x01, 0x03, 0x01, 0x02, 0x01, 0x03, 0x02, 0x02, 0x01, 0x03,
    0x01, 0x02, 0x01, 0x03, 0x01, 0x01, 0x01, 0x03, 0x01, 0x01, 0x01, 0x03, 0x02, 0x02, 0x01, 0x03,
    0x01, 0x02, 0x01, 0x03, 0x01, 0x01, 0x01, 0x03, 0x01, 0x01, 0x01, 0x03, 0x02, 0x02, 0x01, 0x03,
    0x01, 0x02, 0x01, 0x03, 0x01, 0x01, 0x01, 0x03, 0x01, 0x01, 0x01, 0x03, 0x02, 0x02, 0x01, 0x04,
    0x01, 0x03, 0x01, 0x04, 0x01, 0x00, 0x01, 0x04, 0x01, 0x02, 0x01, 0x04, 0x01, 0x03, 0x02, 0x04,
    0x01, 0x03, 0x01, 0x04, 0x01, 0x00, 0x01, 0x04, 0x01, 0x01, 0x01, 0x04, 0x01, 0x03, 0x02, 0x04,
    0x01, 0x03, 0x01, 0x04, 0x01, 0x00, 0x01, 0x04, 0x01, 0x00, 0x01, 0x04, 0x01, 0x03, 0x02, 0x04,
    0x01, 0x03, 0x01, 0x04, 0x01, 0x01, 0x01, 0x04, 0x01, 0x00, 0x01, 0x04, 0x01, 0x03, 0x02, 0x04,
    0x01, 0x03, 0x01, 0x04, 0x01, 0x01, 0x01, 0x04, 0x01, 0x00, 0x01, 0x04, 0x01, 0x03, 0x04, 0x04,
    0x01, 0x03, 0x01, 0x04, 0x01, 0x00, 0x01, 0x04, 0x01, 0x03, 0x04, 0x04, 0x01, 0x03, 0x01, 0x04,
    0x01, 0x00, 0x01, 0x04, 0x01, 0x02, 0x02, 0x04, 0xFF, 0x03, 0xFF, 0x03, 0xFF, 0x03, 0xFF, 0x03,
    0x91, 0x03, 0x02, 0x01, 0x0C, 0x03, 0x01, 0x01, 0x01, 0x03, 0x0C, 0x01, 0x23, 0x03, 0x1D, 0x00,
    0x01, 0x01, 0x21, 0x03, 0x01, 0x00, 0x01, 0x04, 0x1C, 0x05, 0x01, 0x04, 0x01, 0x00, 0x20, 0x03,
    0x01, 0x00, 0x01, 0x04, 0x1C, 0x05, 0x01, 0x04, 0x01, 0x00, 0x20, 0x03, 0x01, 0x00, 0x01, 0x04,
    0x1C, 0x05, 0x01, 0x04, 0x01, 0x00, 0x20, 0x03, 0x01, 0x00, 0x01, 0x04, 0x1C, 0x05, 0x01, 0x04,
    0x01, 0x00, 0x20, 0x03, 0x01, 0x00, 0x01, 0x04, 0x1C, 0x05, 0x01, 0x04, 0x01, 0x00, 0x10, 0x03,
    0x04, 0x00, 0x0C, 0x03, 0x01, 0x00, 0x01, 0x04, 0x04, 0x05, 0x02, 0x04, 0x10, 0x05, 0x02, 0x04,
    0x04, 0x05, 0x01, 0x04, 0x01, 0x00, 0x10, 0x03, 0x04, 0x04, 0x01, 0x01, 0x05, 0x03, 0x07, 0x00,
    0x01, 0x04, 0x03, 0x05, 0x01, 0x04, 0x02, 0x00, 0x01, 0x04, 0x0E, 0x05, 0x01, 0x02, 0x02, 0x00,
    0x01, 0x04, 0x03, 0x05, 0x01, 0x04, 0x01, 0x00, 0x0E, 0x03, 0x02, 0x00, 0x04, 0x05, 0x01, 0x00,
    0x04, 0x03, 0x01, 0x00, 0x01, 0x04, 0x0A, 0x05, 0x01, 0x04, 0x02, 0x00, 0x01, 0x04, 0x0E, 0x05,
    0x01, 0x03, 0x02, 0x00, 0x01, 0x04, 0x03, 0x05, 0x01, 0x04, 0x01, 0x00, 0x01, 0x03, 0x01, 0x01,
    0x0B, 0x03, 0x01, 0x00, 0x02, 0x04, 0x05, 0x05, 0x04, 0x03, 0x01, 0x00, 0x0B, 0x05, 0x01, 0x04,
    0x02, 0x00, 0x01, 0x04, 0x0E, 0x05, 0x01, 0x03, 0x02, 0x00, 0x01, 0x04, 0x03, 0x05, 0x01, 0x04,
    0x01, 0x00, 0x01, 0x02, 0x01, 0x00, 0x0B, 0x03, 0x01, 0x00, 0x01, 0x04, 0x06, 0x05, 0x04, 0x03,
    0x01, 0x00, 0x28, 0x05, 0x02, 0x01, 0x07, 0x03, 0x01, 0x00, 0x01, 0x04, 0x08, 0x05, 0x04, 0x03,
    0x01, 0x00, 0x28, 0x05, 0x09, 0x03, 0x01, 0x00, 0x01, 0x04, 0x08, 0x05, 0x04, 0x03, 0x01, 0x00,
    0x29, 0x05, 0x01, 0x04, 0x08, 0x00, 0x01, 0x04, 0x07, 0x05, 0x05, 0x03, 0x01, 0x00, 0x2A, 0x05,
    0x09, 0x04, 0x06, 0x05, 0x01, 0x04, 0x01, 0x00, 0x04, 0x03, 0x01, 0x00, 0x38, 0x05, 0x01, 0x03,
    0x01, 0x00, 0x05, 0x03, 0x01, 0x00, 0x01, 0x04, 0x01, 0x05, 0x05, 0x04, 0x2E, 0x05, 0x03, 0x04,
    0x08, 0x03, 0x07, 0x00, 0x01, 0x04, 0x2C, 0x05, 0x01, 0x04, 0x03, 0x00, 0x01, 0x02, 0x0D, 0x03,
    0x01, 0x00, 0x01, 0x04, 0x24, 0x05, 0x09, 0x04, 0x11, 0x03, 0x01, 0x00, 0x01, 0x04, 0x23, 0x05,
    0x01, 0x04, 0x09, 0x00, 0x11, 0x03, 0x01, 0x00, 0x01, 0x04, 0x23, 0x05, 0x01, 0x04, 0x01, 0x00,
    0x19, 0x03, 0x01, 0x00, 0x01, 0x04, 0x23, 0x05, 0x01, 0x04, 0x01, 0x00, 0x19, 0x03, 0x01, 0x00,
    0x01, 0x04, 0x23, 0x05, 0x01, 0x04, 0x01, 0x00, 0x19, 0x03, 0x01, 0x00, 0x01, 0x04, 0x23, 0x05,
    0x01, 0x04, 0x01, 0x00, 0x19, 0x03, 0x01, 0x00, 0x01, 0x04, 0x03, 0x05, 0x01, 0x04, 0x02, 0x00,
    0x01, 0x04, 0x03, 0x05, 0x01, 0x04, 0x06, 0x00, 0x01, 0x04, 0x03, 0x05, 0x01, 0x04, 0x02, 0x00,
    0x01, 0x04, 0x03, 0x05, 0x01, 0x04, 0x07, 0x00, 0x1A, 0x03, 0x01, 0x00, 0x01, 0x04, 0x03, 0x05,
    0x01, 0x04, 0x02, 0x00, 0x01, 0x04, 0x03, 0x05, 0x01, 0x04, 0x01, 0x00, 0x04, 0x03, 0x01, 0x00,
    0x01, 0x04, 0x03, 0x05, 0x01, 0x04, 0x01, 0x01, 0x01, 0x00, 0x01, 0x04, 0x03, 0x05, 0x01, 0x04,
    0x01, 0x00, 0x20, 0x03, 0x01, 0x00, 0x01, 0x04, 0x03, 0x05, 0x01, 0x04, 0x02, 0x00, 0x01, 0x04,
    0x03, 0x05, 0x01, 0x04, 0x01, 0x00, 0x04, 0x03, 0x01, 0x00, 0x01, 0x04, 0x03, 0x05, 0x01, 0x04,
    0x01, 0x01, 0x01, 0x00, 0x01, 0x04, 0x03, 0x05, 0x01, 0x04, 0x01, 0x00, 0x20, 0x03, 0x01, 0x00,
    0x01, 0x04, 0x03, 0x05, 0x01, 0x04, 0x02, 0x00, 0x01, 0x04, 0x03, 0x05, 0x01, 0x04, 0x01, 0x00,
    0x04, 0x03, 0x01, 0x00, 0x01, 0x04, 0x03, 0x05, 0x01, 0x04, 0x01, 0x01, 0x01, 0x00, 0x01, 0x04,
    0x03, 0x05, 0x01, 0x04, 0x01, 0x00, 0x20, 0x03, 0x01, 0x00, 0x01, 0x04, 0x03, 0x05, 0x01, 0x04,
    0x02, 0x00, 0x01, 0x04, 0x03, 0x05, 0x01, 0x04, 0x01, 0x00, 0x04, 0x03, 0x01, 0x00, 0x01, 0x04,
    0x03, 0x05, 0x01, 0x04, 0x01, 0x01, 0x01, 0x00, 0x01, 0x04, 0x03, 0x05, 0x01, 0x04, 0x01, 0x00,
    0x20, 0x03, 0x01, 0x00, 0x01, 0x04, 0x03, 0x05, 0x01, 0x04, 0x02, 0x00, 0x01, 0x04, 0x03, 0x05,
    0x01, 0x04, 0x01, 0x00, 0x04, 0x03, 0x01, 0x00, 0x01, 0x04, 0x03, 0x05, 0x01, 0x04, 0x01, 0x01,
    0x01, 0x00, 0x01, 0x04, 0x03, 0x05, 0x01, 0x04, 0x01, 0x00, 0x15, 0x03, 0x01, 0x01, 0x01, 0x03,
    0x01, 0x00, 0x01, 0x03, 0x01, 0x00, 0x01, 0x03, 0x01, 0x00, 0x01, 0x02, 0x01, 0x01, 0x01, 0x00,
    0x01, 0x03, 0x01, 0x00, 0x01, 0x04, 0x03, 0x05, 0x01, 0x04, 0x02, 0x00, 0x01, 0x04, 0x03, 0x05,
    0x01, 0x04, 0x01, 0x00, 0x01, 0x03, 0x02, 0x01, 0x01, 0x03, 0x01, 0x00, 0x01, 0x04, 0x03, 0x05,
    0x01, 0x04, 0x02, 0x00, 0x01, 0x04, 0x03, 0x05, 0x01, 0x04, 0x01, 0x00, 0x01, 0x03, 0x01, 0x01,
    0x02, 0x02, 0x01, 0x00, 0x01, 0x03, 0x01, 0x00, 0x01, 0x03, 0x01, 0x00, 0x01, 0x03, 0x01, 0x00,
    0x01, 0x01, 0x01, 0x02, 0x01, 0x00, 0x01, 0x03, 0x01, 0x00, 0x01, 0x03, 0x01, 0x00, 0x01, 0x03,
    0x02, 0x01, 0x01, 0x04, 0x01, 0x03, 0x01, 0x04, 0x01, 0x01, 0x01, 0x04, 0x01, 0x02, 0x01, 0x04,
    0x01, 0x03, 0x02, 0x04, 0x01, 0x03, 0x01, 0x04, 0x01, 0x00, 0x01, 0x04, 0x01, 0x00, 0x01, 0x04,
    0x01, 0x03, 0x02, 0x04, 0x01, 0x03, 0x01, 0x04, 0x01, 0x00, 0x01, 0x04, 0x01, 0x00, 0x01, 0x04,
    0x01, 0x03, 0x02, 0x04, 0x01, 0x03, 0x01, 0x04, 0x01, 0x02, 0x01, 0x04, 0x01, 0x00, 0x01, 0x04,
    0x01, 0x03, 0x02, 0x04, 0x01, 0x03, 0x01, 0x04, 0x01, 0x00, 0x01, 0x04, 0x01, 0x00, 0x01, 0x04,
    0x01, 0x03, 0x01, 0x04, 0x02, 0x03, 0x01, 0x04, 0x01, 0x03, 0x01, 0x04, 0x01, 0x00, 0x01, 0x04,
    0x01, 0x03, 0x01, 0x04, 0x02, 0x03, 0x01, 0x04, 0x01, 0x03, 0x01, 0x04, 0x01, 0x01, 0x01, 0x04,
    0x01, 0x02, 0x02, 0x04, 0x02, 0x03, 0x01, 0x04, 0x01, 0x02, 0x01, 0x04, 0x01, 0x03, 0x01, 0x04,
    0x02, 0x03, 0x01, 0x04, 0x01, 0x03, 0x01, 0x04, 0x01, 0x01, 0x01, 0x04, 0x01, 0x01, 0x01, 0x04,
    0x04, 0x03, 0x01, 0x04, 0x01, 0x01, 0x01, 0x04, 0x01, 0x01, 0x01, 0x04, 0x04, 0x03, 0x01, 0x04,
    0x01, 0x01, 0x01, 0x04, 0x01, 0x01, 0x01, 0x04, 0x01, 0x03, 0x01, 0x04, 0x02, 0x03, 0x01, 0x04,
    0x01, 0x01, 0x01, 0x04, 0x01, 0x01, 0x01, 0x04, 0x04, 0x03, 0x01, 0x04, 0x01, 0x03, 0x01, 0x04,
    0x01, 0x01, 0x01, 0x04, 0x01, 0x03, 0x01, 0x04, 0x02, 0x03, 0x01, 0x04, 0x01, 0x03, 0x01, 0x04,
    0x01, 0x02, 0x01, 0x04, 0x01, 0x02, 0x01, 0x04, 0x0D, 0x03, 0x01, 0x02, 0x08, 0x03, 0x01, 0x02,
    0x01, 0x03, 0x01, 0x02, 0x08, 0x03, 0x01, 0x02, 0x06, 0x03, 0x01, 0x02, 0x0A, 0x03, 0x01, 0x02,
    0x08, 0x03, 0x01, 0x02, 0x04, 0x03, 0x01, 0x04, 0x01, 0x03, 0x01, 0x04, 0x01, 0x00, 0x01, 0x04,
    0x01, 0x02, 0x01, 0x04, 0x01, 0x03, 0x02, 0x04, 0x01, 0x03, 0x01, 0x04, 0x01, 0x00, 0x01, 0x04,
    0x01, 0x02, 0x01, 0x04, 0x01, 0x03, 0x02, 0x04, 0x01, 0x03, 0x01, 0x04, 0x01, 0x01, 0x01, 0x04,
    0x01, 0x00, 0x01, 0x04, 0x01, 0x03, 0x02, 0x04, 0x01, 0x03, 0x01, 0x04, 0x01, 0x02, 0x01, 0x04,
    0x01, 0x00, 0x01, 0x04, 0x01, 0x03, 0x02, 0x04, 0x01, 0x03, 0x01, 0x04, 0x01, 0x01, 0x01, 0x04,
    0x01, 0x00, 0x01, 0x04, 0x01, 0x03, 0x02, 0x04, 0x01, 0x03, 0x01, 0x04, 0x01, 0x03, 0x01, 0x04,
    0x01, 0x00, 0x01, 0x04, 0x01, 0x03, 0x02, 0x04, 0x01, 0x03, 0x01, 0x04, 0x01, 0x03, 0x01, 0x04,
    0x01, 0x00, 0x01, 0x04, 0x01, 0x02, 0x02, 0x04, 0x01, 0x02, 0x01, 0x03, 0x01, 0x02, 0x01, 0x03,
    0x01, 0x02, 0x01, 0x03, 0x01, 0x02, 0x01, 0x03, 0x02, 0x02, 0x01, 0x03, 0x01, 0x02, 0x01, 0x03,
    0x01, 0x02, 0x01, 0x03, 0x01, 0x02, 0x01, 0x03, 0x02, 0x02, 0x01, 0x03, 0x01, 0x02, 0x01, 0x03,
    0x01, 0x02, 0x01, 0x03, 0x01, 0x01, 0x04, 0x03, 0x01, 0x01, 0x01, 0x03, 0x01, 0x02, 0x01, 0x03,
    0x01, 0x02, 0x01, 0x03, 0x01, 0x02, 0x01, 0x01, 0x01, 0x03, 0x01, 0x02, 0x01, 0x03, 0x01, 0x02,
    0x01, 0x03, 0x01, 0x02, 0x04, 0x03, 0x01, 0x02, 0x01, 0x03, 0x01, 0x02, 0x01, 0x03, 0x01, 0x02,
    0x01, 0x03, 0x01, 0x01, 0x02, 0x03, 0x01, 0x02, 0x01, 0x03, 0x01, 0x02, 0x01, 0x03, 0x01, 0x02,
    0x03, 0x03, 0x01, 0x04, 0x01, 0x03, 0x01, 0x04, 0x01, 0x00, 0x01, 0x04, 0x01, 0x02, 0x01, 0x04,
    0x01, 0x03, 0x02, 0x04, 0x01, 0x03, 0x01, 0x04, 0x01, 0x00, 0x01, 0x04, 0x01, 0x02, 0x01, 0x04,
    0x01, 0x03, 0x02, 0x04, 0x01, 0x03, 0x01, 0x04, 0x01, 0x00, 0x01, 0x04, 0x01, 0x00, 0x01, 0x04,
    0x01, 0x03, 0x02, 0x04, 0x01, 0x03, 0x01, 0x04, 0x01, 0x01, 0x01, 0x04, 0x01, 0x00, 0x01, 0x04,
    0x01, 0x03, 0x02, 0x04, 0x01, 0x03, 0x01, 0x04, 0x01, 0x01, 0x01, 0x04, 0x01, 0x00, 0x01, 0x04,
    0x01, 0x03, 0x04, 0x04, 0x01, 0x03, 0x01, 0x04, 0x01, 0x00, 0x01, 0x04, 0x01, 0x03, 0x04, 0x04,
    0x01, 0x03, 0x01, 0x04, 0x01, 0x00, 0x01, 0x04, 0x01, 0x01, 0x02, 0x04, 0x01, 0x01, 0x01, 0x03,
    0x01, 0x00, 0x01, 0x03, 0x01, 0x00, 0x01, 0x03, 0x01, 0x00, 0x01, 0x02, 0x01, 0x01, 0x01, 0x00,
    0x01, 0x03, 0x01, 0x00, 0x01, 0x03, 0x01, 0x00, 0x01, 0x03, 0x01, 0x00, 0x01, 0x02, 0x02, 0x01,
    0x01, 0x02, 0x01, 0x00, 0x01, 0x03, 0x01, 0x00, 0x01, 0x03, 0x01, 0x00, 0x01, 0x02, 0x01, 0x00,
    0x01, 0x01, 0x01, 0x02, 0x01, 0x00, 0x01, 0x03, 0x01, 0x00, 0x01, 0x03, 0x01, 0x00, 0x01, 0x03,
    0x01, 0x00, 0x01, 0x01, 0x01, 0x02, 0x01, 0x00, 0x01, 0x03, 0x01, 0x00, 0x01, 0x03, 0x01, 0x00,
    0x01, 0x03, 0x01, 0x00, 0x01, 0x01, 0x01, 0x02, 0x01, 0x00, 0x01, 0x03, 0x01, 0x00, 0x01, 0x03,
    0x01, 0x00, 0x01, 0x03, 0x01, 0x00, 0x01, 0x01, 0x01, 0x02, 0x01, 0x00, 0x01, 0x03, 0x01, 0x00,
    0x01, 0x03, 0x01, 0x00, 0x01, 0x03, 0x01, 0x00, 0x01, 0x01, 0x01, 0x04, 0x01, 0x03, 0x01, 0x04,
    0x01, 0x01, 0x01, 0x04, 0x01, 0x02, 0x01, 0x04, 0x01, 0x03, 0x02, 0x04, 0x01, 0x03, 0x01, 0x04,
    0x01, 0x00, 0x01, 0x04, 0x01, 0x02, 0x01, 0x04, 0x01, 0x03, 0x02, 0x04, 0x01, 0x03, 0x01, 0x04,
    0x01, 0x01, 0x01, 0x04, 0x01, 0x00, 0x01, 0x04, 0x01, 0x03, 0x02, 0x04, 0x01, 0x03, 0x01, 0x04,
    0x01, 0x02, 0x01, 0x04, 0x01, 0x02, 0x01, 0x04, 0x01, 0x03, 0x02, 0x04, 0x01, 0x03, 0x01, 0x04,
    0x01, 0x01, 0x01, 0x04, 0x01, 0x00, 0x01, 0x04, 0x01, 0x03, 0x02, 0x04, 0x01, 0x03, 0x01, 0x04,
    0x01, 0x03, 0x01, 0x04, 0x01, 0x00, 0x01, 0x04, 0x01, 0x03, 0x02, 0x04, 0x01, 0x03, 0x01, 0x04,
    0x01, 0x03, 0x01, 0x04, 0x01, 0x00, 0x01, 0x04, 0x01, 0x02, 0x02, 0x04, 0x40, 0x03, 0x01, 0x04,
    0x01, 0x03, 0x01, 0x04, 0x01, 0x01, 0x01, 0x04, 0x01, 0x02, 0x01, 0x04, 0x01, 0x03, 0x02, 0x04,
    0x01, 0x03, 0x01, 0x04, 0x01, 0x00, 0x01, 0x04, 0x01, 0x02, 0x01, 0x04, 0x01, 0x03, 0x02, 0x04,
    0x01, 0x03, 0x01, 0x04, 0x01, 0x01, 0x01, 0x04, 0x01, 0x00, 0x01, 0x04, 0x01, 0x03, 0x02, 0x04,
    0x01, 0x03, 0x01, 0x04, 0x01, 0x02, 0x01, 0x04, 0x01, 0x01, 0x01, 0x04, 0x01, 0x03, 0x02, 0x04,
    0x01, 0x03, 0x01, 0x04, 0x01, 0x01, 0x01, 0x04, 0x01, 0x02, 0x01, 0x04, 0x01, 0x03, 0x02, 0x04,
    0x01, 0x03, 0x01, 0x04, 0x01, 0x03, 0x01, 0x04, 0x01, 0x00, 0x01, 0x04, 0x01, 0x03, 0x02, 0x04,
    0x01, 0x03, 0x01, 0x04, 0x01, 0x03, 0x01, 0x04, 0x01, 0x01, 0x01, 0x04, 0x01, 0x02, 0x02, 0x04,
    0x02, 0x03, 0x01, 0x04, 0x01, 0x01, 0x01, 0x04, 0x01, 0x02, 0x01, 0x04, 0x02, 0x03, 0x01, 0x04,
    0x01, 0x03, 0x01, 0x04, 0x01, 0x01, 0x01, 0x04, 0x01, 0x02, 0x01, 0x04, 0x04, 0x03, 0x01, 0x04,
    0x01, 0x02, 0x01, 0x04, 0x01, 0x01, 0x01, 0x04, 0x01, 0x03, 0x01, 0x04, 0x02, 0x03, 0x01, 0x04,
    0x01, 0x02, 0x01, 0x04, 0x01, 0x01, 0x01, 0x04, 0x01, 0x03, 0x02, 0x04, 0x01, 0x03, 0x01, 0x04,
    0x01, 0x02, 0x01, 0x04, 0x01, 0x01, 0x01, 0x04, 0x01, 0x03, 0x01, 0x04, 0x02, 0x03, 0x01, 0x04,
    0x01, 0x03, 0x01, 0x04, 0x01, 0x00, 0x01, 0x04, 0x01, 0x03, 0x01, 0x04, 0x02, 0x03, 0x01, 0x04,
    0x01, 0x03, 0x01, 0x04, 0x01, 0x01, 0x01, 0x04, 0x01, 0x03, 0x01, 0x04, 0x04, 0x03, 0x01, 0x02,
    0x01, 0x04, 0x07, 0x03, 0x01, 0x02, 0x08, 0x03, 0x01, 0x02, 0x01, 0x03, 0x01, 0x02, 0x08, 0x03,
    0x01, 0x02, 0x06, 0x03, 0x01, 0x02, 0x01, 0x03, 0x01, 0x02, 0x08, 0x03, 0x01, 0x02, 0x08, 0x03,
    0x01, 0x02, 0x04, 0x03, 0x01, 0x04, 0x01, 0x03, 0x01, 0x04, 0x01, 0x01, 0x01, 0x04, 0x01, 0x02,
    0x01, 0x04, 0x01, 0x03, 0x02, 0x04, 0x01, 0x03, 0x01, 0x04, 0x01, 0x00, 0x01, 0x04, 0x01, 0x02,
    0x01, 0x04, 0x01, 0x03, 0x02, 0x04, 0x01, 0x03, 0x01, 0x04, 0x01, 0x01, 0x01, 0x04, 0x01, 0x01,
    0x01, 0x04, 0x01, 0x03, 0x02, 0x04, 0x01, 0x03, 0x01, 0x04, 0x01, 0x02, 0x01, 0x04, 0x01, 0x01,
    0x01, 0x04, 0x01, 0x03, 0x02, 0x04, 0x01, 0x03, 0x01, 0x04, 0x01, 0x01, 0x01, 0x04, 0x01, 0x01,
    0x01, 0x04, 0x01, 0x03, 0x02, 0x04, 0x01, 0x03, 0x01, 0x04, 0x01, 0x03, 0x01, 0x04, 0x01, 0x00,
    0x01, 0x04, 0x01, 0x03, 0x02, 0x04, 0x01, 0x03, 0x01, 0x04, 0x01, 0x03, 0x01, 0x04, 0x01, 0x01,
    0x01, 0x04, 0x01, 0x02, 0x02, 0x04, 0x01, 0x02, 0x01, 0x03, 0x01, 0x01, 0x01, 0x03, 0x01, 0x01,
    0x01, 0x03, 0x01, 0x02, 0x01, 0x03, 0x02, 0x02, 0x01, 0x03, 0x01, 0x02, 0x01, 0x03, 0x01, 0x01,
    0x01, 0x03, 0x01, 0x01, 0x01, 0x03, 0x02, 0x02, 0x01, 0x03, 0x01, 0x02, 0x01, 0x03, 0x01, 0x01,
    0x01, 0x03, 0x01, 0x02, 0x01, 0x03, 0x02, 0x02, 0x01, 0x03, 0x01, 0x02, 0x01, 0x03, 0x01, 0x01,
    0x01, 0x03, 0x01, 0x02, 0x01, 0x03, 0x02, 0x02, 0x01, 0x03, 0x01, 0x02, 0x01, 0x03, 0x01, 0x01,
    0x01, 0x03, 0x01, 0x01, 0x01, 0x03, 0x02, 0x02, 0x01, 0x03, 0x01, 0x02, 0x01, 0x03, 0x01, 0x01,
    0x01, 0x03, 0x01, 0x01, 0x01, 0x03, 0x02, 0x02, 0x01, 0x03, 0x01, 0x02, 0x01, 0x03, 0x01, 0x01,
    0x01, 0x03, 0x01, 0x01, 0x01, 0x03, 0x02, 0x02, 0x01, 0x04, 0x01, 0x03, 0x01, 0x04, 0x01, 0x00,
    0x01, 0x04, 0x01, 0x02, 0x01, 0x04, 0x01, 0x03, 0x02, 0x04, 0x01, 0x03, 0x01, 0x04, 0x01, 0x00,
    0x01, 0x04, 0x01, 0x01, 0x01, 0x04, 0x01, 0x03, 0x02, 0x04, 0x01, 0x03, 0x01, 0x04, 0x01, 0x00,
    0x01, 0x04, 0x01, 0x00, 0x01, 0x04, 0x01, 0x03, 0x02, 0x04, 0x01, 0x03, 0x01, 0x04, 0x01, 0x01,
    0x01, 0x04, 0x01, 0x00, 0x01, 0x04, 0x01, 0x03, 0x02, 0x04, 0x01, 0x03, 0x01, 0x04, 0x01, 0x01,
    0x01, 0x04, 0x01, 0x00, 0x01, 0x04, 0x01, 0x03, 0x04, 0x04, 0x01, 0x03, 0x01, 0x04, 0x01, 0x00,
    0x01, 0x04, 0x01, 0x03, 0x04, 0x04, 0x01, 0x03, 0x01, 0x04, 0x01, 0x00, 0x01, 0x04, 0x01, 0x02,
    0x02, 0x04, 0xFF, 0x03, 0xFF, 0x03, 0xFF, 0x03, 0xFF, 0x03, 0x91, 0x03, 0x02, 0x01, 0x0C, 0x03,
    0x01, 0x01, 0x01, 0x03, 0x0C, 0x01, 0x23, 0x03, 0x1D, 0x00, 0x01, 0x01, 0x21, 0x03, 0x01, 0x00,
    0x01, 0x04, 0x1C, 0x05, 0x01, 0x04, 0x01, 0x00, 0x20, 0x03, 0x01, 0x00, 0x01, 0x04, 0x1C, 0x05,
    0x01, 0x04, 0x01, 0x00, 0x20, 0x03, 0x01, 0x00, 0x01, 0x04, 0x1C, 0x05, 0x01, 0x04, 0x01, 0x00,
    0x20, 0x03, 0x01, 0x00, 0x01, 0x04, 0x1C, 0x05, 0x01, 0x04, 0x01, 0x00, 0x20, 0x03, 0x01, 0x00,
    0x01, 0x04, 0x1C, 0x05, 0x01, 0x04, 0x01, 0x00, 0x10, 0x03, 0x04, 0x00, 0x0C, 0x03, 0x01, 0x00,
    0x01, 0x04, 0x04, 0x05, 0x02, 0x04, 0x10, 0x05, 0x02, 0x04, 0x04, 0x05, 0x01, 0x04, 0x01, 0x00,
    0x10, 0x03, 0x04, 0x04, 0x01, 0x01, 0x05, 0x03, 0x07, 0x00, 0x01, 0x04, 0x03, 0x05, 0x01, 0x04,
    0x02, 0x00, 0x01, 0x04, 0x0E, 0x05, 0x01, 0x02, 0x02, 0x00, 0x01, 0x04, 0x03, 0x05, 0x01, 0x04,
    0x01, 0x00, 0x0E, 0x03, 0x02, 0x00, 0x04, 0x05, 0x01, 0x00, 0x04, 0x03, 0x01, 0x00, 0x01, 0x04,
    0x0A, 0x05, 0x01, 0x04, 0x02, 0x00, 0x01, 0x04, 0x0E, 0x05, 0x01, 0x03, 0x02, 0x00, 0x01, 0x04,
    0x03, 0x05, 0x01, 0x04, 0x01, 0x00, 0x01, 0x03, 0x01, 0x01, 0x0B, 0x03, 0x01, 0x00, 0x02, 0x04,
    0x05, 0x05, 0x04, 0x03, 0x01, 0x00, 0x0B, 0x05, 0x01, 0x04, 0x02, 0x00, 0x01, 0x04, 0x0E, 0x05,
    0x01, 0x03, 0x02, 0x00, 0x01, 0x04, 0x03, 0x05, 0x01, 0x04, 0x01, 0x00, 0x01, 0x02, 0x01, 0x00,
    0x0B, 0x03, 0x01, 0x00, 0x01, 0x04, 0x06, 0x05, 0x04, 0x03, 0x01, 0x00, 0x28, 0x05, 0x02, 0x01,
    0x07, 0x03, 0x01, 0x00, 0x01, 0x04, 0x08, 0x05, 0x04, 0x03, 0x01, 0x00, 0x28, 0x05, 0x09, 0x03,
    0x01, 0x00, 0x01, 0x04, 0x08, 0x05, 0x04, 0x03, 0x01, 0x00, 0x29, 0x05, 0x01, 0x04, 0x08, 0x00,
    0x01, 0x04, 0x07, 0x05, 0x05, 0x03, 0x01, 0x00, 0x2A, 0x05, 0x09, 0x04, 0x06, 0x05, 0x01, 0x04,
    0x01, 0x00, 0x04, 0x03, 0x01, 0x00, 0x38, 0x05, 0x01, 0x03, 0x01, 0x00, 0x05, 0x03, 0x01, 0x00,
    0x01, 0x04, 0x01, 0x05, 0x05, 0x04, 0x2E, 0x05, 0x03, 0x04, 0x08, 0x03, 0x07, 0x00, 0x01, 0x04,
    0x2C, 0x05, 0x01, 0x04, 0x03, 0x00, 0x01, 0x02, 0x0D, 0x03, 0x01, 0x00, 0x01, 0x04, 0x24, 0x05,
    0x09, 0x04, 0x11, 0x03, 0x01, 0x00, 0x01, 0x04, 0x23, 0x05, 0x01, 0x04, 0x09, 0x00, 0x11, 0x03,
    0x01, 0x00, 0x01, 0x04, 0x23, 0x05, 0x01, 0x04, 0x01, 0x00, 0x19, 0x03, 0x01, 0x00, 0x01, 0x04,
    0x23, 0x05, 0x01, 0x04, 0x01, 0x00, 0x19, 0x03, 0x01, 0x00, 0x01, 0x04, 0x23, 0x05, 0x01, 0x04,
    0x01, 0x00, 0x19, 0x03, 0x01, 0x00, 0x01, 0x04, 0x23, 0x05, 0x01, 0x04, 0x01, 0x00, 0x19, 0x03,
    0x01, 0x00, 0x01, 0x04, 0x03, 0x05, 0x01, 0x04, 0x02, 0x00, 0x01, 0x04, 0x03, 0x05, 0x01, 0x04,
    0x06, 0x00, 0x01, 0x04, 0x03, 0x05, 0x01, 0x04, 0x02, 0x00, 0x01, 0x04, 0x03, 0x05, 0x01, 0x04,
    0x07, 0x00, 0x1A, 0x03, 0x01, 0x00, 0x01, 0x04, 0x03, 0x05, 0x01, 0x04, 0x02, 0x00, 0x01, 0x04,
    0x03, 0x05, 0x01, 0x04, 0x01, 0x00, 0x04, 0x03, 0x01, 0x00, 0x01, 0x04, 0x03, 0x05, 0x01, 0x04,
    0x01, 0x01, 0x01, 0x00, 0x01, 0x04, 0x03, 0x05, 0x01, 0x04, 0x01, 0x00, 0x20, 0x03, 0x01, 0x00,
    0x01, 0x04, 0x03, 0x05, 0x01, 0x04, 0x02, 0x00, 0x01, 0x04, 0x03, 0x05, 0x01, 0x04, 0x01, 0x00,
    0x04, 0x03, 0x01, 0x00, 0x01, 0x04, 0x03, 0x05, 0x01, 0x04, 0x01, 0x01, 0x01, 0x00, 0x01, 0x04,
    0x03, 0x05, 0x01, 0x04, 0x01, 0x00, 0x20, 0x03, 0x01, 0x00, 0x01, 0x04, 0x03, 0x05, 0x01, 0x04,
    0x02, 0x00, 0x01, 0x04, 0x03, 0x05, 0x01, 0x04, 0x01, 0x00, 0x04, 0x03, 0x01, 0x00, 0x01, 0x04,
    0x03, 0x05, 0x01, 0x04, 0x01, 0x01, 0x01, 0x00, 0x01, 0x04, 0x03, 0x05, 0x01, 0x04, 0x01, 0x00,
    0x20, 0x03, 0x01, 0x00, 0x01, 0x04, 0x03, 0x05, 0x01, 0x04, 0x02, 0x00, 0x01, 0x04, 0x03, 0x05,
    0x01, 0x04, 0x01, 0x00, 0x04, 0x03, 0x01, 0x00, 0x01, 0x04, 0x03, 0x05, 0x01, 0x04, 0x01, 0x01,
    0x01, 0x00, 0x01, 0x04, 0x03, 0x05, 0x01, 0x04, 0x01, 0x00, 0x20, 0x03, 0x01, 0x00, 0x01, 0x04,
    0x03, 0x05, 0x01, 0x04, 0x02, 0x00, 0x01, 0x04, 0x03, 0x05, 0x01, 0x04, 0x01, 0x00, 0x04, 0x03,
    0x01, 0x00, 0x01, 0x04, 0x03, 0x05, 0x01, 0x04, 0x01, 0x01, 0x01, 0x00, 0x01, 0x04, 0x03, 0x05,
    0x01, 0x04, 0x01, 0x00, 0x15, 0x03, 0x01, 0x01, 0x01, 0x03, 0x01, 0x00, 0x01, 0x03, 0x01, 0x00,
    0x01, 0x03, 0x01, 0x00, 0x01, 0x02, 0x01, 0x01, 0x01, 0x00, 0x01, 0x03, 0x01, 0x00, 0x01, 0x04,
    0x03, 0x05, 0x01, 0x04, 0x02, 0x00, 0x01, 0x04, 0x03, 0x05, 0x01, 0x04, 0x01, 0x00, 0x01, 0x03,
    0x02, 0x01, 0x01, 0x03, 0x01, 0x00, 0x01, 0x04, 0x03, 0x05, 0x01, 0x04, 0x02, 0x00, 0x01, 0x04,
    0x03, 0x05, 0x01, 0x04, 0x01, 0x00, 0x01, 0x03, 0x01, 0x01, 0x02, 0x02, 0x01, 0x00, 0x01, 0x03,
    0x01, 0x00, 0x01, 0x03, 0x01, 0x00, 0x01, 0x03, 0x01, 0x00, 0x01, 0x01, 0x01, 0x02, 0x01, 0x00,
    0x01, 0x03, 0x01, 0x00, 0x01, 0x03, 0x01, 0x00, 0x01, 0x03, 0x02, 0x01, 0x01, 0x04, 0x01, 0x03,
    0x01, 0x04, 0x01, 0x01, 0x01, 0x04, 0x01, 0x02, 0x01, 0x04, 0x01, 0x03, 0x02, 0x04, 0x01, 0x03,
    0x01, 0x04, 0x01, 0x00, 0x01, 0x04, 0x01, 0x00, 0x01, 0x04, 0x01, 0x03, 0x02, 0x04, 0x01, 0x03,
    0x01, 0x04, 0x01, 0x00, 0x01, 0x04, 0x01, 0x00, 0x01, 0x04, 0x01, 0x03, 0x02, 0x04, 0x01, 0x03,
    0x01, 0x04, 0x01, 0x02, 0x01, 0x04, 0x01, 0x00, 0x01, 0x04, 0x01, 0x03, 0x02, 0x04, 0x01, 0x03,
    0x01, 0x04, 0x01, 0x00, 0x01, 0x04, 0x01, 0x00, 0x01, 0x04, 0x01, 0x03, 0x01, 0x04, 0x02, 0x03,
    0x01, 0x04, 0x01, 0x03, 0x01, 0x04, 0x01, 0x00, 0x01, 0x04, 0x01, 0x03, 0x01, 0x04, 0x02, 0x03,
    0x01, 0x04, 0x01, 0x03, 0x01, 0x04, 0x01, 0x01, 0x01, 0x04, 0x01, 0x02, 0x02, 0x04, 0x02, 0x03,
    0x01, 0x04, 0x01, 0x02, 0x01, 0x04, 0x01, 0x03, 0x01, 0x04, 0x02, 0x03, 0x01, 0x04, 0x01, 0x03,
    0x01, 0x04, 0x01, 0x01, 0x01, 0x04, 0x01, 0x01, 0x01, 0x04, 0x04, 0x03, 0x01, 0x04, 0x01, 0x01,
    0x01, 0x04, 0x01, 0x01, 0x01, 0x04, 0x04, 0x03, 0x01, 0x04, 0x01, 0x01, 0x01, 0x04, 0x01, 0x01,
    0x01, 0x04, 0x01, 0x03, 0x01, 0x04, 0x02, 0x03, 0x01, 0x04, 0x01, 0x01, 0x01, 0x04, 0x01, 0x01,
    0x01, 0x04, 0x04, 0x03, 0x01, 0x04, 0x01, 0x03, 0x01, 0x04, 0x01, 0x01, 0x01, 0x04, 0x01, 0x03,
    0x01, 0x04, 0x02, 0x03, 0x01, 0x04, 0x01, 0x03, 0x01, 0x04, 0x01, 0x02, 0x01, 0x04, 0x01, 0x02,
    0x01, 0x04, 0x0D, 0x03, 0x01, 0x02, 0x08, 0x03, 0x01, 0x02, 0x01, 0x03, 0x01, 0x02, 0x08, 0x03,
    0x01, 0x02, 0x06, 0x03, 0x01, 0x02, 0x0A, 0x03, 0x01, 0x02, 0x08, 0x03, 0x01, 0x02, 0x04, 0x03,
    0x01, 0x04, 0x01, 0x03, 0x01, 0x04, 0x01, 0x00, 0x01, 0x04, 0x01, 0x02, 0x01, 0x04, 0x01, 0x03,
    0x02, 0x04, 0x01, 0x03, 0x01, 0x04, 0x01, 0x00, 0x01, 0x04, 0x01, 0x02, 0x01, 0x04, 0x01, 0x03,
    0x02, 0x04, 0x01, 0x03, 0x01, 0x04, 0x01, 0x01, 0x01, 0x04, 0x01, 0x00, 0x01, 0x04, 0x01, 0x03,
    0x02, 0x04, 0x01, 0x03, 0x01, 0x04, 0x01, 0x02, 0x01, 0x04, 0x01, 0x00, 0x01, 0x04, 0x01, 0x03,
    0x02, 0x04, 0x01, 0x03, 0x01, 0x04, 0x01, 0x01, 0x01, 0x04, 0x01, 0x00, 0x01, 0x04, 0x01, 0x03,
    0x02, 0x04, 0x01, 0x03, 0x01, 0x04, 0x01, 0x03, 0x01, 0x04, 0x01, 0x00, 0x01, 0x04, 0x01, 0x03,
    0x02, 0x04, 0x01, 0x03, 0x01, 0x04, 0x01, 0x03, 0x01, 0x04, 0x01, 0x00, 0x01, 0x04, 0x01, 0x02,
    0x02, 0x04, 0x01, 0x02, 0x01, 0x03, 0x01, 0x02, 0x01, 0x03, 0x01, 0x02, 0x01, 0x03, 0x01, 0x02,
    0x01, 0x03, 0x02, 0x02, 0x01, 0x03, 0x01, 0x02, 0x01, 0x03, 0x01, 0x02, 0x01, 0x03, 0x01, 0x02,
    0x01, 0x03, 0x02, 0x02, 0x01, 0x03, 0x01, 0x02, 0x01, 0x03, 0x01, 0x02, 0x01, 0x03, 0x01, 0x01,
    0x04, 0x03, 0x01, 0x01, 0x01, 0x03, 0x01, 0x02, 0x01, 0x03, 0x01, 0x02, 0x01, 0x03, 0x01, 0x02,
    0x01, 0x01, 0x01, 0x03, 0x01, 0x02, 0x01, 0x03, 0x01, 0x02, 0x01, 0x03, 0x01, 0x02, 0x04, 0x03,
    0x01, 0x02, 0x01, 0x03, 0x01, 0x02, 0x01, 0x03, 0x01, 0x02, 0x01, 0x03, 0x01, 0x01, 0x02, 0x03,
    0x01, 0x02, 0x01, 0x03, 0x01, 0x02, 0x01, 0x03, 0x01, 0x02, 0x03, 0x03, 0x01, 0x04, 0x01, 0x03,
    0x01, 0x04, 0x01, 0x00, 0x01, 0x04, 0x01, 0x02, 0x01, 0x04, 0x01, 0x03, 0x02, 0x04, 0x01, 0x03,
    0x01, 0x04, 0x01, 0x00, 0x01, 0x04, 0x01, 0x02, 0x01, 0x04, 0x01, 0x03, 0x02, 0x04, 0x01, 0x03,
    0x01, 0x04, 0x01, 0x00, 0x01, 0x04, 0x01, 0x00, 0x01, 0x04, 0x01, 0x03, 0x02, 0x04, 0x01, 0x03,
    0x01, 0x04, 0x01, 0x01, 0x01, 0x04, 0x01, 0x00, 0x01, 0x04, 0x01, 0x03, 0x02, 0x04, 0x01, 0x03,
    0x01, 0x04, 0x01, 0x01, 0x01, 0x04, 0x01, 0x00, 0x01, 0x04, 0x01, 0x03, 0x04, 0x04, 0x01, 0x03,
    0x01, 0x04, 0x01, 0x00, 0x01, 0x04, 0x01, 0x03, 0x04, 0x04, 0x01, 0x03, 0x01, 0x04, 0x01, 0x00,
    0x01, 0x04, 0x01, 0x01, 0x02, 0x04, 0x01, 0x01, 0x01, 0x03, 0x01, 0x00, 0x01, 0x03, 0x01, 0x00,
    0x01, 0x03, 0x01, 0x00, 0x01, 0x02, 0x01, 0x01, 0x01, 0x00, 0x01, 0x03, 0x01, 0x00, 0x01, 0x03,
    0x01, 0x00, 0x01, 0x03, 0x01, 0x00, 0x01, 0x02, 0x02, 0x01, 0x01, 0x02, 0x01, 0x00, 0x01, 0x03,
    0x01, 0x00, 0x01, 0x03, 0x01, 0x00, 0x01, 0x02, 0x01, 0x00, 0x01, 0x01, 0x01, 0x02, 0x01, 0x00,
    0x01, 0x03, 0x01, 0x00, 0x01, 0x03, 0x01, 0x00, 0x01, 0x03, 0x01, 0x00, 0x01, 0x01, 0x01, 0x02,
    0x01, 0x00, 0x01, 0x03, 0x01, 0x00, 0x01, 0x03, 0x01, 0x00, 0x01, 0x03, 0x01, 0x00, 0x01, 0x01,
    0x01, 0x02, 0x01, 0x00, 0x01, 0x03, 0x01, 0x00, 0x01, 0x03, 0x01, 0x00, 0x01, 0x03, 0x01, 0x00,
    0x01, 0x01, 0x01, 0x02, 0x01, 0x00, 0x01, 0x03, 0x01, 0x00, 0x01, 0x03, 0x01, 0x00, 0x01, 0x03,
    0x01, 0x00, 0x01, 0x01, 0x01, 0x04, 0x01, 0x03, 0x01, 0x04, 0x01, 0x01, 0x01, 0x04, 0x01, 0x02,
    0x01, 0x04, 0x01, 0x03, 0x02, 0x04, 0x01, 0x03, 0x01, 0x04, 0x01, 0x00, 0x01, 0x04, 0x01, 0x02,
    0x01, 0x04, 0x01, 0x03, 0x02, 0x04, 0x01, 0x03, 0x01, 0x04, 0x01, 0x01, 0x01, 0x04, 0x01, 0x00,
    0x01, 0x04, 0x01, 0x03, 0x02, 0x04, 0x01, 0x03, 0x01, 0x04, 0x01, 0x02, 0x01, 0x04, 0x01, 0x02,
    0x01, 0x04, 0x01, 0x03, 0x02, 0x04, 0x01, 0x03, 0x01, 0x04, 0x01, 0x01, 0x01, 0x04, 0x01, 0x00,
    0x01, 0x04, 0x01, 0x03, 0x02, 0x04, 0x01, 0x03, 0x01, 0x04, 0x01, 0x03, 0x01, 0x04, 0x01, 0x00,
    0x01, 0x04, 0x01, 0x03, 0x02, 0x04, 0x01, 0x03, 0x01, 0x04, 0x01, 0x03, 0x01, 0x04, 0x01, 0x00,
    0x01, 0x04, 0x01, 0x02, 0x02, 0x04, 0x40, 0x03, 0x01, 0x04, 0x01, 0x03, 0x01, 0x04, 0x01, 0x01,
    0x01, 0x04, 0x01, 0x02, 0x01, 0x04, 0x01, 0x03, 0x02, 0x04, 0x01, 0x03, 0x01, 0x04, 0x01, 0x00,
    0x01, 0x04, 0x01, 0x02, 0x01, 0x04, 0x01, 0x03, 0x02, 0x04, 0x01, 0x03, 0x01, 0x04, 0x01, 0x01,
    0x01, 0x04, 0x01, 0x00, 0x01, 0x04, 0x01, 0x03, 0x02, 0x04, 0x01, 0x03, 0x01, 0x04, 0x01, 0x02,
    0x01, 0x04, 0x01, 0x01, 0x01, 0x04, 0x01, 0x03, 0x02, 0x04, 0x01, 0x03, 0x01, 0x04, 0x01, 0x01,
    0x01, 0x04, 0x01, 0x02, 0x01, 0x04, 0x01, 0x03, 0x02, 0x04, 0x01, 0x03, 0x01, 0x04, 0x01, 0x03,
    0x01, 0x04, 0x01, 0x00, 0x01, 0x04, 0x01, 0x03, 0x02, 0x04, 0x01, 0x03, 0x01, 0x04, 0x01, 0x03,
    0x01, 0x04, 0x01, 0x01, 0x01, 0x04, 0x01, 0x02, 0x02, 0x04, 0x02, 0x03, 0x01, 0x04, 0x01, 0x01,
    0x01, 0x04, 0x01, 0x02, 0x01, 0x04, 0x02, 0x03, 0x01, 0x04, 0x01, 0x03, 0x01, 0x04, 0x01, 0x01,
    0x01, 0x04, 0x01, 0x02, 0x01, 0x04, 0x04, 0x03, 0x01, 0x04, 0x01, 0x02, 0x01, 0x04, 0x01, 0x01,
    0x01, 0x04, 0x01, 0x03, 0x01, 0x04, 0x02, 0x03, 0x01, 0x04, 0x01, 0x02, 0x01, 0x04, 0x01, 0x01,
    0x01, 0x04, 0x01, 0x03, 0x02, 0x04, 0x01, 0x03, 0x01, 0x04, 0x01, 0x02, 0x01, 0x04, 0x01, 0x01,
    0x01, 0x04, 0x01, 0x03, 0x01, 0x04, 0x02, 0x03, 0x01, 0x04, 0x01, 0x03, 0x01, 0x04, 0x01, 0x00,
    0x01, 0x04, 0x01, 0x03, 0x01, 0x04, 0x02, 0x03, 0x01, 0x04, 0x01, 0x03, 0x01, 0x04, 0x01, 0x01,
    0x01, 0x04, 0x01, 0x03, 0x01, 0x04, 0x04, 0x03, 0x01, 0x02, 0x01, 0x04, 0x07, 0x03, 0x01, 0x02,
    0x08, 0x03, 0x01, 0x02, 0x01, 0x03, 0x01, 0x02, 0x08, 0x03, 0x01, 0x02, 0x06, 0x03, 0x01, 0x02,
    0x01, 0x03, 0x01, 0x02, 0x08, 0x03, 0x01, 0x02, 0x08, 0x03, 0x01, 0x02, 0x04, 0x03, 0x01, 0x04,
    0x01, 0x03, 0x01, 0x04, 0x01, 0x01, 0x01, 0x04, 0x01, 0x02, 0x01, 0x04, 0x01, 0x03, 0x02, 0x04,
    0x01, 0x03, 0x01, 0x04, 0x01, 0x00, 0x01, 0x04, 0x01, 0x02, 0x01, 0x04, 0x01, 0x03, 0x02, 0x04,
    0x01, 0x03, 0x01, 0x04, 0x01, 0x01, 0x01, 0x04, 0x01, 0x01, 0x01, 0x04, 0x01, 0x03, 0x02, 0x04,
    0x01, 0x03, 0x01, 0x04, 0x01, 0x02, 0x01, 0x04, 0x01, 0x01, 0x01, 0x04, 0x01, 0x03, 0x02, 0x04,
    0x01, 0x03, 0x01, 0x04, 0x01, 0x01, 0x01, 0x04, 0x01, 0x01, 0x01, 0x04, 0x01, 0x03, 0x02, 0x04,
    0x01, 0x03, 0x01, 0x04, 0x01, 0x03, 0x01, 0x04, 0x01, 0x00, 0x01, 0x04, 0x01, 0x03, 0x02, 0x04,
    0x01, 0x03, 0x01, 0x04, 0x01, 0x03, 0x01, 0x04, 0x01, 0x01, 0x01, 0x04, 0x01, 0x02, 0x02, 0x04,
    0x01, 0x02, 0x01, 0x03, 0x01, 0x01, 0x01, 0x03, 0x01, 0x01, 0x01, 0x03, 0x01, 0x02, 0x01, 0x03,
    0x02, 0x02, 0x01, 0x03, 0x01, 0x02, 0x01, 0x03, 0x01, 0x01, 0x01, 0x03, 0x01, 0x01, 0x01, 0x03,
    0x02, 0x02, 0x01, 0x03, 0x01, 0x02, 0x01, 0x03, 0x01, 0x01, 0x01, 0x03, 0x01, 0x02, 0x01, 0x03,
    0x02, 0x02, 0x01, 0x03, 0x01, 0x02, 0x01, 0x03, 0x01, 0x01, 0x01, 0x03, 0x01, 0x02, 0x01, 0x03,
    0x02, 0x02, 0x01, 0x03, 0x01, 0x02, 0x01, 0x03, 0x01, 0x01, 0x01, 0x03, 0x01, 0x01, 0x01, 0x03,
    0x02, 0x02, 0x01, 0x03, 0x01, 0x02, 0x01, 0x03, 0x01, 0x01, 0x01, 0x03, 0x01, 0x01, 0x01, 0x03,
    0x02, 0x02, 0x01, 0x03, 0x01, 0x02, 0x01, 0x03, 0x01, 0x01, 0x01, 0x03, 0x01, 0x01, 0x01, 0x03,
    0x02, 0x02, 0x01, 0x04, 0x01, 0x03, 0x01, 0x04, 0x01, 0x00, 0x01, 0x04, 0x01, 0x02, 0x01, 0x04,
    0x01, 0x03, 0x02, 0x04, 0x01, 0x03, 0x01, 0x04, 0x01, 0x00, 0x01, 0x04, 0x01, 0x01, 0x01, 0x04,
    0x01, 0x03, 0x02, 0x04, 0x01, 0x03, 0x01, 0x04, 0x01, 0x00, 0x01, 0x04, 0x01, 0x00, 0x01, 0x04,
    0x01, 0x03, 0x02, 0x04, 0x01, 0x03, 0x01, 0x04, 0x01, 0x01, 0x01, 0x04, 0x01, 0x00, 0x01, 0x04,
    0x01, 0x03, 0x02, 0x04, 0x01, 0x03, 0x01, 0x04, 0x01, 0x01, 0x01, 0x04, 0x01, 0x00, 0x01, 0x04,
    0x01, 0x03, 0x04, 0x04, 0x01, 0x03, 0x01, 0x04, 0x01, 0x00, 0x01, 0x04, 0x01, 0x03, 0x04, 0x04,
    0x01, 0x03, 0x01, 0x04, 0x01, 0x00, 0x01, 0x04, 0x01, 0x02, 0x02, 0x04, 0xFF, 0x03, 0xFF, 0x03,
    0xFF, 0x03, 0xFF, 0x03, 0x90, 0x03, 0x03, 0x01, 0x05, 0x03, 0x15, 0x01, 0x23, 0x03, 0x03, 0x00,
    0x01, 0x02, 0x03, 0x00, 0x01, 0x02, 0x14, 0x00, 0x01, 0x02, 0x01, 0x01, 0x21, 0x03, 0x01, 0x00,
    0x01, 0x04, 0x1C, 0x05, 0x01, 0x04, 0x01, 0x00, 0x20, 0x03, 0x01, 0x00, 0x01, 0x04, 0x1C, 0x06,
    0x01, 0x04, 0x01, 0x00, 0x20, 0x03, 0x01, 0x00, 0x01, 0x04, 0x1C, 0x06, 0x01, 0x04, 0x01, 0x00,
    0x20, 0x03, 0x01, 0x00, 0x01, 0x04, 0x1C, 0x06, 0x01, 0x04, 0x01, 0x00, 0x1A, 0x03, 0x07, 0x00,
    0x01, 0x04, 0x1C, 0x06, 0x01, 0x04, 0x01, 0x00, 0x19, 0x03, 0x01, 0x00, 0x07, 0x04, 0x01, 0x05,
    0x03, 0x06, 0x04, 0x05, 0x0E, 0x06, 0x04, 0x05, 0x03, 0x06, 0x01, 0x04, 0x01, 0x00, 0x19, 0x03,
    0x01, 0x00, 0x01, 0x05, 0x0A, 0x06, 0x01, 0x04, 0x02, 0x00, 0x01, 0x04, 0x0E, 0x06, 0x03, 0x00,
    0x01, 0x04, 0x03, 0x06, 0x01, 0x04, 0x07, 0x00, 0x13, 0x03, 0x01, 0x00, 0x01, 0x05, 0x0A, 0x06,
    0x01, 0x04, 0x02, 0x00, 0x01, 0x04, 0x0E, 0x06, 0x01, 0x03, 0x02, 0x00, 0x01, 0x04, 0x03, 0x06,
    0x07, 0x05, 0x01, 0x04, 0x01, 0x00, 0x12, 0x03, 0x01, 0x00, 0x01, 0x05, 0x0A, 0x06, 0x01, 0x04,
    0x02, 0x00, 0x01, 0x04, 0x0E, 0x06, 0x01, 0x03, 0x02, 0x00, 0x01, 0x04, 0x0A, 0x06, 0x01, 0x05,
    0x01, 0x00, 0x12, 0x03, 0x01, 0x00, 0x01, 0x05, 0x0A, 0x06, 0x04, 0x05, 0x0E, 0x06, 0x04, 0x05,
    0x0A, 0x06, 0x01, 0x04, 0x01, 0x00, 0x12, 0x03, 0x01, 0x00, 0x01, 0x05, 0x2A, 0x06, 0x01, 0x04,
    0x01, 0x00, 0x12, 0x03, 0x01, 0x00, 0x01, 0x05, 0x2A, 0x06, 0x01, 0x04, 0x01, 0x00, 0x12, 0x03,
    0x01, 0x00, 0x01, 0x04, 0x07, 0x05, 0x23, 0x06, 0x01, 0x04, 0x01, 0x00, 0x13, 0x03, 0x07, 0x00,
    0x01, 0x04, 0x23, 0x06, 0x01, 0x05, 0x01, 0x00, 0x19, 0x03, 0x01, 0x00, 0x01, 0x04, 0x1C, 0x06,
    0x07, 0x05, 0x01, 0x04, 0x01, 0x00, 0x19, 0x03, 0x01, 0x00, 0x01, 0x04, 0x1C, 0x06, 0x01, 0x04,
    0x07, 0x00, 0x1A, 0x03, 0x01, 0x00, 0x01, 0x04, 0x1C, 0x06, 0x01, 0x04, 0x01, 0x00, 0x20, 0x03,
    0x01, 0x00, 0x01, 0x04, 0x1C, 0x06, 0x01, 0x04, 0x01, 0x00, 0x01, 0x03, 0x01, 0x02, 0x1E, 0x03,
    0x01, 0x00, 0x01, 0x04, 0x1C, 0x06, 0x01, 0x04, 0x01, 0x00, 0x20, 0x03, 0x01, 0x00, 0x01, 0x04,
    0x1C, 0x06, 0x01, 0x04, 0x01, 0x00, 0x20, 0x03, 0x01, 0x00, 0x01, 0x04, 0x1C, 0x06, 0x01, 0x04,
    0x01, 0x00, 0x13, 0x03, 0x01, 0x01, 0x01, 0x00, 0x0B, 0x03, 0x01, 0x00, 0x01, 0x04, 0x03, 0x06,
    0x04, 0x05, 0x03, 0x06, 0x08, 0x05, 0x03, 0x06, 0x04, 0x05, 0x03, 0x06, 0x01, 0x04, 0x01, 0x00,
    0x13, 0x03, 0x02, 0x04, 0x0B, 0x03, 0x01, 0x00, 0x01, 0x04, 0x03, 0x06, 0x01, 0x04, 0x02, 0x00,
    0x01, 0x04, 0x03, 0x06, 0x01, 0x04, 0x06, 0x00, 0x01, 0x04, 0x03, 0x06, 0x01, 0x04, 0x02, 0x00,
    0x01, 0x04, 0x03, 0x06, 0x01, 0x04, 0x01, 0x00, 0x10, 0x03, 0x03, 0x00, 0x01, 0x04, 0x01, 0x05,
    0x0B, 0x03, 0x01, 0x00, 0x01, 0x04, 0x03, 0x06, 0x01, 0x04, 0x02, 0x00, 0x01, 0x04, 0x03, 0x06,
    0x01, 0x04, 0x01, 0x00, 0x04, 0x03, 0x01, 0x00, 0x01, 0x04, 0x03, 0x06, 0x01, 0x04, 0x01, 0x01,
    0x01, 0x00, 0x01, 0x04, 0x03, 0x06, 0x01, 0x04, 0x01, 0x00, 0x0F, 0x03, 0x01, 0x02, 0x05, 0x04,
    0x0B, 0x03, 0x01, 0x00, 0x01, 0x04, 0x03, 0x06, 0x01, 0x04, 0x02, 0x00, 0x01, 0x04, 0x03, 0x06,
    0x01, 0x04, 0x01, 0x00, 0x04, 0x03, 0x01, 0x00, 0x01, 0x04, 0x03, 0x06, 0x01, 0x04, 0x01, 0x01,
    0x01, 0x00, 0x01, 0x04, 0x03, 0x06, 0x01, 0x04, 0x01, 0x00, 0x0C, 0x03, 0x04, 0x00, 0x04, 0x05,
    0x01, 0x00, 0x0B, 0x03, 0x01, 0x00, 0x01, 0x04, 0x03, 0x06, 0x01, 0x04, 0x02, 0x00, 0x01, 0x04,
    0x03, 0x06, 0x01, 0x04, 0x01, 0x00, 0x04, 0x03, 0x01, 0x00, 0x01, 0x04, 0x03, 0x06, 0x01, 0x04,
    0x01, 0x01, 0x01, 0x00, 0x01, 0x04, 0x03, 0x06, 0x01, 0x04, 0x01, 0x00, 0x03, 0x03, 0x07, 0x01,
    0x01, 0x03, 0x01, 0x00, 0x01, 0x04, 0x03, 0x05, 0x04, 0x04, 0x0C, 0x03, 0x01, 0x00, 0x01, 0x04,
    0x03, 0x06, 0x01, 0x04, 0x02, 0x00, 0x01, 0x04, 0x03, 0x06, 0x01, 0x04, 0x01, 0x00, 0x04, 0x03,
    0x01, 0x00, 0x01, 0x04, 0x03, 0x06, 0x01, 0x04, 0x01, 0x01, 0x01, 0x00, 0x01, 0x04, 0x03, 0x06,
    0x01, 0x04, 0x01, 0x00, 0x02, 0x03, 0x01, 0x01, 0x08, 0x03, 0x01, 0x00, 0x01, 0x04, 0x03, 0x05,
    0x01, 0x04, 0x03, 0x00, 0x0C, 0x03, 0x01, 0x00, 0x01, 0x04, 0x03, 0x06, 0x01, 0x04, 0x02, 0x00,
    0x01, 0x04, 0x03, 0x06, 0x01, 0x04, 0x01, 0x00, 0x04, 0x03, 0x01, 0x00, 0x01, 0x05, 0x03, 0x06,
    0x01, 0x04, 0x01, 0x01, 0x01, 0x00, 0x01, 0x04, 0x03, 0x06, 0x01, 0x04, 0x01, 0x00, 0x02, 0x03,
    0x01, 0x00, 0x01, 0x04, 0x0A, 0x05, 0x02, 0x04, 0x05, 0x03, 0x01, 0x01, 0x01, 0x03, 0x01, 0x00,
    0x01, 0x03, 0x01, 0x00, 0x01, 0x03, 0x01, 0x00, 0x02, 0x01, 0x01, 0x00, 0x01, 0x03, 0x01, 0x00,
    0x01, 0x04, 0x03, 0x05, 0x01, 0x04, 0x02, 0x00, 0x01, 0x04, 0x03, 0x05, 0x01, 0x04, 0x01, 0x00,
    0x01, 0x03, 0x02, 0x01, 0x01, 0x03, 0x01, 0x00, 0x01, 0x04, 0x03, 0x05, 0x01, 0x04, 0x02, 0x00,
    0x01, 0x04, 0x03, 0x05, 0x01, 0x04, 0x01, 0x00, 0x01, 0x03, 0x01, 0x01, 0x01, 0x00, 0x01, 0x04,
    0x0A, 0x05, 0x01, 0x04, 0x01, 0x00, 0x01, 0x03, 0x01, 0x00, 0x01, 0x03, 0x01, 0x00, 0x01, 0x01,
    0x01, 0x04, 0x01, 0x03, 0x01, 0x04, 0x01, 0x01, 0x01, 0x04, 0x01, 0x01, 0x01, 0x04, 0x01, 0x03,
    0x02, 0x04, 0x01, 0x03, 0x01, 0x04, 0x01, 0x00, 0x01, 0x04, 0x01, 0x02, 0x01, 0x04, 0x01, 0x03,
    0x02, 0x04, 0x01, 0x03, 0x01, 0x04, 0x01, 0x00, 0x01, 0x04, 0x01, 0x02, 0x01, 0x04, 0x01, 0x03,
    0x02, 0x04, 0x01, 0x03, 0x01, 0x04, 0x01, 0x01, 0x01, 0x04, 0x01, 0x00, 0x01, 0x04, 0x01, 0x03,
    0x02, 0x04, 0x01, 0x03, 0x01, 0x04, 0x01, 0x00, 0x01, 0x04, 0x01, 0x00, 0x01, 0x04, 0x01, 0x03,
    0x02, 0x04, 0x01, 0x03, 0x01, 0x04, 0x01, 0x00, 0x01, 0x04, 0x01, 0x00, 0x01, 0x04, 0x01, 0x00,
    0x01, 0x04, 0x02, 0x03, 0x01, 0x04, 0x01, 0x02, 0x01, 0x04, 0x01, 0x01, 0x01, 0x04, 0x01, 0x01,
    0x02, 0x04, 0x02, 0x03, 0x01, 0x04, 0x01, 0x01, 0x01, 0x04, 0x01, 0x03, 0x01, 0x04, 0x02, 0x03,
    0x01, 0x04, 0x01, 0x03, 0x01, 0x04, 0x01, 0x01, 0x01, 0x04, 0x01, 0x01, 0x01, 0x04, 0x04, 0x03,
    0x01, 0x04, 0x01, 0x01, 0x01, 0x04, 0x01, 0x01, 0x01, 0x04, 0x04, 0x03, 0x01, 0x04, 0x01, 0x03,
    0x01, 0x04, 0x01, 0x01, 0x01, 0x04, 0x01, 0x03, 0x01, 0x04, 0x02, 0x03, 0x01, 0x04, 0x01, 0x01,
    0x01, 0x04, 0x01, 0x02, 0x01, 0x04, 0x01, 0x03, 0x01, 0x04, 0x02, 0x03, 0x01, 0x04, 0x01, 0x03,
    0x01, 0x04, 0x01, 0x01, 0x01, 0x04, 0x01, 0x03, 0x01, 0x04, 0x02, 0x03, 0x01, 0x04, 0x01, 0x03,
    0x01, 0x04, 0x01, 0x01, 0x01, 0x04, 0x01, 0x03, 0x01, 0x04, 0x0D, 0x03, 0x01, 0x01, 0x0A, 0x03,
    0x01, 0x02, 0x08, 0x03, 0x01, 0x02, 0x06, 0x03, 0x01, 0x02, 0x0A, 0x03, 0x01, 0x01, 0x08, 0x03,
    0x01, 0x01, 0x04, 0x03, 0x01, 0x04, 0x01, 0x03, 0x01, 0x04, 0x01, 0x00, 0x01, 0x04, 0x01, 0x01,
    0x01, 0x04, 0x01, 0x03, 0x02, 0x04, 0x01, 0x03, 0x01, 0x04, 0x01, 0x00, 0x01, 0x04, 0x01, 0x01,
    0x01, 0x04, 0x01, 0x03, 0x02, 0x04, 0x01, 0x03, 0x01, 0x04, 0x01, 0x01, 0x01, 0x04, 0x01, 0x00,
    0x01, 0x04, 0x01, 0x03, 0x02, 0x04, 0x01, 0x03, 0x01, 0x04, 0x01, 0x01, 0x01, 0x04, 0x01, 0x00,
    0x01, 0x04, 0x01, 0x03, 0x02, 0x04, 0x01, 0x03, 0x01, 0x04, 0x01, 0x01, 0x01, 0x04, 0x01, 0x00,
    0x01, 0x04, 0x01, 0x03, 0x04, 0x04, 0x01, 0x03, 0x01, 0x04, 0x01, 0x00, 0x01, 0x04, 0x01, 0x03,
    0x04, 0x04, 0x01, 0x03, 0x01, 0x04, 0x01, 0x00, 0x01, 0x04, 0x01, 0x01, 0x02, 0x04, 0x01, 0x01,
    0x01, 0x03, 0x01, 0x02, 0x01, 0x03, 0x01, 0x01, 0x01, 0x03, 0x01, 0x01, 0x01, 0x03, 0x02, 0x01,
    0x01, 0x03, 0x01, 0x01, 0x01, 0x03, 0x01, 0x01, 0x01, 0x03, 0x01, 0x01, 0x01, 0x03, 0x02, 0x01,
    0x01, 0x03, 0x01, 0x01, 0x01, 0x03, 0x01, 0x01, 0x01, 0x03, 0x01, 0x01, 0x04, 0x03, 0x01, 0x01,
    0x01, 0x03, 0x01, 0x01, 0x01, 0x03, 0x01, 0x01, 0x01, 0x03, 0x02, 0x01, 0x01, 0x03, 0x01, 0x01,
    0x01, 0x03, 0x01, 0x01, 0x01, 0x03, 0x01, 0x01, 0x01, 0x03, 0x01, 0x02, 0x01, 0x03, 0x02, 0x01,
    0x01, 0x03, 0x01, 0x02, 0x01, 0x03, 0x01, 0x01, 0x01, 0x03, 0x01, 0x01, 0x01, 0x03, 0x01, 0x02,
    0x01, 0x01, 0x01, 0x03, 0x01, 0x02, 0x01, 0x03, 0x01, 0x01, 0x03, 0x03, 0x01, 0x04, 0x01, 0x03,
    0x01, 0x04, 0x01, 0x00, 0x01, 0x04, 0x01, 0x01, 0x01, 0x04, 0x01, 0x03, 0x02, 0x04, 0x01, 0x03,
    0x01, 0x04, 0x01, 0x00, 0x01, 0x04, 0x01, 0x01, 0x01, 0x04, 0x01, 0x03, 0x02, 0x04, 0x01, 0x03,
    0x01, 0x04, 0x01, 0x00, 0x01, 0x04, 0x01, 0x00, 0x01, 0x04, 0x01, 0x03, 0x02, 0x04, 0x01, 0x03,
    0x01, 0x04, 0x01, 0x01, 0x01, 0x04, 0x01, 0x00, 0x01, 0x04, 0x01, 0x03, 0x04, 0x04, 0x01, 0x00,
    0x01, 0x04, 0x01, 0x00, 0x01, 0x04, 0x01, 0x03, 0x04, 0x04, 0x01, 0x03, 0x01, 0x04, 0x01, 0x00,
    0x01, 0x04, 0x01, 0x03, 0x04, 0x04, 0x01, 0x03, 0x01, 0x04, 0x01, 0x00, 0x01, 0x04, 0x01, 0x02,
    0x02, 0x04, 0x01, 0x01, 0x01, 0x03, 0x01, 0x00, 0x01, 0x03, 0x01, 0x00, 0x01, 0x03, 0x01, 0x00,
    0x02, 0x01, 0x01, 0x00, 0x01, 0x03, 0x01, 0x00, 0x01, 0x03, 0x01, 0x00, 0x01, 0x03, 0x01, 0x00,
    0x04, 0x01, 0x01, 0x00, 0x01, 0x03, 0x01, 0x00, 0x01, 0x03, 0x01, 0x00, 0x01, 0x01, 0x01, 0x00,
    0x02, 0x01, 0x01, 0x00, 0x01, 0x03, 0x01, 0x00, 0x01, 0x03, 0x01, 0x00, 0x01, 0x03, 0x01, 0x00,
    0x02, 0x01, 0x01, 0x00, 0x01, 0x03, 0x01, 0x00, 0x01, 0x03, 0x01, 0x00, 0x01, 0x03, 0x01, 0x00,
    0x02, 0x01, 0x01, 0x00, 0x01, 0x03, 0x01, 0x00, 0x01, 0x03, 0x01, 0x00, 0x01, 0x03, 0x01, 0x00,
    0x02, 0x01, 0x01, 0x00, 0x01, 0x03, 0x01, 0x00, 0x01, 0x03, 0x01, 0x00, 0x01, 0x03, 0x01, 0x00,
    0x01, 0x01, 0x01, 0x04, 0x01, 0x03, 0x01, 0x04, 0x01, 0x01, 0x01, 0x04, 0x01, 0x01, 0x01, 0x04,
    0x01, 0x03, 0x02, 0x04, 0x01, 0x03, 0x01, 0x04, 0x01, 0x00, 0x01, 0x04, 0x01, 0x01, 0x01, 0x04,
    0x01, 0x03, 0x02, 0x04, 0x01, 0x03, 0x01, 0x04, 0x01, 0x01, 0x01, 0x04, 0x01, 0x00, 0x01, 0x04,
    0x01, 0x03, 0x02, 0x04, 0x01, 0x03, 0x01, 0x04, 0x01, 0x01, 0x01, 0x04, 0x01, 0x00, 0x01, 0x04,
    0x01, 0x03, 0x02, 0x04, 0x01, 0x03, 0x01, 0x04, 0x01, 0x01, 0x01, 0x04, 0x01, 0x00, 0x01, 0x04,
    0x01, 0x03, 0x04, 0x04, 0x01, 0x02, 0x01, 0x04, 0x01, 0x00, 0x01, 0x04, 0x01, 0x03, 0x04, 0x04,
    0x01, 0x03, 0x01, 0x04, 0x01, 0x00, 0x01, 0x04, 0x01, 0x01, 0x02, 0x04, 0x40, 0x03, 0x01, 0x04,
    0x01, 0x03, 0x01, 0x04, 0x01, 0x01, 0x01, 0x04, 0x01, 0x01, 0x01, 0x04, 0x01, 0x03, 0x02, 0x04,
    0x01, 0x03, 0x01, 0x04, 0x01, 0x00, 0x01, 0x04, 0x01, 0x01, 0x01, 0x04, 0x01, 0x03, 0x02, 0x04,
    0x01, 0x03, 0x01, 0x04, 0x01, 0x01, 0x01, 0x04, 0x01, 0x00, 0x01, 0x04, 0x01, 0x03, 0x02, 0x04,
    0x01, 0x03, 0x01, 0x04, 0x01, 0x01, 0x01, 0x04, 0x01, 0x01, 0x01, 0x04, 0x01, 0x03, 0x02, 0x04,
    0x01, 0x03, 0x01, 0x04, 0x01, 0x01, 0x01, 0x04, 0x01, 0x01, 0x01, 0x04, 0x01, 0x03, 0x02, 0x04,
    0x01, 0x03, 0x01, 0x04, 0x01, 0x03, 0x01, 0x04, 0x01, 0x00, 0x01, 0x04, 0x01, 0x03, 0x04, 0x04,
    0x01, 0x03, 0x01, 0x04, 0x01, 0x01, 0x01, 0x04, 0x01, 0x03, 0x03, 0x04, 0x01, 0x03, 0x01, 0x04,
    0x01, 0x01, 0x01, 0x04, 0x01, 0x01, 0x01, 0x04, 0x01, 0x03, 0x02, 0x04, 0x01, 0x03, 0x01, 0x04,
    0x01, 0x01, 0x01, 0x04, 0x01, 0x01, 0x01, 0x04, 0x01, 0x03, 0x02, 0x04, 0x01, 0x03, 0x01, 0x04,
    0x01, 0x01, 0x01, 0x04, 0x01, 0x02, 0x01, 0x04, 0x01, 0x03, 0x02, 0x04, 0x01, 0x03, 0x01, 0x04,
    0x01, 0x01, 0x01, 0x04, 0x01, 0x01, 0x01, 0x04, 0x01, 0x03, 0x01, 0x04, 0x02, 0x03, 0x01, 0x04,
    0x01, 0x01, 0x01, 0x04, 0x01, 0x01, 0x01, 0x04, 0x01, 0x03, 0x01, 0x04, 0x02, 0x03, 0x01, 0x04,
    0x01, 0x03, 0x01, 0x04, 0x01, 0x01, 0x01, 0x04, 0x01, 0x03, 0x01, 0x04, 0x02, 0x03, 0x01, 0x04,
    0x01, 0x03, 0x01, 0x04, 0x01, 0x01, 0x01, 0x04, 0x01, 0x03, 0x02, 0x04, 0x03, 0x03, 0x01, 0x01,
    0x01, 0x04, 0x07, 0x03, 0x01, 0x01, 0x01, 0x03, 0x01, 0x01, 0x01, 0x04, 0x04, 0x03, 0x01, 0x04,
    0x01, 0x01, 0x01, 0x04, 0x01, 0x01, 0x07, 0x03, 0x01, 0x04, 0x01, 0x01, 0x06, 0x03, 0x01, 0x01,
    0x01, 0x03, 0x01, 0x01, 0x01, 0x04, 0x07, 0x03, 0x01, 0x01, 0x07, 0x03, 0x01, 0x04, 0x01, 0x01,
    0x04, 0x03, 0x01, 0x04, 0x01, 0x03, 0x01, 0x04, 0x01, 0x01, 0x01, 0x04, 0x01, 0x01, 0x01, 0x04,
    0x01, 0x03, 0x02, 0x04, 0x01, 0x03, 0x01, 0x04, 0x01, 0x00, 0x01, 0x04, 0x01, 0x01, 0x01, 0x04,
    0x01, 0x03, 0x02, 0x04, 0x01, 0x03, 0x01, 0x04, 0x01, 0x01, 0x01, 0x04, 0x01, 0x00, 0x01, 0x04,
    0x01, 0x03, 0x02, 0x04, 0x01, 0x03, 0x01, 0x04, 0x01, 0x01, 0x01, 0x04, 0x01, 0x01, 0x01, 0x04,
    0x01, 0x03, 0x02, 0x04, 0x01, 0x03, 0x01, 0x04, 0x01, 0x01, 0x01, 0x04, 0x01, 0x00, 0x01, 0x04,
    0x01, 0x03, 0x02, 0x04, 0x01, 0x03, 0x01, 0x04, 0x01, 0x02, 0x01, 0x04, 0x01, 0x00, 0x01, 0x04,
    0x01, 0x03, 0x02, 0x04, 0x01, 0x03, 0x01, 0x04, 0x01, 0x03, 0x01, 0x04, 0x01, 0x00, 0x01, 0x04,
    0x01, 0x01, 0x02, 0x04, 0x01, 0x01, 0x01, 0x03, 0x01, 0x01, 0x01, 0x03, 0x01, 0x01, 0x01, 0x03,
    0x01, 0x01, 0x01, 0x03, 0x02, 0x01, 0x01, 0x03, 0x01, 0x01, 0x01, 0x03, 0x01, 0x01, 0x01, 0x03,
    0x01, 0x01, 0x01, 0x03, 0x02, 0x01, 0x01, 0x03, 0x01, 0x01, 0x01, 0x03, 0x01, 0x01, 0x01, 0x03,
    0x01, 0x01, 0x01, 0x03, 0x02, 0x01, 0x01, 0x03, 0x01, 0x01, 0x01, 0x03, 0x01, 0x01, 0x01, 0x03,
    0x01, 0x01, 0x01, 0x03, 0x02, 0x01, 0x01, 0x03, 0x01, 0x01, 0x01, 0x03, 0x01, 0x01, 0x01, 0x03,
    0x01, 0x01, 0x01, 0x03, 0x02, 0x01, 0x01, 0x03, 0x01, 0x01, 0x01, 0x03, 0x01, 0x01, 0x01, 0x03,
    0x01, 0x01, 0x01, 0x03, 0x04, 0x01, 0x01, 0x03, 0x01, 0x01, 0x01, 0x03, 0x01, 0x01, 0x01, 0x03,
    0x02, 0x01, 0x01, 0x04, 0x01, 0x03, 0x01, 0x04, 0x01, 0x00, 0x01, 0x04, 0x01, 0x01, 0x04, 0x04,
    0x01, 0x03, 0x01, 0x04, 0x01, 0x00, 0x01, 0x04, 0x01, 0x01, 0x01, 0x04, 0x01, 0x03, 0x02, 0x04,
    0x01, 0x03, 0x01, 0x04, 0x01, 0x00, 0x01, 0x04, 0x01, 0x00, 0x01, 0x04, 0x01, 0x03, 0x02, 0x04,
    0x01, 0x03, 0x01, 0x04, 0x01, 0x01, 0x01, 0x04, 0x01, 0x00, 0x01, 0x04, 0x01, 0x03, 0x04, 0x04,
    0x01, 0x00, 0x01, 0x04, 0x01, 0x00, 0x01, 0x04, 0x01, 0x03, 0x04, 0x04, 0x01, 0x03, 0x01, 0x04,
    0x01, 0x00, 0x01, 0x04, 0x01, 0x03, 0x04, 0x04, 0x01, 0x03, 0x01, 0x04, 0x01, 0x00, 0x01, 0x04,
    0x01, 0x01, 0x02, 0x04, 0xFF, 0x03, 0xFF, 0x03, 0xFF, 0x03, 0xFF, 0x03, 0x91, 0x03, 0x02, 0x01,
    0x0C, 0x03, 0x0A, 0x01, 0x01, 0x03, 0x02, 0x01, 0x24, 0x03, 0x03, 0x00, 0x01, 0x02, 0x03, 0x00,
    0x01, 0x02, 0x07, 0x00, 0x02, 0x02, 0x01, 0x01, 0x04, 0x00, 0x08, 0x01, 0x21, 0x03, 0x01, 0x00,
    0x01, 0x04, 0x1C, 0x05, 0x01, 0x04, 0x01, 0x00, 0x20, 0x03, 0x01, 0x00, 0x01, 0x04, 0x1C, 0x06,
    0x01, 0x04, 0x01, 0x00, 0x20, 0x03, 0x01, 0x00, 0x01, 0x04, 0x1C, 0x06, 0x01, 0x04, 0x01, 0x00,
    0x20, 0x03, 0x01, 0x00, 0x01, 0x04, 0x1C, 0x06, 0x01, 0x04, 0x01, 0x00, 0x1A, 0x03, 0x07, 0x00,
    0x01, 0x04, 0x1C, 0x06, 0x01, 0x04, 0x01, 0x00, 0x19, 0x03, 0x01, 0x00, 0x07, 0x04, 0x01, 0x05,
    0x03, 0x06, 0x04, 0x05, 0x0E, 0x06, 0x04, 0x05, 0x03, 0x06, 0x01, 0x04, 0x01, 0x00, 0x19, 0x03,
    0x01, 0x00, 0x01, 0x05, 0x0A, 0x06, 0x01, 0x04, 0x02, 0x00, 0x01, 0x04, 0x0E, 0x06, 0x03, 0x00,
    0x01, 0x04, 0x03, 0x06, 0x01, 0x04, 0x07, 0x00, 0x13, 0x03, 0x01, 0x00, 0x01, 0x05, 0x0A, 0x06,
    0x01, 0x04, 0x02, 0x00, 0x01, 0x04, 0x0E, 0x06, 0x01, 0x03, 0x02, 0x00, 0x01, 0x04, 0x03, 0x06,
    0x07, 0x05, 0x01, 0x04, 0x01, 0x00, 0x12, 0x03, 0x01, 0x00, 0x01, 0x05, 0x0A, 0x06, 0x01, 0x04,
    0x02, 0x00, 0x01, 0x04, 0x0E, 0x06, 0x01, 0x03, 0x02, 0x00, 0x01, 0x04, 0x0A, 0x06, 0x01, 0x05,
    0x01, 0x00, 0x12, 0x03, 0x01, 0x00, 0x01, 0x05, 0x0A, 0x06, 0x04, 0x05, 0x0E, 0x06, 0x04, 0x05,
    0x0A, 0x06, 0x01, 0x04, 0x01, 0x00, 0x12, 0x03, 0x01, 0x00, 0x01, 0x05, 0x2A, 0x06, 0x01, 0x04,
    0x01, 0x00, 0x12, 0x03, 0x01, 0x00, 0x01, 0x05, 0x2A, 0x06, 0x01, 0x04, 0x01, 0x00, 0x12, 0x03,
    0x01, 0x00, 0x01, 0x04, 0x07, 0x05, 0x23, 0x06, 0x01, 0x04, 0x01, 0x00, 0x13, 0x03, 0x05, 0x00,
    0x01, 0x01, 0x01, 0x00, 0x01, 0x04, 0x23, 0x06, 0x01, 0x05, 0x01, 0x00, 0x19, 0x03, 0x01, 0x00,
    0x01, 0x04, 0x1C, 0x06, 0x07, 0x05, 0x01, 0x04, 0x01, 0x00, 0x19, 0x03, 0x01, 0x00, 0x01, 0x04,
    0x1C, 0x06, 0x01, 0x04, 0x07, 0x00, 0x1A, 0x03, 0x01, 0x00, 0x01, 0x04, 0x1C, 0x06, 0x01, 0x04,
    0x01, 0x00, 0x20, 0x03, 0x01, 0x00, 0x01, 0x04, 0x1C, 0x06, 0x01, 0x04, 0x01, 0x00, 0x01, 0x03,
    0x01, 0x02, 0x1E, 0x03, 0x01, 0x00, 0x01, 0x04, 0x1C, 0x06, 0x01, 0x04, 0x01, 0x00, 0x20, 0x03,
    0x01, 0x00, 0x01, 0x04, 0x1C, 0x06, 0x01, 0x04, 0x01, 0x00, 0x20, 0x03, 0x01, 0x00, 0x01, 0x04,
    0x1C, 0x06, 0x01, 0x04, 0x01, 0x00, 0x13, 0x03, 0x01, 0x01, 0x01, 0x00, 0x0B, 0x03, 0x01, 0x00,
    0x01, 0x04, 0x03, 0x06, 0x04, 0x05, 0x03, 0x06, 0x08, 0x05, 0x03, 0x06, 0x04, 0x05, 0x03, 0x06,
    0x01, 0x04, 0x01, 0x00, 0x13, 0x03, 0x02, 0x04, 0x0B, 0x03, 0x01, 0x00, 0x01, 0x04, 0x03, 0x06,
    0x01, 0x04, 0x02, 0x00, 0x01, 0x04, 0x03, 0x06, 0x01, 0x04, 0x06, 0x00, 0x01, 0x04, 0x03, 0x06,
    0x01, 0x04, 0x02, 0x00, 0x01, 0x04, 0x03, 0x06, 0x01, 0x04, 0x01, 0x00, 0x10, 0x03, 0x03, 0x00,
    0x01, 0x04, 0x01, 0x05, 0x0B, 0x03, 0x01, 0x00, 0x01, 0x04, 0x03, 0x06, 0x01, 0x04, 0x02, 0x00,
    0x01, 0x04, 0x03, 0x06, 0x01, 0x04, 0x01, 0x00, 0x04, 0x03, 0x01, 0x00, 0x01, 0x05, 0x03, 0x06,
    0x01, 0x04, 0x01, 0x01, 0x01, 0x00, 0x01, 0x04, 0x03, 0x06, 0x01, 0x04, 0x01, 0x00, 0x0F, 0x03,
    0x01, 0x01, 0x05, 0x04, 0x0B, 0x03, 0x01, 0x00, 0x01, 0x04, 0x03, 0x06, 0x01, 0x04, 0x02, 0x00,
    0x01, 0x04, 0x03, 0x06, 0x01, 0x04, 0x01, 0x00, 0x04, 0x03, 0x01, 0x00, 0x01, 0x05, 0x03, 0x06,
    0x01, 0x04, 0x01, 0x01, 0x01, 0x00, 0x01, 0x04, 0x03, 0x06, 0x01, 0x04, 0x01, 0x00, 0x0C, 0x03,
    0x04, 0x00, 0x04, 0x05, 0x01, 0x00, 0x0B, 0x03, 0x01, 0x00, 0x01, 0x04, 0x03, 0x06, 0x01, 0x04,
    0x02, 0x00, 0x01, 0x04, 0x03, 0x06, 0x01, 0x04, 0x01, 0x00, 0x04, 0x03, 0x01, 0x00, 0x01, 0x05,
    0x03, 0x06, 0x01, 0x04, 0x01, 0x01, 0x01, 0x00, 0x01, 0x04, 0x03, 0x06, 0x01, 0x04, 0x01, 0x00,
    0x04, 0x03, 0x06, 0x01, 0x01, 0x03, 0x01, 0x00, 0x01, 0x04, 0x03, 0x05, 0x04, 0x04, 0x0C, 0x03,
    0x01, 0x00, 0x01, 0x04, 0x03, 0x06, 0x01, 0x04, 0x02, 0x00, 0x01, 0x04, 0x03, 0x06, 0x01, 0x04,
    0x01, 0x00, 0x04, 0x03, 0x01, 0x00, 0x01, 0x04, 0x03, 0x06, 0x01, 0x04, 0x01, 0x01, 0x01, 0x00,
    0x01, 0x04, 0x03, 0x06, 0x01, 0x04, 0x01, 0x00, 0x0B, 0x03, 0x01, 0x00, 0x01, 0x04, 0x03, 0x05,
    0x01, 0x04, 0x03, 0x00, 0x0C, 0x03, 0x01, 0x00, 0x01, 0x04, 0x03, 0x06, 0x01, 0x04, 0x02, 0x00,
    0x01, 0x04, 0x03, 0x06, 0x01, 0x04, 0x01, 0x00, 0x04, 0x03, 0x01, 0x00, 0x01, 0x05, 0x03, 0x06,
    0x01, 0x04, 0x01, 0x01, 0x01, 0x00, 0x01, 0x04, 0x03, 0x06, 0x01, 0x04, 0x01, 0x00, 0x02, 0x03,
    0x01, 0x00, 0x01, 0x04, 0x0A, 0x05, 0x02, 0x04, 0x05, 0x03, 0x01, 0x01, 0x01, 0x03, 0x01, 0x00,
    0x01, 0x03, 0x01, 0x00, 0x01, 0x03, 0x01, 0x00, 0x02, 0x01, 0x01, 0x00, 0x01, 0x03, 0x01, 0x00,
    0x01, 0x04, 0x03, 0x05, 0x01, 0x04, 0x02, 0x00, 0x01, 0x04, 0x03, 0x05, 0x01, 0x04, 0x01, 0x00,
    0x01, 0x03, 0x02, 0x01, 0x01, 0x03, 0x01, 0x00, 0x01, 0x04, 0x03, 0x05, 0x01, 0x04, 0x02, 0x00,
    0x01, 0x04, 0x03, 0x05, 0x01, 0x04, 0x01, 0x00, 0x01, 0x03, 0x01, 0x01, 0x01, 0x00, 0x01, 0x04,
    0x0A, 0x05, 0x01, 0x04, 0x01, 0x00, 0x01, 0x03, 0x01, 0x00, 0x01, 0x03, 0x01, 0x00, 0x01, 0x01,
    0x01, 0x04, 0x01, 0x03, 0x01, 0x04, 0x01, 0x01, 0x01, 0x04, 0x01, 0x01, 0x01, 0x04, 0x01, 0x03,
    0x02, 0x04, 0x01, 0x03, 0x01, 0x04, 0x01, 0x00, 0x01, 0x04, 0x01, 0x02, 0x01, 0x04, 0x01, 0x03,
    0x02, 0x04, 0x01, 0x03, 0x01, 0x04, 0x01, 0x02, 0x01, 0x04, 0x01, 0x02, 0x01, 0x04, 0x01, 0x03,
    0x02, 0x04, 0x01, 0x03, 0x01, 0x04, 0x01, 0x01, 0x01, 0x04, 0x01, 0x02, 0x01, 0x04, 0x01, 0x03,
    0x02, 0x04, 0x01, 0x03, 0x01, 0x04, 0x01, 0x02, 0x01, 0x04, 0x01, 0x00, 0x01, 0x04, 0x01, 0x03,
    0x02, 0x04, 0x01, 0x03, 0x01, 0x04, 0x01, 0x00, 0x01, 0x04, 0x01, 0x00, 0x01, 0x04, 0x01, 0x00,
    0x01, 0x04, 0x02, 0x03, 0x01, 0x04, 0x01, 0x02, 0x01, 0x04, 0x01, 0x01, 0x01, 0x04, 0x01, 0x01,
    0x02, 0x04, 0x02, 0x03, 0x01, 0x04, 0x01, 0x01, 0x01, 0x04, 0x01, 0x03, 0x01, 0x04, 0x02, 0x03,
    0x01, 0x04, 0x01, 0x03, 0x01, 0x04, 0x01, 0x01, 0x01, 0x04, 0x01, 0x01, 0x01, 0x04, 0x04, 0x03,
    0x01, 0x04, 0x01, 0x01, 0x01, 0x04, 0x01, 0x01, 0x01, 0x04, 0x04, 0x03, 0x01, 0x04, 0x01, 0x03,
    0x01, 0x04, 0x01, 0x01, 0x01, 0x04, 0x01, 0x03, 0x01, 0x04, 0x02, 0x03, 0x01, 0x04, 0x01, 0x01,
    0x01, 0x04, 0x01, 0x01, 0x01, 0x04, 0x01, 0x03, 0x01, 0x04, 0x02, 0x03, 0x01, 0x04, 0x01, 0x03,
    0x01, 0x04, 0x01, 0x01, 0x01, 0x04, 0x01, 0x03, 0x01, 0x04, 0x02, 0x03, 0x01, 0x04, 0x01, 0x03,
    0x01, 0x04, 0x01, 0x01, 0x01, 0x04, 0x01, 0x03, 0x01, 0x04, 0x0D, 0x03, 0x01, 0x01, 0x0A, 0x03,
    0x01, 0x02, 0x1A, 0x03, 0x01, 0x01, 0x08, 0x03, 0x01, 0x01, 0x04, 0x03, 0x01, 0x04, 0x01, 0x03,
    0x01, 0x04, 0x01, 0x00, 0x01, 0x04, 0x01, 0x01, 0x01, 0x04, 0x01, 0x03, 0x02, 0x04, 0x01, 0x03,
    0x01, 0x04, 0x01, 0x00, 0x01, 0x04, 0x01, 0x01, 0x01, 0x04, 0x01, 0x03, 0x02, 0x04, 0x01, 0x03,
    0x01, 0x04, 0x01, 0x01, 0x01, 0x04, 0x01, 0x00, 0x01, 0x04, 0x01, 0x03, 0x02, 0x04, 0x01, 0x03,
    0x01, 0x04, 0x01, 0x01, 0x01, 0x04, 0x01, 0x00, 0x01, 0x04, 0x01, 0x03, 0x02, 0x04, 0x01, 0x03,
    0x01, 0x04, 0x01, 0x01, 0x01, 0x04, 0x01, 0x00, 0x01, 0x04, 0x01, 0x03, 0x04, 0x04, 0x01, 0x03,
    0x01, 0x04, 0x01, 0x00, 0x01, 0x04, 0x01, 0x03, 0x04, 0x04, 0x01, 0x03, 0x01, 0x04, 0x01, 0x00,
    0x01, 0x04, 0x01, 0x01, 0x02, 0x04, 0x01, 0x01, 0x01, 0x03, 0x01, 0x02, 0x01, 0x03, 0x01, 0x01,
    0x01, 0x03, 0x01, 0x01, 0x01, 0x03, 0x02, 0x01, 0x01, 0x03, 0x01, 0x01, 0x01, 0x03, 0x01, 0x01,
    0x01, 0x03, 0x01, 0x01, 0x01, 0x03, 0x02, 0x01, 0x01, 0x03, 0x01, 0x01, 0x01, 0x03, 0x01, 0x01,
    0x01, 0x03, 0x01, 0x01, 0x04, 0x03, 0x01, 0x01, 0x01, 0x03, 0x01, 0x01, 0x01, 0x03, 0x01, 0x01,
    0x01, 0x03, 0x02, 0x01, 0x01, 0x03, 0x01, 0x01, 0x01, 0x03, 0x01, 0x01, 0x01, 0x03, 0x01, 0x01,
    0x01, 0x03, 0x01, 0x02, 0x01, 0x03, 0x02, 0x01, 0x01, 0x03, 0x01, 0x02, 0x01, 0x03, 0x01, 0x01,
    0x01, 0x03, 0x01, 0x01, 0x01, 0x03, 0x01, 0x02, 0x01, 0x01, 0x01, 0x03, 0x01, 0x01, 0x01, 0x03,
    0x01, 0x01, 0x03, 0x03, 0x01, 0x04, 0x01, 0x03, 0x01, 0x04, 0x01, 0x00, 0x01, 0x04, 0x01, 0x01,
    0x01, 0x04, 0x01, 0x03, 0x02, 0x04, 0x01, 0x03, 0x01, 0x04, 0x01, 0x00, 0x01, 0x04, 0x01, 0x01,
    0x01, 0x04, 0x01, 0x03, 0x02, 0x04, 0x01, 0x03, 0x01, 0x04, 0x01, 0x00, 0x01, 0x04, 0x01, 0x00,
    0x01, 0x04, 0x01, 0x03, 0x02, 0x04, 0x01, 0x03, 0x01, 0x04, 0x01, 0x01, 0x01, 0x04, 0x01, 0x00,
    0x01, 0x04, 0x01, 0x03, 0x04, 0x04, 0x01, 0x01, 0x01, 0x04, 0x01, 0x00, 0x01, 0x04, 0x01, 0x03,
    0x04, 0x04, 0x01, 0x03, 0x01, 0x04, 0x01, 0x00, 0x01, 0x04, 0x01, 0x03, 0x04, 0x04, 0x01, 0x03,
    0x01, 0x04, 0x01, 0x00, 0x01, 0x04, 0x01, 0x01, 0x02, 0x04, 0x01, 0x01, 0x01, 0x03, 0x01, 0x00,
    0x01, 0x03, 0x01, 0x00, 0x01, 0x03, 0x01, 0x00, 0x02, 0x01, 0x01, 0x00, 0x01, 0x03, 0x01, 0x00,
    0x01, 0x03, 0x01, 0x00, 0x01, 0x03, 0x01, 0x00, 0x04, 0x01, 0x01, 0x00, 0x01, 0x03, 0x01, 0x00,
    0x01, 0x03, 0x01, 0x00, 0x01, 0x01, 0x01, 0x00, 0x02, 0x01, 0x01, 0x00, 0x01, 0x03, 0x01, 0x00,
    0x01, 0x03, 0x01, 0x00, 0x01, 0x03, 0x03, 0x01, 0x01, 0x00, 0x01, 0x03, 0x01, 0x00, 0x01, 0x03,
    0x01, 0x00, 0x01, 0x03, 0x03, 0x01, 0x01, 0x00, 0x01, 0x03, 0x01, 0x00, 0x01, 0x03, 0x01, 0x00,
    0x01, 0x03, 0x01, 0x00, 0x02, 0x01, 0x01, 0x00, 0x01, 0x03, 0x01, 0x00, 0x01, 0x03, 0x01, 0x00,
    0x01, 0x03, 0x01, 0x00, 0x01, 0x01, 0x01, 0x04, 0x01, 0x03, 0x01, 0x04, 0x01, 0x01, 0x01, 0x04,
    0x01, 0x01, 0x01, 0x04, 0x01, 0x03, 0x02, 0x04, 0x01, 0x03, 0x01, 0x04, 0x01, 0x00, 0x01, 0x04,
    0x01, 0x01, 0x01, 0x04, 0x01, 0x03, 0x02, 0x04, 0x01, 0x03, 0x01, 0x04, 0x01, 0x01, 0x01, 0x04,
    0x01, 0x00, 0x01, 0x04, 0x01, 0x03, 0x02, 0x04, 0x01, 0x03, 0x01, 0x04, 0x01, 0x01, 0x01, 0x04,
    0x01, 0x01, 0x01, 0x04, 0x01, 0x03, 0x02, 0x04, 0x01, 0x03, 0x01, 0x04, 0x01, 0x01, 0x01, 0x04,
    0x01, 0x00, 0x01, 0x04, 0x01, 0x03, 0x04, 0x04, 0x01, 0x02, 0x01, 0x04, 0x01, 0x00, 0x01, 0x04,
    0x01, 0x03, 0x04, 0x04, 0x01, 0x03, 0x01, 0x04, 0x01, 0x00, 0x01, 0x04, 0x01, 0x03, 0x02, 0x04,
    0x40, 0x03, 0x01, 0x04, 0x01, 0x03, 0x01, 0x04, 0x01, 0x01, 0x01, 0x04, 0x01, 0x01, 0x01, 0x04,
    0x01, 0x03, 0x02, 0x04, 0x01, 0x03, 0x01, 0x04, 0x01, 0x00, 0x01, 0x04, 0x01, 0x01, 0x01, 0x04,
    0x01, 0x03, 0x02, 0x04, 0x01, 0x03, 0x01, 0x04, 0x01, 0x01, 0x01, 0x04, 0x01, 0x01, 0x01, 0x04,
    0x01, 0x03, 0x02, 0x04, 0x01, 0x03, 0x01, 0x04, 0x01, 0x01, 0x01, 0x04, 0x01, 0x01, 0x01, 0x04,
    0x01, 0x03, 0x02, 0x04, 0x01, 0x03, 0x01, 0x04, 0x01, 0x01, 0x01, 0x04, 0x01, 0x01, 0x01, 0x04,
    0x01, 0x03, 0x02, 0x04, 0x01, 0x03, 0x01, 0x04, 0x01, 0x03, 0x01, 0x04, 0x01, 0x00, 0x01, 0x04,
    0x01, 0x03, 0x04, 0x04, 0x01, 0x03, 0x01, 0x04, 0x01, 0x01, 0x01, 0x04, 0x01, 0x03, 0x03, 0x04,
    0x01, 0x03, 0x01, 0x04, 0x01, 0x01, 0x01, 0x04, 0x01, 0x01, 0x01, 0x04, 0x01, 0x03, 0x02, 0x04,
    0x01, 0x03, 0x01, 0x04, 0x01, 0x01, 0x01, 0x04, 0x01, 0x01, 0x01, 0x04, 0x01, 0x03, 0x02, 0x04,
    0x01, 0x03, 0x01, 0x04, 0x01, 0x01, 0x01, 0x04, 0x01, 0x01, 0x01, 0x04, 0x01, 0x03, 0x02, 0x04,
    0x01, 0x03, 0x01, 0x04, 0x01, 0x01, 0x01, 0x04, 0x01, 0x01, 0x01, 0x04, 0x01, 0x03, 0x01, 0x04,
    0x02, 0x03, 0x01, 0x04, 0x01, 0x01, 0x01, 0x04, 0x01, 0x01, 0x01, 0x04, 0x01, 0x03, 0x01, 0x04,
    0x02, 0x03, 0x01, 0x04, 0x01, 0x03, 0x01, 0x04, 0x01, 0x01, 0x01, 0x04, 0x01, 0x03, 0x01, 0x04,
    0x02, 0x03, 0x01, 0x04, 0x01, 0x03, 0x01, 0x04, 0x01, 0x01, 0x01, 0x04, 0x01, 0x03, 0x02, 0x04,
    0x03, 0x03, 0x01, 0x01, 0x01, 0x04, 0x07, 0x03, 0x01, 0x01, 0x01, 0x03, 0x01, 0x01, 0x01, 0x04,
    0x04, 0x03, 0x01, 0x04, 0x01, 0x01, 0x01, 0x04, 0x01, 0x01, 0x07, 0x03, 0x01, 0x04, 0x01, 0x01,
    0x06, 0x03, 0x01, 0x01, 0x01, 0x03, 0x01, 0x01, 0x01, 0x04, 0x07, 0x03, 0x01, 0x01, 0x07, 0x03,
    0x01, 0x04, 0x01, 0x01, 0x04, 0x03, 0x01, 0x04, 0x01, 0x03, 0x01, 0x04, 0x01, 0x01, 0x01, 0x04,
    0x01, 0x01, 0x01, 0x04, 0x01, 0x03, 0x02, 0x04, 0x01, 0x03, 0x01, 0x04, 0x01, 0x00, 0x01, 0x04,
    0x01, 0x01, 0x01, 0x04, 0x01, 0x03, 0x02, 0x04, 0x01, 0x03, 0x01, 0x04, 0x01, 0x01, 0x01, 0x04,
    0x01, 0x01, 0x01, 0x04, 0x01, 0x03, 0x02, 0x04, 0x01, 0x03, 0x01, 0x04, 0x01, 0x01, 0x01, 0x04,
    0x01, 0x01, 0x01, 0x04, 0x01, 0x03, 0x02, 0x04, 0x01, 0x03, 0x01, 0x04, 0x01, 0x01, 0x01, 0x04,
    0x01, 0x00, 0x01, 0x04, 0x01, 0x03, 0x02, 0x04, 0x01, 0x03, 0x01, 0x04, 0x01, 0x02, 0x01, 0x04,
    0x01, 0x00, 0x01, 0x04, 0x01, 0x03, 0x02, 0x04, 0x01, 0x03, 0x01, 0x04, 0x01, 0x03, 0x01, 0x04,
    0x01, 0x00, 0x01, 0x04, 0x01, 0x01, 0x02, 0x04, 0x01, 0x01, 0x01, 0x03, 0x01, 0x01, 0x01, 0x03,
    0x01, 0x01, 0x01, 0x03, 0x01, 0x01, 0x01, 0x03, 0x02, 0x01, 0x01, 0x03, 0x01, 0x01, 0x01, 0x03,
    0x01, 0x01, 0x01, 0x03, 0x01, 0x01, 0x01, 0x03, 0x02, 0x01, 0x01, 0x03, 0x01, 0x01, 0x01, 0x03,
    0x01, 0x01, 0x01, 0x03, 0x01, 0x01, 0x01, 0x03, 0x02, 0x01, 0x01, 0x03, 0x01, 0x01, 0x01, 0x03,
    0x01, 0x01, 0x01, 0x03, 0x01, 0x01, 0x01, 0x03, 0x02, 0x01, 0x01, 0x03, 0x01, 0x01, 0x01, 0x03,
    0x01, 0x01, 0x01, 0x03, 0x01, 0x01, 0x01, 0x03, 0x02, 0x01, 0x01, 0x03, 0x01, 0x01, 0x01, 0x03,
    0x01, 0x01, 0x01, 0x03, 0x01, 0x01, 0x01, 0x03, 0x02, 0x01, 0x01, 0x03, 0x01, 0x01, 0x01, 0x03,
    0x01, 0x01, 0x01, 0x03, 0x01, 0x01, 0x01, 0x03, 0x02, 0x01, 0x01, 0x04, 0x01, 0x03, 0x01, 0x04,
    0x01, 0x00, 0x01, 0x04, 0x01, 0x01, 0x04, 0x04, 0x01, 0x03, 0x01, 0x04, 0x01, 0x00, 0x01, 0x04,
    0x01, 0x01, 0x01, 0x04, 0x01, 0x03, 0x02, 0x04, 0x01, 0x03, 0x01, 0x04, 0x01, 0x00, 0x01, 0x04,
    0x01, 0x00, 0x01, 0x04, 0x01, 0x03, 0x02, 0x04, 0x01, 0x03, 0x01, 0x04, 0x01, 0x01, 0x01, 0x04,
    0x01, 0x00, 0x01, 0x04, 0x01, 0x03, 0x04, 0x04, 0x01, 0x00, 0x01, 0x04, 0x01, 0x00, 0x01, 0x04,
    0x01, 0x03, 0x04, 0x04, 0x01, 0x03, 0x01, 0x04, 0x01, 0x00, 0x01, 0x04, 0x01, 0x03, 0x04, 0x04,
    0x01, 0x03, 0x01, 0x04, 0x01, 0x00, 0x01, 0x04, 0x01, 0x01, 0x02, 0x04, 0xFF, 0x03, 0xFF, 0x03,
    0xFF, 0x03, 0xFF, 0x03, 0x91, 0x03, 0x02, 0x01, 0x0C, 0x03, 0x0A, 0x01, 0x01, 0x03, 0x02, 0x01,
    0x24, 0x03, 0x03, 0x00, 0x01, 0x02, 0x03, 0x00, 0x01, 0x02, 0x07, 0x00, 0x02, 0x02, 0x01, 0x01,
    0x04, 0x00, 0x08, 0x01, 0x21, 0x03, 0x01, 0x00, 0x01, 0x04, 0x1C, 0x05, 0x01, 0x04, 0x01, 0x00,
    0x20, 0x03, 0x01, 0x00, 0x01, 0x04, 0x1C, 0x06, 0x01, 0x04, 0x01, 0x00, 0x20, 0x03, 0x01, 0x00,
    0x01, 0x04, 0x1C, 0x06, 0x01, 0x04, 0x01, 0x00, 0x20, 0x03, 0x01, 0x00, 0x01, 0x04, 0x1C, 0x06,
    0x01, 0x04, 0x01, 0x00, 0x1A, 0x03, 0x07, 0x00, 0x01, 0x04, 0x1C, 0x06, 0x01, 0x04, 0x01, 0x00,
    0x19, 0x03, 0x01, 0x00, 0x07, 0x04, 0x01, 0x05, 0x03, 0x06, 0x04, 0x05, 0x0E, 0x06, 0x04, 0x05,
    0x03, 0x06, 0x01, 0x04, 0x01, 0x00, 0x19, 0x03, 0x01, 0x00, 0x01, 0x05, 0x0A, 0x06, 0x01, 0x04,
    0x02, 0x00, 0x01, 0x04, 0x0E, 0x06, 0x03, 0x00, 0x01, 0x04, 0x03, 0x06, 0x01, 0x04, 0x07, 0x00,
    0x13, 0x03, 0x01, 0x00, 0x01, 0x05, 0x0A, 0x06, 0x01, 0x04, 0x02, 0x00, 0x01, 0x04, 0x0E, 0x06,
    0x01, 0x03, 0x02, 0x00, 0x01, 0x04, 0x03, 0x06, 0x07, 0x05, 0x01, 0x04, 0x01, 0x00, 0x12, 0x03,
    0x01, 0x00, 0x01, 0x05, 0x0A, 0x06, 0x01, 0x04, 0x02, 0x00, 0x01, 0x04, 0x0E, 0x06, 0x01, 0x03,
    0x02, 0x00, 0x01, 0x04, 0x0A, 0x06, 0x01, 0x05, 0x01, 0x00, 0x12, 0x03, 0x01, 0x00, 0x01, 0x05,
    0x0A, 0x06, 0x04, 0x05, 0x0E, 0x06, 0x04, 0x05, 0x0A, 0x06, 0x01, 0x04, 0x01, 0x00, 0x12, 0x03,
    0x01, 0x00, 0x01, 0x05, 0x2A, 0x06, 0x01, 0x04, 0x01, 0x00, 0x12, 0x03, 0x01, 0x00, 0x01, 0x05,
    0x2A, 0x06, 0x01, 0x04, 0x01, 0x00, 0x12, 0x03, 0x01, 0x00, 0x01, 0x04, 0x07, 0x05, 0x23, 0x06,
    0x01, 0x04, 0x01, 0x00, 0x13, 0x03, 0x01, 0x00, 0x01, 0x01, 0x03, 0x00, 0x01, 0x01, 0x01, 0x00,
    0x01, 0x04, 0x23, 0x06, 0x01, 0x05, 0x01, 0x00, 0x19, 0x03, 0x01, 0x00, 0x01, 0x04, 0x1C, 0x06,
    0x07, 0x05, 0x01, 0x04, 0x01, 0x00, 0x19, 0x03, 0x01, 0x00, 0x01, 0x04, 0x1C, 0x06, 0x01, 0x04,
    0x07, 0x00, 0x1A, 0x03, 0x01, 0x00, 0x01, 0x04, 0x1C, 0x06, 0x01, 0x04, 0x01, 0x00, 0x20, 0x03,
    0x01, 0x00, 0x01, 0x04, 0x1C, 0x06, 0x01, 0x04, 0x01, 0x00, 0x01, 0x03, 0x01, 0x02, 0x1E, 0x03,
    0x01, 0x00, 0x01, 0x04, 0x1C, 0x06, 0x01, 0x04, 0x01, 0x00, 0x20, 0x03, 0x01, 0x00, 0x01, 0x04,
    0x1C, 0x06, 0x01, 0x04, 0x01, 0x00, 0x20, 0x03, 0x01, 0x00, 0x01, 0x04, 0x1C, 0x06, 0x01, 0x04,
    0x01, 0x00, 0x13, 0x03, 0x01, 0x01, 0x01, 0x00, 0x0B, 0x03, 0x01, 0x00, 0x01, 0x04, 0x03, 0x06,
    0x04, 0x05, 0x03, 0x06, 0x08, 0x05, 0x03, 0x06, 0x04, 0x05, 0x03, 0x06, 0x01, 0x04, 0x01, 0x00,
    0x13, 0x03, 0x02, 0x04, 0x0B, 0x03, 0x01, 0x00, 0x01, 0x04, 0x03, 0x06, 0x01, 0x04, 0x02, 0x00,
    0x01, 0x04, 0x03, 0x06, 0x01, 0x04, 0x06, 0x00, 0x01, 0x04, 0x03, 0x06, 0x01, 0x04, 0x02, 0x00,
    0x01, 0x04, 0x03, 0x06, 0x01, 0x04, 0x01, 0x00, 0x10, 0x03, 0x03, 0x00, 0x01, 0x04, 0x01, 0x05,
    0x0B, 0x03, 0x01, 0x00, 0x01, 0x04, 0x03, 0x06, 0x01, 0x04, 0x02, 0x00, 0x01, 0x04, 0x03, 0x06,
    0x01, 0x04, 0x01, 0x00, 0x04, 0x03, 0x01, 0x00, 0x01, 0x05, 0x03, 0x06, 0x01, 0x04, 0x01, 0x01,
    0x01, 0x00, 0x01, 0x04, 0x03, 0x06, 0x01, 0x04, 0x01, 0x00, 0x0F, 0x03, 0x01, 0x01, 0x05, 0x04,
    0x0B, 0x03, 0x01, 0x00, 0x01, 0x04, 0x03, 0x06, 0x01, 0x04, 0x02, 0x00, 0x01, 0x04, 0x03, 0x06,
    0x01, 0x04, 0x01, 0x00, 0x04, 0x03, 0x01, 0x00, 0x01, 0x05, 0x03, 0x06, 0x01, 0x04, 0x01, 0x01,
    0x01, 0x00, 0x01, 0x04, 0x03, 0x06, 0x01, 0x04, 0x01, 0x00, 0x0C, 0x03, 0x04, 0x00, 0x04, 0x05,
    0x01, 0x00, 0x0B, 0x03, 0x01, 0x00, 0x01, 0x04, 0x03, 0x06, 0x01, 0x04, 0x02, 0x00, 0x01, 0x04,
    0x03, 0x06, 0x01, 0x04, 0x01, 0x00, 0x04, 0x03, 0x01, 0x00, 0x01, 0x05, 0x03, 0x06, 0x01, 0x04,
    0x01, 0x01, 0x01, 0x00, 0x01, 0x04, 0x03, 0x06, 0x01, 0x04, 0x01, 0x00, 0x04, 0x03, 0x06, 0x01,
    0x01, 0x03, 0x01, 0x00, 0x01, 0x04, 0x03, 0x05, 0x04, 0x04, 0x0C, 0x03, 0x01, 0x00, 0x01, 0x04,
    0x03, 0x06, 0x01, 0x04, 0x02, 0x00, 0x01, 0x04, 0x03, 0x06, 0x01, 0x04, 0x01, 0x00, 0x04, 0x03,
    0x01, 0x00, 0x01, 0x04, 0x03, 0x06, 0x01, 0x04, 0x01, 0x01, 0x01, 0x00, 0x01, 0x04, 0x03, 0x06,
    0x01, 0x04, 0x01, 0x00, 0x0B, 0x03, 0x01, 0x00, 0x01, 0x04, 0x03, 0x05, 0x01, 0x04, 0x03, 0x00,
    0x0C, 0x03, 0x01, 0x00, 0x01, 0x04, 0x03, 0x06, 0x01, 0x04, 0x02, 0x00, 0x01, 0x04, 0x03, 0x06,
    0x01, 0x04, 0x01, 0x00, 0x04, 0x03, 0x01, 0x00, 0x01, 0x05, 0x03, 0x06, 0x01, 0x04, 0x01, 0x01,
    0x01, 0x00, 0x01, 0x04, 0x03, 0x06, 0x01, 0x04, 0x01, 0x00, 0x02, 0x03, 0x01, 0x00, 0x01, 0x04,
    0x0A, 0x05, 0x02, 0x04, 0x05, 0x03, 0x01, 0x01, 0x01, 0x03, 0x01, 0x00, 0x01, 0x03, 0x01, 0x00,
    0x01, 0x03, 0x01, 0x00, 0x02, 0x01, 0x01, 0x00, 0x01, 0x03, 0x01, 0x00, 0x01, 0x04, 0x03, 0x05,
    0x01, 0x04, 0x02, 0x00, 0x01, 0x04, 0x03, 0x05, 0x01, 0x04, 0x01, 0x00, 0x01, 0x03, 0x02, 0x01,
    0x01, 0x03, 0x01, 0x00, 0x01, 0x04, 0x03, 0x05, 0x01, 0x04, 0x02, 0x00, 0x01, 0x04, 0x03, 0x05,
    0x01, 0x04, 0x01, 0x00, 0x01, 0x03, 0x01, 0x01, 0x01, 0x00, 0x01, 0x04, 0x0A, 0x05, 0x01, 0x04,
    0x01, 0x00, 0x01, 0x03, 0x01, 0x00, 0x01, 0x03, 0x01, 0x00, 0x01, 0x01, 0x01, 0x04, 0x01, 0x03,
    0x01, 0x04, 0x01, 0x01, 0x01, 0x04, 0x01, 0x01, 0x01, 0x04, 0x01, 0x03, 0x02, 0x04, 0x01, 0x03,
    0x01, 0x04, 0x01, 0x00, 0x01, 0x04, 0x01, 0x02, 0x01, 0x04, 0x01, 0x03, 0x02, 0x04, 0x01, 0x03,
    0x01, 0x04, 0x01, 0x02, 0x01, 0x04, 0x01, 0x02, 0x01, 0x04, 0x01, 0x03, 0x02, 0x04, 0x01, 0x03,
    0x01, 0x04, 0x01, 0x01, 0x01, 0x04, 0x01, 0x02, 0x01, 0x04, 0x01, 0x03, 0x02, 0x04, 0x01, 0x03,
    0x01, 0x04, 0x01, 0x02, 0x01, 0x04, 0x01, 0x00, 0x01, 0x04, 0x01, 0x03, 0x02, 0x04, 0x01, 0x03,
    0x01, 0x04, 0x01, 0x00, 0x01, 0x04, 0x01, 0x00, 0x01, 0x04, 0x01, 0x00, 0x01, 0x04, 0x02, 0x03,
    0x01, 0x04, 0x01, 0x03, 0x01, 0x04, 0x01, 0x01, 0x01, 0x04, 0x01, 0x01, 0x02, 0x04, 0x02, 0x03,
    0x01, 0x04, 0x01, 0x01, 0x01, 0x04, 0x01, 0x03, 0x01, 0x04, 0x02, 0x03, 0x01, 0x04, 0x01, 0x03,
    0x01, 0x04, 0x01, 0x01, 0x01, 0x04, 0x01, 0x01, 0x01, 0x04, 0x04, 0x03, 0x01, 0x04, 0x01, 0x01,
    0x01, 0x04, 0x01, 0x01, 0x01, 0x04, 0x04, 0x03, 0x01, 0x04, 0x01, 0x03, 0x01, 0x04, 0x01, 0x01,
    0x01, 0x04, 0x01, 0x03, 0x01, 0x04, 0x02, 0x03, 0x01, 0x04, 0x01, 0x01, 0x01, 0x04, 0x01, 0x01,
    0x01, 0x04, 0x01, 0x03, 0x01, 0x04, 0x02, 0x03, 0x01, 0x04, 0x01, 0x03, 0x01, 0x04, 0x01, 0x01,
    0x01, 0x04, 0x01, 0x03, 0x01, 0x04, 0x02, 0x03, 0x01, 0x04, 0x01, 0x03, 0x01, 0x04, 0x01, 0x01,
    0x01, 0x04, 0x01, 0x03, 0x01, 0x04, 0x0D, 0x03, 0x01, 0x01, 0x0A, 0x03, 0x01, 0x02, 0x1A, 0x03,
    0x01, 0x01, 0x08, 0x03, 0x01, 0x01, 0x04, 0x03, 0x01, 0x04, 0x01, 0x03, 0x01, 0x04, 0x01, 0x00,
    0x01, 0x04, 0x01, 0x01, 0x01, 0x04, 0x01, 0x03, 0x02, 0x04, 0x01, 0x03, 0x01, 0x04, 0x01, 0x00,
    0x01, 0x04, 0x01, 0x01, 0x01, 0x04, 0x01, 0x03, 0x02, 0x04, 0x01, 0x03, 0x01, 0x04, 0x01, 0x01,
    0x01, 0x04, 0x01, 0x00, 0x01, 0x04, 0x01, 0x03, 0x02, 0x04, 0x01, 0x03, 0x01, 0x04, 0x01, 0x01,
    0x01, 0x04, 0x01, 0x00, 0x01, 0x04, 0x01, 0x03, 0x02, 0x04, 0x01, 0x03, 0x01, 0x04, 0x01, 0x01,
    0x01, 0x04, 0x01, 0x00, 0x01, 0x04, 0x01, 0x03, 0x04, 0x04, 0x01, 0x03, 0x01, 0x04, 0x01, 0x00,
    0x01, 0x04, 0x01, 0x03, 0x04, 0x04, 0x01, 0x03, 0x01, 0x04, 0x01, 0x00, 0x01, 0x04, 0x01, 0x01,
    0x02, 0x04, 0x01, 0x01, 0x01, 0x03, 0x01, 0x02, 0x01, 0x03, 0x01, 0x01, 0x01, 0x03, 0x01, 0x01,
    0x01, 0x03, 0x02, 0x01, 0x01, 0x03, 0x01, 0x01, 0x01, 0x03, 0x01, 0x01, 0x01, 0x03, 0x01, 0x01,
    0x01, 0x03, 0x02, 0x01, 0x01, 0x03, 0x01, 0x01, 0x01, 0x03, 0x01, 0x01, 0x01, 0x03, 0x01, 0x01,
    0x01, 0x03, 0x01, 0x02, 0x02, 0x03, 0x01, 0x01, 0x01, 0x03, 0x01, 0x01, 0x01, 0x03, 0x01, 0x01,
    0x01, 0x03, 0x02, 0x01, 0x01, 0x03, 0x01, 0x01, 0x01, 0x03, 0x01, 0x01, 0x01, 0x03, 0x01, 0x01,
    0x01, 0x03, 0x01, 0x02, 0x02, 0x03, 0x01, 0x01, 0x01, 0x03, 0x01, 0x02, 0x01, 0x03, 0x01, 0x01,
    0x01, 0x03, 0x01, 0x01, 0x02, 0x03, 0x01, 0x01, 0x01, 0x03, 0x01, 0x01, 0x01, 0x03, 0x01, 0x01,
    0x01, 0x03, 0x01, 0x02, 0x01, 0x03, 0x01, 0x04, 0x01, 0x03, 0x01, 0x04, 0x01, 0x00, 0x01, 0x04,
    0x01, 0x01, 0x01, 0x04, 0x01, 0x03, 0x02, 0x04, 0x01, 0x03, 0x01, 0x04, 0x01, 0x00, 0x01, 0x04,
    0x01, 0x01, 0x01, 0x04, 0x01, 0x03, 0x02, 0x04, 0x01, 0x03, 0x01, 0x04, 0x01, 0x00, 0x01, 0x04,
    0x01, 0x00, 0x01, 0x04, 0x01, 0x03, 0x02, 0x04, 0x01, 0x03, 0x01, 0x04, 0x01, 0x01, 0x01, 0x04,
    0x01, 0x00, 0x01, 0x04, 0x01, 0x03, 0x04, 0x04, 0x01, 0x01, 0x01, 0x04, 0x01, 0x00, 0x01, 0x04,
    0x01, 0x03, 0x04, 0x04, 0x01, 0x03, 0x01, 0x04, 0x01, 0x00, 0x01, 0x04, 0x01, 0x03, 0x04, 0x04,
    0x01, 0x03, 0x01, 0x04, 0x01, 0x00, 0x01, 0x04, 0x01, 0x01, 0x02, 0x04, 0x01, 0x01, 0x01, 0x03,
    0x01, 0x00, 0x01, 0x03, 0x01, 0x00, 0x01, 0x03, 0x01, 0x00, 0x02, 0x01, 0x01, 0x00, 0x01, 0x03,
    0x01, 0x00, 0x01, 0x03, 0x01, 0x00, 0x01, 0x03, 0x01, 0x00, 0x04, 0x01, 0x01, 0x00, 0x01, 0x03,
    0x01, 0x00, 0x01, 0x03, 0x01, 0x00, 0x01, 0x01, 0x01, 0x00, 0x02, 0x01, 0x01, 0x00, 0x01, 0x03,
    0x01, 0x00, 0x01, 0x03, 0x01, 0x00, 0x01, 0x03, 0x01, 0x00, 0x02, 0x01, 0x01, 0x00, 0x01, 0x03,
    0x01, 0x00, 0x01, 0x03, 0x01, 0x00, 0x01, 0x03, 0x03, 0x01, 0x01, 0x00, 0x01, 0x03, 0x01, 0x00,
    0x01, 0x03, 0x01, 0x00, 0x01, 0x03, 0x01, 0x00, 0x02, 0x01, 0x01, 0x00, 0x01, 0x03, 0x01, 0x00,
    0x01, 0x03, 0x01, 0x00, 0x01, 0x03, 0x01, 0x00, 0x01, 0x01, 0x01, 0x04, 0x01, 0x03, 0x01, 0x04,
    0x01, 0x01, 0x01, 0x04, 0x01, 0x01, 0x01, 0x04, 0x01, 0x03, 0x02, 0x04, 0x01, 0x03, 0x01, 0x04,
    0x01, 0x00, 0x01, 0x04, 0x01, 0x01, 0x01, 0x04, 0x01, 0x03, 0x02, 0x04, 0x01, 0x03, 0x01, 0x04,
    0x01, 0x01, 0x01, 0x04, 0x01, 0x00, 0x01, 0x04, 0x01, 0x03, 0x02, 0x04, 0x01, 0x03, 0x01, 0x04,
    0x01, 0x01, 0x01, 0x04, 0x01, 0x01, 0x01, 0x04, 0x01, 0x03, 0x02, 0x04, 0x01, 0x03, 0x01, 0x04,
    0x01, 0x01, 0x01, 0x04, 0x01, 0x00, 0x01, 0x04, 0x01, 0x03, 0x04, 0x04, 0x01, 0x03, 0x01, 0x04,
    0x01, 0x00, 0x01, 0x04, 0x01, 0x03, 0x04, 0x04, 0x01, 0x03, 0x01, 0x04, 0x01, 0x00, 0x01, 0x04,
    0x01, 0x03, 0x02, 0x04, 0x40, 0x03, 0x01, 0x04, 0x01, 0x03, 0x01, 0x04, 0x01, 0x01, 0x01, 0x04,
    0x01, 0x01, 0x01, 0x04, 0x01, 0x03, 0x02, 0x04, 0x01, 0x03, 0x01, 0x04, 0x01, 0x00, 0x01, 0x04,
    0x01, 0x01, 0x01, 0x04, 0x01, 0x03, 0x02, 0x04, 0x01, 0x03, 0x01, 0x04, 0x01, 0x01, 0x01, 0x04,
    0x01, 0x00, 0x01, 0x04, 0x01, 0x03, 0x02, 0x04, 0x01, 0x03, 0x01, 0x04, 0x01, 0x01, 0x01, 0x04,
    0x01, 0x01, 0x01, 0x04, 0x01, 0x03, 0x02, 0x04, 0x01, 0x03, 0x01, 0x04, 0x01, 0x01, 0x01, 0x04,
    0x01, 0x01, 0x01, 0x04, 0x01, 0x03, 0x02, 0x04, 0x01, 0x03, 0x01, 0x04, 0x01, 0x03, 0x01, 0x04,
    0x01, 0x00, 0x01, 0x04, 0x01, 0x03, 0x04, 0x04, 0x01, 0x03, 0x01, 0x04, 0x01, 0x01, 0x01, 0x04,
    0x01, 0x03, 0x03, 0x04, 0x01, 0x03, 0x01, 0x04, 0x01, 0x01, 0x01, 0x04, 0x01, 0x01, 0x01, 0x04,
    0x01, 0x03, 0x02, 0x04, 0x01, 0x03, 0x01, 0x04, 0x01, 0x01, 0x01, 0x04, 0x01, 0x01, 0x01, 0x04,
    0x01, 0x03, 0x02, 0x04, 0x01, 0x03, 0x01, 0x04, 0x01, 0x01, 0x01, 0x04, 0x01, 0x01, 0x01, 0x04,
    0x01, 0x03, 0x02, 0x04, 0x01, 0x03, 0x01, 0x04, 0x01, 0x01, 0x01, 0x04, 0x01, 0x01, 0x01, 0x04,
    0x01, 0x03, 0x02, 0x04, 0x01, 0x03, 0x01, 0x04, 0x01, 0x01, 0x01, 0x04, 0x01, 0x01, 0x01, 0x04,
    0x01, 0x03, 0x01, 0x04, 0x02, 0x03, 0x01, 0x04, 0x01, 0x03, 0x01, 0x04, 0x01, 0x01, 0x01, 0x04,
    0x01, 0x03, 0x01, 0x04, 0x02, 0x03, 0x01, 0x04, 0x01, 0x03, 0x01, 0x04, 0x01, 0x01, 0x01, 0x04,
    0x01, 0x03, 0x02, 0x04, 0x03, 0x03, 0x01, 0x01, 0x01, 0x04, 0x07, 0x03, 0x01, 0x01, 0x02, 0x03,
    0x01, 0x04, 0x04, 0x03, 0x01, 0x04, 0x01, 0x01, 0x01, 0x04, 0x01, 0x01, 0x07, 0x03, 0x01, 0x04,
    0x01, 0x01, 0x06, 0x03, 0x01, 0x01, 0x01, 0x03, 0x01, 0x01, 0x01, 0x04, 0x07, 0x03, 0x01, 0x01,
    0x07, 0x03, 0x01, 0x04, 0x01, 0x01, 0x04, 0x03, 0x01, 0x04, 0x01, 0x03, 0x01, 0x04, 0x01, 0x01,
    0x01, 0x04, 0x01, 0x01, 0x01, 0x04, 0x01, 0x03, 0x02, 0x04, 0x01, 0x03, 0x01, 0x04, 0x01, 0x00,
    0x01, 0x04, 0x01, 0x01, 0x01, 0x04, 0x01, 0x03, 0x02, 0x04, 0x01, 0x03, 0x01, 0x04, 0x01, 0x01,
    0x01, 0x04, 0x01, 0x01, 0x01, 0x04, 0x01, 0x03, 0x02, 0x04, 0x01, 0x03, 0x01, 0x04, 0x01, 0x01,
    0x01, 0x04, 0x01, 0x01, 0x01, 0x04, 0x01, 0x03, 0x02, 0x04, 0x01, 0x03, 0x01, 0x04, 0x01, 0x01,
    0x01, 0x04, 0x01, 0x00, 0x01, 0x04, 0x01, 0x03, 0x02, 0x04, 0x01, 0x03, 0x01, 0x04, 0x01, 0x03,
    0x01, 0x04, 0x01, 0x00, 0x01, 0x04, 0x01, 0x03, 0x02, 0x04, 0x01, 0x03, 0x01, 0x04, 0x01, 0x03,
    0x01, 0x04, 0x01, 0x00, 0x01, 0x04, 0x01, 0x01, 0x02, 0x04, 0x01, 0x01, 0x01, 0x03, 0x01, 0x01,
    0x01, 0x03, 0x01, 0x01, 0x01, 0x03, 0x01, 0x01, 0x01, 0x03, 0x02, 0x01, 0x01, 0x03, 0x01, 0x01,
    0x01, 0x03, 0x01, 0x01, 0x01, 0x03, 0x01, 0x01, 0x01, 0x03, 0x02, 0x01, 0x01, 0x03, 0x01, 0x01,
    0x01, 0x03, 0x01, 0x01, 0x01, 0x03, 0x01, 0x01, 0x01, 0x03, 0x02, 0x01, 0x01, 0x03, 0x01, 0x01,
    0x01, 0x03, 0x01, 0x01, 0x01, 0x03, 0x01, 0x01, 0x01, 0x03, 0x02, 0x01, 0x01, 0x03, 0x01, 0x01,
    0x01, 0x03, 0x01, 0x01, 0x01, 0x03, 0x01, 0x01, 0x01, 0x03, 0x02, 0x01, 0x01, 0x03, 0x01, 0x01,
    0x01, 0x03, 0x01, 0x01, 0x01, 0x03, 0x01, 0x01, 0x01, 0x03, 0x02, 0x01, 0x01, 0x03, 0x01, 0x01,
    0x01, 0x03, 0x01, 0x01, 0x01, 0x03, 0x01, 0x01, 0x01, 0x03, 0x02, 0x01, 0x01, 0x04, 0x01, 0x03,
    0x01, 0x04, 0x01, 0x00, 0x01, 0x04, 0x01, 0x01, 0x01, 0x04, 0x01, 0x03, 0x02, 0x04, 0x01, 0x03,
    0x01, 0x04, 0x01, 0x00, 0x01, 0x04, 0x01, 0x01, 0x01, 0x04, 0x01, 0x03, 0x02, 0x04, 0x01, 0x03,
    0x01, 0x04, 0x01, 0x00, 0x01, 0x04, 0x01, 0x00, 0x01, 0x04, 0x01, 0x03, 0x02, 0x04, 0x01, 0x03,
    0x01, 0x04, 0x01, 0x01, 0x01, 0x04, 0x01, 0x00, 0x01, 0x04, 0x01, 0x03, 0x04, 0x04, 0x01, 0x00,
    0x01, 0x04, 0x01, 0x00, 0x01, 0x04, 0x01, 0x03, 0x04, 0x04, 0x01, 0x03, 0x01, 0x04, 0x01, 0x00,
    0x01, 0x04, 0x01, 0x03, 0x04, 0x04, 0x01, 0x03, 0x01, 0x04, 0x01, 0x00, 0x01, 0x04, 0x01, 0x01,
    0x02, 0x04, 0xFF, 0x03, 0xFF, 0x03, 0xD5, 0x03, 0x01, 0x01, 0x01, 0x00, 0x04, 0x01, 0x01, 0x00,
    0x01, 0x01, 0x0A, 0x03, 0x01, 0x01, 0x07, 0x00, 0x25, 0x03, 0x01, 0x01, 0x03, 0x03, 0x04, 0x04,
    0x0A, 0x03, 0x01, 0x01, 0x01, 0x03, 0x06, 0x04, 0x01, 0x03, 0x01, 0x01, 0x24, 0x03, 0x01, 0x00,
    0x01, 0x04, 0x07, 0x05, 0x01, 0x01, 0x08, 0x03, 0x01, 0x00, 0x01, 0x04, 0x07, 0x05, 0x01, 0x03,
    0x01, 0x01, 0x23, 0x03, 0x01, 0x00, 0x01, 0x04, 0x07, 0x05, 0x09, 0x03, 0x01, 0x00, 0x01, 0x04,
    0x07, 0x05, 0x25, 0x03, 0x01, 0x00, 0x01, 0x04, 0x07, 0x05, 0x01, 0x03, 0x01, 0x01, 0x07, 0x03,
    0x01, 0x00, 0x01, 0x04, 0x07, 0x05, 0x02, 0x00, 0x23, 0x03, 0x01, 0x04, 0x08, 0x05, 0x01, 0x04,
    0x08, 0x03, 0x01, 0x00, 0x01, 0x04, 0x07, 0x05, 0x02, 0x04, 0x01, 0x01, 0x1E, 0x03, 0x03, 0x00,
    0x01, 0x03, 0x09, 0x05, 0x0A, 0x00, 0x01, 0x04, 0x09, 0x05, 0x01, 0x00, 0x1D, 0x03, 0x01, 0x00,
    0x01, 0x04, 0x02, 0x05, 0x01, 0x04, 0x1D, 0x05, 0x01, 0x00, 0x1D, 0x03, 0x01, 0x00, 0x21, 0x05,
    0x01, 0x00, 0x1D, 0x03, 0x01, 0x00, 0x21, 0x05, 0x01, 0x00, 0x1D, 0x03, 0x01, 0x00, 0x01, 0x04,
    0x20, 0x05, 0x01, 0x00, 0x1D, 0x03, 0x01, 0x00, 0x01, 0x04, 0x20, 0x05, 0x01, 0x00, 0x1D, 0x03,
    0x01, 0x00, 0x01, 0x04, 0x1F, 0x05, 0x01, 0x04, 0x01, 0x00, 0x1D, 0x03, 0x01, 0x00, 0x01, 0x04,
    0x1C, 0x05, 0x01, 0x04, 0x03, 0x00, 0x1E, 0x03, 0x01, 0x00, 0x01, 0x04, 0x07, 0x05, 0x01, 0x04,
    0x11, 0x05, 0x01, 0x04, 0x02, 0x05, 0x01, 0x04, 0x01, 0x01, 0x20, 0x03, 0x01, 0x00, 0x01, 0x04,
    0x05, 0x05, 0x03, 0x00, 0x0F, 0x05, 0x03, 0x00, 0x02, 0x05, 0x01, 0x04, 0x01, 0x00, 0x20, 0x03,
    0x01, 0x00, 0x01, 0x04, 0x05, 0x05, 0x03, 0x00, 0x0F, 0x05, 0x03, 0x00, 0x02, 0x05, 0x01, 0x04,
    0x01, 0x00, 0x17, 0x03, 0x01, 0x02, 0x08, 0x03, 0x01, 0x00, 0x01, 0x04, 0x05, 0x05, 0x03, 0x00,
    0x0F, 0x05, 0x03, 0x00, 0x02, 0x05, 0x01, 0x04, 0x01, 0x00, 0x20, 0x03, 0x01, 0x00, 0x01, 0x04,
    0x1C, 0x05, 0x01, 0x04, 0x01, 0x00, 0x20, 0x03, 0x01, 0x00, 0x01, 0x04, 0x1C, 0x05, 0x01, 0x04,
    0x01, 0x00, 0x20, 0x03, 0x01, 0x00, 0x01, 0x04, 0x1C, 0x05, 0x01, 0x04, 0x01, 0x00, 0x20, 0x03,
    0x01, 0x00, 0x01, 0x04, 0x1C, 0x05, 0x01, 0x04, 0x01, 0x00, 0x20, 0x03, 0x01, 0x00, 0x01, 0x04,
    0x1C, 0x05, 0x01, 0x04, 0x01, 0x00, 0x20, 0x03, 0x01, 0x00, 0x1D, 0x05, 0x01, 0x04, 0x01, 0x00,
    0x20, 0x03, 0x01, 0x00, 0x1D, 0x05, 0x01, 0x04, 0x01, 0x00, 0x11, 0x03, 0x01, 0x01, 0x01, 0x00,
    0x0D, 0x03, 0x01, 0x00, 0x1D, 0x05, 0x01, 0x04, 0x01, 0x00, 0x10, 0x03, 0x01, 0x00, 0x01, 0x04,
    0x01, 0x05, 0x0D, 0x03, 0x01, 0x00, 0x1D, 0x05, 0x01, 0x04, 0x01, 0x00, 0x10, 0x03, 0x01, 0x00,
    0x01, 0x04, 0x01, 0x05, 0x0D, 0x03, 0x01, 0x00, 0x1D, 0x05, 0x01, 0x04, 0x01, 0x00, 0x0E, 0x03,
    0x01, 0x00, 0x01, 0x03, 0x03, 0x05, 0x0D, 0x03, 0x01, 0x00, 0x1D, 0x05, 0x01, 0x04, 0x01, 0x00,
    0x0E, 0x03, 0x02, 0x04, 0x03, 0x05, 0x0D, 0x03, 0x01, 0x00, 0x1D, 0x05, 0x01, 0x04, 0x01, 0x00,
    0x0C, 0x03, 0x02, 0x00, 0x04, 0x05, 0x0E, 0x03, 0x01, 0x00, 0x1D, 0x05, 0x01, 0x04, 0x01, 0x00,
    0x0C, 0x03, 0x02, 0x04, 0x03, 0x05, 0x01, 0x04, 0x01, 0x01, 0x0D, 0x03, 0x01, 0x00, 0x04, 0x05,
    0x01, 0x03, 0x02, 0x00, 0x01, 0x04, 0x03, 0x05, 0x01, 0x04, 0x06, 0x00, 0x04, 0x05, 0x01, 0x01,
    0x02, 0x00, 0x01, 0x04, 0x03, 0x05, 0x01, 0x04, 0x01, 0x00, 0x0A, 0x03, 0x02, 0x00, 0x01, 0x04,
    0x03, 0x05, 0x01, 0x03, 0x01, 0x00, 0x0E, 0x03, 0x01, 0x00, 0x01, 0x04, 0x03, 0x05, 0x01, 0x04,
    0x01, 0x03, 0x01, 0x00, 0x01, 0x04, 0x03, 0x05, 0x01, 0x04, 0x01, 0x00, 0x04, 0x03, 0x01, 0x00,
    0x04, 0x05, 0x02, 0x03, 0x01, 0x00, 0x01, 0x04, 0x03, 0x05, 0x01, 0x04, 0x01, 0x00, 0x09, 0x03,
    0x01, 0x01, 0x02, 0x04, 0x02, 0x05, 0x02, 0x04, 0x10, 0x03, 0x01, 0x00, 0x01, 0x04, 0x03, 0x05,
    0x02, 0x03, 0x01, 0x00, 0x01, 0x04, 0x03, 0x05, 0x01, 0x04, 0x01, 0x00, 0x04, 0x03, 0x01, 0x00,
    0x04, 0x05, 0x02, 0x03, 0x01, 0x00, 0x01, 0x04, 0x03, 0x05, 0x01, 0x04, 0x01, 0x00, 0x01, 0x03,
    0x01, 0x01, 0x08, 0x00, 0x01, 0x04, 0x03, 0x05, 0x01, 0x04, 0x01, 0x00, 0x10, 0x03, 0x01, 0x00,
    0x01, 0x04, 0x03, 0x05, 0x02, 0x03, 0x01, 0x00, 0x01, 0x04, 0x03, 0x05, 0x01, 0x04, 0x01, 0x00,
    0x04, 0x03, 0x01, 0x00, 0x04, 0x05, 0x02, 0x03, 0x01, 0x00, 0x01, 0x04, 0x03, 0x05, 0x01, 0x04,
    0x02, 0x00, 0x01, 0x04, 0x02, 0x05, 0x02, 0x04, 0x02, 0x05, 0x02, 0x04, 0x02, 0x05, 0x03, 0x04,
    0x11, 0x03, 0x01, 0x00, 0x04, 0x05, 0x02, 0x03, 0x01, 0x00, 0x01, 0x04, 0x03, 0x05, 0x01, 0x04,
    0x01, 0x00, 0x04, 0x03, 0x01, 0x00, 0x04, 0x05, 0x02, 0x03, 0x01, 0x00, 0x01, 0x04, 0x03, 0x05,
    0x01, 0x04, 0x02, 0x00, 0x01, 0x04, 0x0A, 0x05, 0x01, 0x04, 0x01, 0x00, 0x12, 0x03, 0x01, 0x00,
    0x04, 0x05, 0x02, 0x03, 0x01, 0x00, 0x01, 0x04, 0x03, 0x05, 0x01, 0x04, 0x01, 0x00, 0x04, 0x03,
    0x01, 0x00, 0x04, 0x05, 0x02, 0x03, 0x01, 0x00, 0x04, 0x05, 0x01, 0x04, 0x01, 0x00, 0x02, 0x03,
    0x0A, 0x04, 0x07, 0x03, 0x01, 0x01, 0x01, 0x03, 0x01, 0x00, 0x01, 0x03, 0x01, 0x00, 0x01, 0x03,
    0x01, 0x00, 0x02, 0x01, 0x01, 0x00, 0x01, 0x01, 0x01, 0x00, 0x01, 0x03, 0x01, 0x00, 0x01, 0x04,
    0x03, 0x05, 0x02, 0x03, 0x01, 0x00, 0x01, 0x04, 0x03, 0x05, 0x01, 0x04, 0x01, 0x00, 0x02, 0x01,
    0x01, 0x00, 0x01, 0x03, 0x01, 0x00, 0x04, 0x05, 0x02, 0x03, 0x01, 0x00, 0x01, 0x04, 0x03, 0x05,
    0x01, 0x04, 0x01, 0x00, 0x01, 0x03, 0x01, 0x01, 0x03, 0x00, 0x01, 0x01, 0x06, 0x00, 0x01, 0x01,
    0x01, 0x00, 0x01, 0x03, 0x01, 0x00, 0x01, 0x03, 0x01, 0x00, 0x01, 0x01, 0x01, 0x04, 0x01, 0x03,
    0x01, 0x04, 0x01, 0x01, 0x01, 0x04, 0x01, 0x01, 0x01, 0x04, 0x01, 0x03, 0x02, 0x04, 0x01, 0x03,
    0x01, 0x04, 0x01, 0x00, 0x01, 0x04, 0x01, 0x00, 0x01, 0x04, 0x01, 0x03, 0x02, 0x04, 0x01, 0x03,
    0x01, 0x04, 0x01, 0x00, 0x01, 0x04, 0x01, 0x00, 0x01, 0x04, 0x01, 0x03, 0x02, 0x04, 0x01, 0x03,
    0x01, 0x04, 0x01, 0x01, 0x01, 0x04, 0x01, 0x00, 0x01, 0x04, 0x01, 0x02, 0x02, 0x04, 0x01, 0x03,
    0x01, 0x04, 0x01, 0x00, 0x01, 0x04, 0x01, 0x00, 0x01, 0x04, 0x01, 0x03, 0x01, 0x04, 0x02, 0x03,
    0x01, 0x04, 0x01, 0x03, 0x01, 0x04, 0x01, 0x01, 0x01, 0x04, 0x01, 0x03, 0x02, 0x04, 0x01, 0x03,
    0x01, 0x04, 0x01, 0x03, 0x01, 0x04, 0x01, 0x01, 0x01, 0x04, 0x01, 0x01, 0x03, 0x04, 0x01, 0x03,
    0x01, 0x04, 0x01, 0x01, 0x01, 0x04, 0x01, 0x03, 0x01, 0x04, 0x02, 0x03, 0x01, 0x04, 0x01, 0x03,
    0x01, 0x04, 0x01, 0x01, 0x01, 0x04, 0x01, 0x01, 0x01, 0x04, 0x02, 0x03, 0x01, 0x04, 0x01, 0x03,
    0x01, 0x04, 0x01, 0x01, 0x01, 0x04, 0x01, 0x01, 0x01, 0x04, 0x01, 0x03, 0x02, 0x04, 0x01, 0x03,
    0x01, 0x04, 0x01, 0x01, 0x01, 0x04, 0x01, 0x01, 0x01, 0x04, 0x01, 0x03, 0x01, 0x04, 0x02, 0x03,
    0x01, 0x04, 0x01, 0x01, 0x01, 0x04, 0x01, 0x01, 0x01, 0x04, 0x01, 0x03, 0x01, 0x04, 0x02, 0x03,
    0x01, 0x04, 0x01, 0x03, 0x01, 0x04, 0x01, 0x01, 0x01, 0x04, 0x01, 0x03, 0x01, 0x04, 0x02, 0x03,
    0x01, 0x04, 0x01, 0x03, 0x01, 0x04, 0x01, 0x01, 0x01, 0x04, 0x01, 0x02, 0x01, 0x04, 0x0D, 0x03,
    0x01, 0x01, 0x08, 0x03, 0x01, 0x02, 0x0A, 0x03, 0x01, 0x02, 0x08, 0x03, 0x01, 0x02, 0x08, 0x03,
    0x01, 0x01, 0x08, 0x03, 0x01, 0x01, 0x04, 0x03, 0x01, 0x04, 0x01, 0x03, 0x01, 0x04, 0x01, 0x00,
    0x01, 0x04, 0x01, 0x01, 0x01, 0x04, 0x01, 0x03, 0x02, 0x04, 0x01, 0x03, 0x01, 0x04, 0x01, 0x00,
    0x01, 0x04, 0x01, 0x01, 0x01, 0x04, 0x01, 0x03, 0x02, 0x04, 0x01, 0x03, 0x01, 0x04, 0x01, 0x01,
    0x01, 0x04, 0x01, 0x00, 0x01, 0x04, 0x01, 0x03, 0x02, 0x04, 0x01, 0x03, 0x01, 0x04, 0x01, 0x01,
    0x01, 0x04, 0x01, 0x00, 0x01, 0x04, 0x01, 0x03, 0x02, 0x04, 0x01, 0x03, 0x01, 0x04, 0x01, 0x01,
    0x01, 0x04, 0x01, 0x00, 0x01, 0x04, 0x01, 0x03, 0x04, 0x04, 0x01, 0x03, 0x01, 0x04, 0x01, 0x00,
    0x01, 0x04, 0x01, 0x03, 0x04, 0x04, 0x01, 0x03, 0x01, 0x04, 0x01, 0x00, 0x01, 0x04, 0x01, 0x01,
    0x02, 0x04, 0x01, 0x01, 0x01, 0x03, 0x01, 0x01, 0x01, 0x03, 0x01, 0x01, 0x01, 0x03, 0x01, 0x01,
    0x01, 0x03, 0x02, 0x01, 0x01, 0x03, 0x01, 0x01, 0x01, 0x03, 0x01, 0x02, 0x01, 0x03, 0x01, 0x01,
    0x01, 0x03, 0x02, 0x01, 0x01, 0x03, 0x01, 0x01, 0x01, 0x03, 0x01, 0x01, 0x01, 0x03, 0x01, 0x01,
    0x04, 0x03, 0x01, 0x01, 0x01, 0x03, 0x01, 0x01, 0x01, 0x03, 0x01, 0x01, 0x01, 0x03, 0x02, 0x01,
    0x01, 0x03, 0x01, 0x01, 0x01, 0x03, 0x01, 0x01, 0x01, 0x03, 0x01, 0x01, 0x04, 0x03, 0x01, 0x01,
    0x01, 0x03, 0x01, 0x01, 0x01, 0x03, 0x01, 0x01, 0x01, 0x03, 0x01, 0x01, 0x02, 0x03, 0x01, 0x01,
    0x01, 0x03, 0x01, 0x01, 0x01, 0x03, 0x01, 0x01, 0x03, 0x03, 0x01, 0x04, 0x01, 0x03, 0x01, 0x04,
    0x01, 0x00, 0x01, 0x04, 0x01, 0x01, 0x01, 0x04, 0x01, 0x03, 0x02, 0x04, 0x01, 0x03, 0x01, 0x04,
    0x01, 0x00, 0x01, 0x04, 0x01, 0x01, 0x01, 0x04, 0x01, 0x03, 0x02, 0x04, 0x01, 0x03, 0x01, 0x04,
    0x01, 0x00, 0x01, 0x04, 0x01, 0x00, 0x01, 0x04, 0x01, 0x03, 0x02, 0x04, 0x01, 0x03, 0x01, 0x04,
    0x01, 0x01, 0x01, 0x04, 0x01, 0x00, 0x01, 0x04, 0x01, 0x03, 0x04, 0x04, 0x01, 0x01, 0x01, 0x04,
    0x01, 0x00, 0x01, 0x04, 0x01, 0x03, 0x04, 0x04, 0x01, 0x03, 0x01, 0x04, 0x01, 0x00, 0x01, 0x04,
    0x01, 0x03, 0x04, 0x04, 0x01, 0x03, 0x01, 0x04, 0x01, 0x00, 0x01, 0x04, 0x01, 0x01, 0x02, 0x04,
    0x01, 0x01, 0x01, 0x03, 0x01, 0x00, 0x01, 0x03, 0x01, 0x00, 0x01, 0x03, 0x01, 0x00, 0x02, 0x01,
    0x01, 0x00, 0x01, 0x01, 0x01, 0x00, 0x01, 0x03, 0x01, 0x00, 0x01, 0x03, 0x01, 0x00, 0x04, 0x01,
    0x01, 0x00, 0x01, 0x03, 0x01, 0x00, 0x01, 0x03, 0x01, 0x00, 0x04, 0x01, 0x01, 0x00, 0x01, 0x03,
    0x01, 0x00, 0x01, 0x03, 0x01, 0x00, 0x01, 0x03, 0x03, 0x01, 0x01, 0x00, 0x01, 0x03, 0x01, 0x00,
    0x01, 0x03, 0x01, 0x00, 0x01, 0x03, 0x01, 0x00, 0x02, 0x01, 0x01, 0x00, 0x01, 0x03, 0x01, 0x00,
    0x01, 0x03, 0x01, 0x00, 0x01, 0x03, 0x01, 0x00, 0x02, 0x01, 0x01, 0x00, 0x01, 0x03, 0x01, 0x00,
    0x01, 0x03, 0x01, 0x00, 0x01, 0x03, 0x01, 0x00, 0x01, 0x01, 0x01, 0x04, 0x01, 0x03, 0x01, 0x04,
    0x01, 0x01, 0x01, 0x04, 0x01, 0x01, 0x01, 0x04, 0x01, 0x03, 0x02, 0x04, 0x01, 0x03, 0x01, 0x04,
    0x01, 0x00, 0x01, 0x04, 0x01, 0x01, 0x01, 0x04, 0x01, 0x03, 0x02, 0x04, 0x01, 0x03, 0x01, 0x04,
    0x01, 0x01, 0x01, 0x04, 0x01, 0x00, 0x01, 0x04, 0x01, 0x03, 0x02, 0x04, 0x01, 0x03, 0x01, 0x04,
    0x01, 0x01, 0x01, 0x04, 0x01, 0x00, 0x01, 0x04, 0x01, 0x03, 0x02, 0x04, 0x01, 0x03, 0x01, 0x04,
    0x01, 0x01, 0x01, 0x04, 0x01, 0x00, 0x01, 0x04, 0x01, 0x03, 0x04, 0x04, 0x01, 0x03, 0x01, 0x04,
    0x01, 0x00, 0x01, 0x04, 0x01, 0x03, 0x04, 0x04, 0x01, 0x03, 0x01, 0x04, 0x01, 0x00, 0x01, 0x04,
    0x01, 0x01, 0x02, 0x04, 0x40, 0x03, 0x01, 0x04, 0x01, 0x03, 0x01, 0x04, 0x01, 0x01, 0x01, 0x04,
    0x01, 0x01, 0x01, 0x04, 0x01, 0x03, 0x02, 0x04, 0x01, 0x03, 0x01, 0x04, 0x01, 0x00, 0x01, 0x04,
    0x01, 0x01, 0x01, 0x04, 0x01, 0x03, 0x02, 0x04, 0x01, 0x03, 0x01, 0x04, 0x01, 0x01, 0x01, 0x04,
    0x01, 0x01, 0x01, 0x04, 0x01, 0x03, 0x02, 0x04, 0x01, 0x03, 0x01, 0x04, 0x01, 0x01, 0x01, 0x04,
    0x01, 0x01, 0x01, 0x04, 0x01, 0x03, 0x02, 0x04, 0x01, 0x03, 0x01, 0x04, 0x01, 0x01, 0x01, 0x04,
    0x01, 0x00, 0x01, 0x04, 0x01, 0x03, 0x02, 0x04, 0x01, 0x03, 0x01, 0x04, 0x01, 0x03, 0x01, 0x04,
    0x01, 0x00, 0x01, 0x04, 0x01, 0x03, 0x04, 0x04, 0x01, 0x03, 0x01, 0x04, 0x01, 0x01, 0x01, 0x04,
    0x01, 0x02, 0x03, 0x04, 0x01, 0x03, 0x01, 0x04, 0x01, 0x01, 0x01, 0x04, 0x01, 0x01, 0x01, 0x04,
    0x01, 0x03, 0x02, 0x04, 0x01, 0x03, 0x01, 0x04, 0x01, 0x01, 0x01, 0x04, 0x01, 0x01, 0x01, 0x04,
    0x02, 0x03, 0x01, 0x04, 0x01, 0x03, 0x01, 0x04, 0x01, 0x01, 0x01, 0x04, 0x01, 0x01, 0x01, 0x04,
    0x01, 0x03, 0x02, 0x04, 0x01, 0x03, 0x01, 0x04, 0x01, 0x01, 0x01, 0x04, 0x01, 0x01, 0x01, 0x04,
    0x01, 0x03, 0x01, 0x04, 0x02, 0x03, 0x01, 0x04, 0x01, 0x01, 0x01, 0x04, 0x01, 0x01, 0x01, 0x04,
    0x01, 0x03, 0x01, 0x04, 0x02, 0x03, 0x01, 0x04, 0x01, 0x03, 0x01, 0x04, 0x01, 0x00, 0x01, 0x04,
    0x01, 0x03, 0x01, 0x04, 0x02, 0x03, 0x01, 0x04, 0x01, 0x03, 0x01, 0x04, 0x01, 0x01, 0x01, 0x04,
    0x01, 0x03, 0x01, 0x04, 0x04, 0x03, 0x01, 0x01, 0x01, 0x04, 0x07, 0x03, 0x01, 0x01, 0x01, 0x03,
    0x01, 0x01, 0x06, 0x03, 0x01, 0x01, 0x01, 0x04, 0x01, 0x01, 0x07, 0x03, 0x01, 0x04, 0x01, 0x01,
    0x06, 0x03, 0x01, 0x01, 0x01, 0x04, 0x01, 0x01, 0x01, 0x04, 0x07, 0x03, 0x01, 0x01, 0x07, 0x03,
    0x01, 0x04, 0x01, 0x01, 0x01, 0x04, 0x03, 0x03, 0x01, 0x04, 0x01, 0x03, 0x01, 0x04, 0x01, 0x01,
    0x01, 0x04, 0x01, 0x01, 0x01, 0x04, 0x01, 0x03, 0x02, 0x04, 0x01, 0x03, 0x01, 0x04, 0x01, 0x00,
    0x01, 0x04, 0x01, 0x01, 0x01, 0x04, 0x01, 0x03, 0x02, 0x04, 0x01, 0x03, 0x01, 0x04, 0x01, 0x01,
    0x01, 0x04, 0x01, 0x01, 0x01, 0x04, 0x01, 0x03, 0x02, 0x04, 0x01, 0x03, 0x01, 0x04, 0x01, 0x01,
    0x01, 0x04, 0x01, 0x01, 0x01, 0x04, 0x01, 0x03, 0x02, 0x04, 0x01, 0x03, 0x01, 0x04, 0x01, 0x01,
    0x01, 0x04, 0x01, 0x00, 0x01, 0x04, 0x01, 0x03, 0x02, 0x04, 0x01, 0x03, 0x01, 0x04, 0x01, 0x03,
    0x01, 0x04, 0x01, 0x00, 0x01, 0x04, 0x01, 0x03, 0x04, 0x04, 0x01, 0x03, 0x01, 0x04, 0x01, 0x00,
    0x01, 0x04, 0x01, 0x01, 0x02, 0x04, 0x01, 0x01, 0x01, 0x03, 0x01, 0x01, 0x01, 0x03, 0x01, 0x01,
    0x01, 0x03, 0x01, 0x01, 0x01, 0x03, 0x02, 0x01, 0x01, 0x03, 0x01, 0x01, 0x01, 0x03, 0x01, 0x01,
    0x01, 0x03, 0x01, 0x01, 0x01, 0x03, 0x02, 0x01, 0x01, 0x03, 0x01, 0x01, 0x01, 0x03, 0x01, 0x01,
    0x01, 0x03, 0x01, 0x01, 0x01, 0x03, 0x02, 0x01, 0x01, 0x03, 0x01, 0x01, 0x01, 0x03, 0x01, 0x01,
    0x01, 0x03, 0x01, 0x01, 0x01, 0x03, 0x02, 0x01, 0x01, 0x03, 0x01, 0x01, 0x01, 0x03, 0x01, 0x01,
    0x01, 0x03, 0x01, 0x01, 0x01, 0x03, 0x02, 0x01, 0x01, 0x03, 0x01, 0x01, 0x01, 0x03, 0x01, 0x01,
    0x01, 0x03, 0x01, 0x01, 0x01, 0x03, 0x04, 0x01, 0x01, 0x03, 0x01, 0x01, 0x01, 0x03, 0x01, 0x01,
    0x01, 0x03, 0x02, 0x01, 0x01, 0x04, 0x01, 0x03, 0x01, 0x04, 0x01, 0x00, 0x01, 0x04, 0x01, 0x01,
    0x01, 0x04, 0x01, 0x03, 0x02, 0x04, 0x01, 0x03, 0x01, 0x04, 0x01, 0x00, 0x01, 0x04, 0x01, 0x01,
    0x01, 0x04, 0x01, 0x03, 0x02, 0x04, 0x01, 0x03, 0x01, 0x04, 0x01, 0x00, 0x01, 0x04, 0x01, 0x00,
    0x01, 0x04, 0x01, 0x03, 0x02, 0x04, 0x01, 0x03, 0x01, 0x04, 0x01, 0x01, 0x01, 0x04, 0x01, 0x00,
    0x01, 0x04, 0x01, 0x03, 0x04, 0x04, 0x01, 0x01, 0x01, 0x04, 0x01, 0x00, 0x01, 0x04, 0x01, 0x03,
    0x04, 0x04, 0x01, 0x03, 0x01, 0x04, 0x01, 0x00, 0x01, 0x04, 0x01, 0x03, 0x04, 0x04, 0x01, 0x03,
    0x01, 0x04, 0x01, 0x00, 0x01, 0x04, 0x01, 0x01, 0x02, 0x04, 0xFF, 0x03, 0xFF, 0x03, 0xD5, 0x03,
    0x01, 0x01, 0x02, 0x00, 0x01, 0x01, 0x03, 0x00, 0x01, 0x01, 0x0A, 0x03, 0x01, 0x01, 0x07, 0x00,
    0x25, 0x03, 0x01, 0x01, 0x03, 0x03, 0x04, 0x04, 0x0A, 0x03, 0x01, 0x01, 0x01, 0x03, 0x06, 0x04,
    0x01, 0x03, 0x01, 0x01, 0x24, 0x03, 0x01, 0x00, 0x01, 0x04, 0x07, 0x05, 0x01, 0x02, 0x08, 0x03,
    0x01, 0x00, 0x01, 0x04, 0x07, 0x05, 0x01, 0x03, 0x01, 0x01, 0x23, 0x03, 0x01, 0x00, 0x01, 0x04,
    0x07, 0x05, 0x09, 0x03, 0x01, 0x00, 0x01, 0x04, 0x07, 0x05, 0x01, 0x04, 0x24, 0x03, 0x01, 0x00,
    0x01, 0x04, 0x07, 0x05, 0x01, 0x03, 0x01, 0x01, 0x07, 0x03, 0x01, 0x00, 0x01, 0x04, 0x07, 0x05,
    0x02, 0x00, 0x23, 0x03, 0x01, 0x04, 0x08, 0x05, 0x09, 0x03, 0x01, 0x00, 0x01, 0x04, 0x07, 0x05,
    0x02, 0x04, 0x01, 0x00, 0x1E, 0x03, 0x03, 0x00, 0x01, 0x03, 0x09, 0x05, 0x0A, 0x00, 0x01, 0x04,
    0x09, 0x05, 0x01, 0x00, 0x1D, 0x03, 0x01, 0x00, 0x01, 0x04, 0x02, 0x05, 0x01, 0x04, 0x1D, 0x05,
    0x01, 0x00, 0x1D, 0x03, 0x01, 0x00, 0x21, 0x05, 0x01, 0x00, 0x1D, 0x03, 0x01, 0x00, 0x21, 0x05,
    0x01, 0x00, 0x1D, 0x03, 0x01, 0x00, 0x01, 0x04, 0x20, 0x05, 0x01, 0x00, 0x1D, 0x03, 0x01, 0x00,
    0x01, 0x04, 0x20, 0x05, 0x01, 0x00, 0x1D, 0x03, 0x01, 0x00, 0x01, 0x04, 0x1F, 0x05, 0x01, 0x04,
    0x01, 0x00, 0x1D, 0x03, 0x01, 0x00, 0x01, 0x04, 0x1C, 0x05, 0x01, 0x04, 0x03, 0x00, 0x1E, 0x03,
    0x01, 0x00, 0x01, 0x04, 0x07, 0x05, 0x01, 0x04, 0x11, 0x05, 0x01, 0x04, 0x02, 0x05, 0x01, 0x04,
    0x01, 0x00, 0x20, 0x03, 0x01, 0x00, 0x01, 0x04, 0x05, 0x05, 0x03, 0x00, 0x0F, 0x05, 0x03, 0x00,
    0x02, 0x05, 0x01, 0x04, 0x01, 0x00, 0x20, 0x03, 0x01, 0x00, 0x01, 0x04, 0x05, 0x05, 0x03, 0x00,
    0x0F, 0x05, 0x03, 0x00, 0x02, 0x05, 0x01, 0x04, 0x01, 0x00, 0x17, 0x03, 0x01, 0x02, 0x08, 0x03,
    0x01, 0x00, 0x01, 0x04, 0x05, 0x05, 0x03, 0x00, 0x0F, 0x05, 0x03, 0x00, 0x02, 0x05, 0x01, 0x04,
    0x01, 0x00, 0x20, 0x03, 0x01, 0x00, 0x01, 0x04, 0x1C, 0x05, 0x01, 0x04, 0x01, 0x00, 0x20, 0x03,
    0x01, 0x00, 0x01, 0x04, 0x1C, 0x05, 0x01, 0x04, 0x01, 0x00, 0x20, 0x03, 0x01, 0x00, 0x01, 0x04,
    0x1C, 0x05, 0x01, 0x04, 0x01, 0x00, 0x20, 0x03, 0x01, 0x00, 0x01, 0x04, 0x1C, 0x05, 0x01, 0x04,
    0x01, 0x00, 0x20, 0x03, 0x01, 0x00, 0x01, 0x04, 0x1C, 0x05, 0x01, 0x04, 0x01, 0x00, 0x20, 0x03,
    0x01, 0x00, 0x1D, 0x05, 0x01, 0x04, 0x01, 0x00, 0x20, 0x03, 0x01, 0x00, 0x1D, 0x05, 0x01, 0x04,
    0x01, 0x00, 0x11, 0x03, 0x01, 0x01, 0x01, 0x00, 0x0D, 0x03, 0x01, 0x00, 0x1D, 0x05, 0x01, 0x04,
    0x01, 0x00, 0x10, 0x03, 0x01, 0x00, 0x01, 0x04, 0x01, 0x05, 0x0D, 0x03, 0x01, 0x00, 0x1D, 0x05,
    0x01, 0x04, 0x01, 0x00, 0x10, 0x03, 0x01, 0x00, 0x01, 0x04, 0x01, 0x05, 0x0D, 0x03, 0x01, 0x00,
    0x1D, 0x05, 0x01, 0x04, 0x01, 0x00, 0x0E, 0x03, 0x01, 0x00, 0x01, 0x03, 0x03, 0x05, 0x0D, 0x03,
    0x01, 0x00, 0x1D, 0x05, 0x01, 0x04, 0x01, 0x00, 0x0E, 0x03, 0x02, 0x04, 0x03, 0x05, 0x0D, 0x03,
    0x01, 0x00, 0x1D, 0x05, 0x01, 0x04, 0x01, 0x00, 0x0C, 0x03, 0x02, 0x00, 0x04, 0x05, 0x0E, 0x03,
    0x01, 0x00, 0x1D, 0x05, 0x01, 0x04, 0x01, 0x00, 0x0C, 0x03, 0x02, 0x04, 0x03, 0x05, 0x01, 0x04,
    0x01, 0x02, 0x0D, 0x03, 0x01, 0x00, 0x04, 0x05, 0x01, 0x03, 0x02, 0x00, 0x01, 0x04, 0x03, 0x05,
    0x01, 0x04, 0x06, 0x00, 0x04, 0x05, 0x01, 0x02, 0x02, 0x00, 0x01, 0x04, 0x03, 0x05, 0x01, 0x04,
    0x01, 0x00, 0x0A, 0x03, 0x02, 0x00, 0x01, 0x04, 0x03, 0x05, 0x01, 0x03, 0x01, 0x00, 0x0E, 0x03,
    0x01, 0x00, 0x01, 0x04, 0x03, 0x05, 0x01, 0x04, 0x01, 0x03, 0x01, 0x00, 0x01, 0x04, 0x03, 0x05,
    0x01, 0x04, 0x01, 0x00, 0x04, 0x03, 0x01, 0x00, 0x04, 0x05, 0x02, 0x03, 0x01, 0x00, 0x01, 0x04,
    0x03, 0x05, 0x01, 0x04, 0x01, 0x00, 0x09, 0x03, 0x01, 0x01, 0x02, 0x04, 0x02, 0x05, 0x02, 0x04,
    0x10, 0x03, 0x01, 0x00, 0x01, 0x04, 0x03, 0x05, 0x02, 0x03, 0x01, 0x00, 0x01, 0x04, 0x03, 0x05,
    0x01, 0x04, 0x01, 0x00, 0x04, 0x03, 0x01, 0x00, 0x04, 0x05, 0x02, 0x03, 0x01, 0x00, 0x01, 0x04,
    0x03, 0x05, 0x01, 0x04, 0x01, 0x00, 0x01, 0x03, 0x01, 0x01, 0x08, 0x00, 0x01, 0x04, 0x03, 0x05,
    0x01, 0x04, 0x01, 0x00, 0x10, 0x03, 0x01, 0x00, 0x01, 0x04, 0x03, 0x05, 0x02, 0x03, 0x01, 0x00,
    0x01, 0x04, 0x03, 0x05, 0x01, 0x04, 0x01, 0x00, 0x04, 0x03, 0x01, 0x00, 0x04, 0x05, 0x02, 0x03,
    0x01, 0x00, 0x01, 0x04, 0x03, 0x05, 0x01, 0x04, 0x02, 0x00, 0x01, 0x04, 0x02, 0x05, 0x03, 0x04,
    0x01, 0x05, 0x02, 0x04, 0x02, 0x05, 0x03, 0x04, 0x11, 0x03, 0x01, 0x00, 0x01, 0x04, 0x03, 0x05,
    0x02, 0x03, 0x01, 0x00, 0x01, 0x04, 0x03, 0x05, 0x01, 0x04, 0x01, 0x00, 0x04, 0x03, 0x01, 0x00,
    0x04, 0x05, 0x02, 0x03, 0x01, 0x00, 0x01, 0x04, 0x03, 0x05, 0x01, 0x04, 0x02, 0x00, 0x01, 0x04,
    0x0A, 0x05, 0x01, 0x04, 0x01, 0x00, 0x12, 0x03, 0x01, 0x00, 0x04, 0x05, 0x02, 0x03, 0x01, 0x00,
    0x01, 0x04, 0x03, 0x05, 0x01, 0x04, 0x01, 0x00, 0x04, 0x03, 0x01, 0x00, 0x04, 0x05, 0x02, 0x03,
    0x01, 0x00, 0x04, 0x05, 0x01, 0x04, 0x01, 0x00, 0x02, 0x03, 0x0A, 0x04, 0x07, 0x03, 0x01, 0x01,
    0x01, 0x03, 0x01, 0x00, 0x01, 0x03, 0x01, 0x00, 0x01, 0x03, 0x01, 0x00, 0x02, 0x01, 0x01, 0x00,
    0x01, 0x01, 0x01, 0x00, 0x01, 0x03, 0x01, 0x00, 0x01, 0x04, 0x03, 0x05, 0x01, 0x03, 0x01, 0x01,
    0x01, 0x00, 0x01, 0x04, 0x03, 0x05, 0x01, 0x04, 0x01, 0x00, 0x02, 0x01, 0x01, 0x00, 0x01, 0x03,
    0x01, 0x00, 0x04, 0x05, 0x02, 0x03, 0x01, 0x00, 0x01, 0x04, 0x03, 0x05, 0x01, 0x04, 0x01, 0x00,
    0x01, 0x03, 0x01, 0x01, 0x0A, 0x00, 0x01, 0x01, 0x01, 0x00, 0x01, 0x03, 0x01, 0x00, 0x01, 0x03,
    0x01, 0x00, 0x01, 0x01, 0x01, 0x04, 0x01, 0x03, 0x01, 0x04, 0x01, 0x01, 0x01, 0x04, 0x01, 0x01,
    0x01, 0x04, 0x01, 0x03, 0x02, 0x04, 0x01, 0x03, 0x01, 0x04, 0x01, 0x00, 0x01, 0x04, 0x01, 0x00,
    0x01, 0x04, 0x01, 0x03, 0x02, 0x04, 0x01, 0x03, 0x01, 0x04, 0x01, 0x00, 0x01, 0x04, 0x01, 0x00,
    0x01, 0x04, 0x01, 0x03, 0x02, 0x04, 0x01, 0x03, 0x01, 0x04, 0x01, 0x01, 0x01, 0x04, 0x01, 0x00,
    0x01, 0x04, 0x01, 0x02, 0x02, 0x04, 0x01, 0x03, 0x01, 0x04, 0x01, 0x00, 0x01, 0x04, 0x01, 0x00,
    0x01, 0x04, 0x01, 0x03, 0x01, 0x04, 0x02, 0x03, 0x01, 0x04, 0x01, 0x03, 0x01, 0x04, 0x01, 0x01,
    0x01, 0x04, 0x01, 0x03, 0x02, 0x04, 0x01, 0x03, 0x01, 0x04, 0x01, 0x03, 0x01, 0x04, 0x01, 0x01,
    0x01, 0x04, 0x01, 0x01, 0x02, 0x04, 0x02, 0x03, 0x01, 0x04, 0x01, 0x01, 0x01, 0x04, 0x01, 0x03,
    0x01, 0x04, 0x02, 0x03, 0x01, 0x04, 0x01, 0x03, 0x01, 0x04, 0x01, 0x01, 0x01, 0x04, 0x01, 0x01,
    0x01, 0x04, 0x02, 0x03, 0x01, 0x04, 0x01, 0x03, 0x01, 0x04, 0x01, 0x01, 0x01, 0x04, 0x01, 0x01,
    0x01, 0x04, 0x01, 0x03, 0x01, 0x04, 0x02, 0x03, 0x01, 0x04, 0x01, 0x01, 0x01, 0x04, 0x01, 0x01,
    0x01, 0x04, 0x01, 0x03, 0x01, 0x04, 0x02, 0x03, 0x01, 0x04, 0x01, 0x01, 0x01, 0x04, 0x01, 0x01,
    0x01, 0x04, 0x01, 0x03, 0x01, 0x04, 0x02, 0x03, 0x01, 0x04, 0x01, 0x03, 0x01, 0x04, 0x01, 0x01,
    0x01, 0x04, 0x01, 0x03, 0x01, 0x04, 0x02, 0x03, 0x01, 0x04, 0x01, 0x03, 0x01, 0x04, 0x01, 0x01,
    0x01, 0x04, 0x01, 0x02, 0x01, 0x04, 0x0D, 0x03, 0x01, 0x01, 0x08, 0x03, 0x01, 0x02, 0x0A, 0x03,
    0x01, 0x02, 0x08, 0x03, 0x01, 0x02, 0x08, 0x03, 0x01, 0x01, 0x08, 0x03, 0x01, 0x01, 0x04, 0x03,
    0x01, 0x04, 0x01, 0x03, 0x01, 0x04, 0x01, 0x00, 0x01, 0x04, 0x01, 0x01, 0x01, 0x04, 0x01, 0x03,
    0x02, 0x04, 0x01, 0x03, 0x01, 0x04, 0x01, 0x00, 0x01, 0x04, 0x01, 0x01, 0x01, 0x04, 0x01, 0x03,
    0x02, 0x04, 0x01, 0x03, 0x01, 0x04, 0x01, 0x01, 0x01, 0x04, 0x01, 0x00, 0x01, 0x04, 0x01, 0x03,
    0x02, 0x04, 0x01, 0x03, 0x01, 0x04, 0x01, 0x01, 0x01, 0x04, 0x01, 0x00, 0x01, 0x04, 0x01, 0x03,
    0x02, 0x04, 0x01, 0x03, 0x01, 0x04, 0x01, 0x01, 0x01, 0x04, 0x01, 0x00, 0x01, 0x04, 0x01, 0x03,
    0x04, 0x04, 0x01, 0x03, 0x01, 0x04, 0x01, 0x00, 0x01, 0x04, 0x01, 0x03, 0x04, 0x04, 0x01, 0x03,
    0x01, 0x04, 0x01, 0x00, 0x01, 0x04, 0x01, 0x01, 0x02, 0x04, 0x01, 0x01, 0x01, 0x03, 0x01, 0x01,
    0x01, 0x03, 0x01, 0x01, 0x01, 0x03, 0x01, 0x01, 0x01, 0x03, 0x02, 0x01, 0x01, 0x03, 0x01, 0x01,
    0x01, 0x03, 0x01, 0x02, 0x01, 0x03, 0x01, 0x01, 0x01, 0x03, 0x02, 0x01, 0x01, 0x03, 0x01, 0x01,
    0x01, 0x03, 0x01, 0x01, 0x01, 0x03, 0x01, 0x01, 0x04, 0x03, 0x01, 0x01, 0x01, 0x03, 0x01, 0x01,
    0x01, 0x03, 0x01, 0x01, 0x01, 0x03, 0x02, 0x01, 0x01, 0x03, 0x01, 0x01, 0x01, 0x03, 0x01, 0x01,
    0x01, 0x03, 0x01, 0x01, 0x01, 0x03, 0x01, 0x02, 0x02, 0x03, 0x01, 0x01, 0x01, 0x03, 0x01, 0x01,
    0x01, 0x03, 0x01, 0x01, 0x01, 0x03, 0x01, 0x01, 0x01, 0x03, 0x01, 0x02, 0x01, 0x01, 0x01, 0x03,
    0x01, 0x01, 0x01, 0x03, 0x01, 0x02, 0x03, 0x03, 0x01, 0x04, 0x01, 0x03, 0x01, 0x04, 0x01, 0x00,
    0x01, 0x04, 0x01, 0x01, 0x01, 0x04, 0x01, 0x03, 0x02, 0x04, 0x01, 0x03, 0x01, 0x04, 0x01, 0x00,
    0x01, 0x04, 0x01, 0x01, 0x01, 0x04, 0x01, 0x03, 0x02, 0x04, 0x01, 0x03, 0x01, 0x04, 0x01, 0x00,
    0x01, 0x04, 0x01, 0x00, 0x01, 0x04, 0x01, 0x03, 0x02, 0x04, 0x01, 0x03, 0x01, 0x04, 0x01, 0x01,
    0x01, 0x04, 0x01, 0x00, 0x01, 0x04, 0x01, 0x03, 0x02, 0x04, 0x01, 0x03, 0x01, 0x04, 0x01, 0x00,
    0x01, 0x04, 0x01, 0x00, 0x01, 0x04, 0x01, 0x03, 0x04, 0x04, 0x01, 0x03, 0x01, 0x04, 0x01, 0x00,
    0x01, 0x04, 0x01, 0x03, 0x04, 0x04, 0x01, 0x03, 0x01, 0x04, 0x01, 0x00, 0x01, 0x04, 0x01, 0x01,
    0x02, 0x04, 0x01, 0x01, 0x01, 0x03, 0x01, 0x00, 0x01, 0x03, 0x01, 0x00, 0x01, 0x03, 0x01, 0x00,
    0x02, 0x01, 0x01, 0x00, 0x01, 0x01, 0x01, 0x00, 0x01, 0x03, 0x01, 0x00, 0x01, 0x03, 0x01, 0x00,
    0x04, 0x01, 0x01, 0x00, 0x01, 0x03, 0x01, 0x00, 0x01, 0x03, 0x01, 0x00, 0x01, 0x01, 0x01, 0x00,
    0x02, 0x01, 0x01, 0x00, 0x01, 0x03, 0x01, 0x00, 0x01, 0x03, 0x01, 0x00, 0x01, 0x03, 0x01, 0x00,
    0x02, 0x01, 0x01, 0x00, 0x01, 0x03, 0x01, 0x00, 0x01, 0x03, 0x01, 0x00, 0x01, 0x03, 0x01, 0x00,
    0x02, 0x01, 0x01, 0x00, 0x01, 0x03, 0x01, 0x00, 0x01, 0x03, 0x01, 0x00, 0x01, 0x03, 0x01, 0x00,
    0x02, 0x01, 0x01, 0x00, 0x01, 0x03, 0x01, 0x00, 0x01, 0x03, 0x01, 0x00, 0x01, 0x03, 0x01, 0x00,
    0x01, 0x01, 0x01, 0x04, 0x01, 0x03, 0x01, 0x04, 0x01, 0x01, 0x01, 0x04, 0x01, 0x01, 0x01, 0x04,
    0x01, 0x03, 0x02, 0x04, 0x01, 0x03, 0x01, 0x04, 0x01, 0x00, 0x01, 0x04, 0x01, 0x01, 0x01, 0x04,
    0x01, 0x03, 0x02, 0x04, 0x01, 0x03, 0x01, 0x04, 0x01, 0x01, 0x01, 0x04, 0x01, 0x00, 0x01, 0x04,
    0x01, 0x03, 0x02, 0x04, 0x01, 0x03, 0x01, 0x04, 0x01, 0x01, 0x01, 0x04, 0x01, 0x00, 0x01, 0x04,
    0x01, 0x03, 0x02, 0x04, 0x01, 0x03, 0x01, 0x04, 0x01, 0x01, 0x01, 0x04, 0x01, 0x00, 0x01, 0x04,
    0x01, 0x03, 0x04, 0x04, 0x01, 0x03, 0x01, 0x04, 0x01, 0x00, 0x01, 0x04, 0x01, 0x03, 0x04, 0x04,
    0x01, 0x03, 0x01, 0x04, 0x01, 0x00, 0x01, 0x04, 0x01, 0x01, 0x02, 0x04, 0x40, 0x03, 0x01, 0x04,
    0x01, 0x03, 0x01, 0x04, 0x01, 0x01, 0x01, 0x04, 0x01, 0x01, 0x01, 0x04, 0x01, 0x03, 0x02, 0x04,
    0x01, 0x03, 0x01, 0x04, 0x01, 0x00, 0x01, 0x04, 0x01, 0x01, 0x01, 0x04, 0x01, 0x03, 0x02, 0x04,
    0x01, 0x03, 0x01, 0x04, 0x01, 0x01, 0x01, 0x04, 0x01, 0x00, 0x01, 0x04, 0x01, 0x03, 0x02, 0x04,
    0x01, 0x03, 0x01, 0x04, 0x01, 0x01, 0x01, 0x04, 0x01, 0x01, 0x01, 0x04, 0x01, 0x03, 0x02, 0x04,
    0x01, 0x03, 0x01, 0x04, 0x01, 0x01, 0x01, 0x04, 0x01, 0x02, 0x01, 0x04, 0x01, 0x03, 0x02, 0x04,
    0x01, 0x03, 0x01, 0x04, 0x01, 0x03, 0x01, 0x04, 0x01, 0x00, 0x01, 0x04, 0x01, 0x03, 0x04, 0x04,
    0x01, 0x03, 0x01, 0x04, 0x01, 0x01, 0x01, 0x04, 0x01, 0x02, 0x03, 0x04, 0x01, 0x03, 0x01, 0x04,
    0x01, 0x01, 0x01, 0x04, 0x01, 0x01, 0x01, 0x04, 0x01, 0x03, 0x02, 0x04, 0x01, 0x03, 0x01, 0x04,
    0x01, 0x01, 0x01, 0x04, 0x01, 0x01, 0x01, 0x04, 0x01, 0x03, 0x02, 0x04, 0x01, 0x03, 0x01, 0x04,
    0x01, 0x01, 0x01, 0x04, 0x01, 0x02, 0x01, 0x04, 0x01, 0x03, 0x02, 0x04, 0x01, 0x03, 0x01, 0x04,
    0x01, 0x01, 0x01, 0x04, 0x01, 0x01, 0x01, 0x04, 0x01, 0x03, 0x01, 0x04, 0x02, 0x03, 0x01, 0x04,
    0x01, 0x01, 0x01, 0x04, 0x01, 0x01, 0x01, 0x04, 0x01, 0x03, 0x01, 0x04, 0x02, 0x03, 0x01, 0x04,
    0x01, 0x03, 0x01, 0x04, 0x01, 0x00, 0x01, 0x04, 0x01, 0x03, 0x01, 0x04, 0x02, 0x03, 0x01, 0x04,
    0x01, 0x03, 0x01, 0x04, 0x01, 0x01, 0x01, 0x04, 0x01, 0x03, 0x01, 0x04, 0x04, 0x03, 0x01, 0x01,
    0x01, 0x04, 0x07, 0x03, 0x01, 0x01, 0x01, 0x03, 0x01, 0x01, 0x01, 0x04, 0x04, 0x03, 0x01, 0x04,
    0x01, 0x01, 0x01, 0x04, 0x01, 0x01, 0x07, 0x03, 0x01, 0x04, 0x01, 0x01, 0x06, 0x03, 0x01, 0x01,
    0x01, 0x03, 0x01, 0x01, 0x01, 0x04, 0x07, 0x03, 0x01, 0x01, 0x07, 0x03, 0x01, 0x04, 0x01, 0x01,
    0x04, 0x03, 0x01, 0x04, 0x01, 0x03, 0x01, 0x04, 0x01, 0x01, 0x01, 0x04, 0x01, 0x01, 0x01, 0x04,
    0x01, 0x03, 0x02, 0x04, 0x01, 0x03, 0x01, 0x04, 0x01, 0x00, 0x01, 0x04, 0x01, 0x01, 0x01, 0x04,
    0x01, 0x03, 0x02, 0x04, 0x01, 0x03, 0x01, 0x04, 0x01, 0x01, 0x01, 0x04, 0x01, 0x00, 0x01, 0x04,
    0x01, 0x03, 0x02, 0x04, 0x01, 0x03, 0x01, 0x04, 0x01, 0x01, 0x01, 0x04, 0x01, 0x01, 0x01, 0x04,
    0x01, 0x03, 0x02, 0x04, 0x01, 0x03, 0x01, 0x04, 0x01, 0x01, 0x01, 0x04, 0x01, 0x00, 0x01, 0x04,
    0x01, 0x03, 0x02, 0x04, 0x01, 0x03, 0x01, 0x04, 0x01, 0x03, 0x01, 0x04, 0x01, 0x00, 0x01, 0x04,
    0x01, 0x03, 0x04, 0x04, 0x01, 0x03, 0x01, 0x04, 0x01, 0x00, 0x01, 0x04, 0x01, 0x01, 0x02, 0x04,
    0x01, 0x01, 0x01, 0x03, 0x01, 0x01, 0x01, 0x03, 0x01, 0x01, 0x01, 0x03, 0x01, 0x01, 0x01, 0x03,
    0x02, 0x01, 0x01, 0x03, 0x01, 0x01, 0x01, 0x03, 0x01, 0x01, 0x01, 0x03, 0x01, 0x01, 0x01, 0x03,
    0x02, 0x01, 0x01, 0x03, 0x01, 0x01, 0x01, 0x03, 0x01, 0x01, 0x01, 0x03, 0x01, 0x01, 0x01, 0x03,
    0x02, 0x01, 0x01, 0x03, 0x01, 0x01, 0x01, 0x03, 0x01, 0x01, 0x01, 0x03, 0x01, 0x01, 0x01, 0x03,
    0x02, 0x01, 0x01, 0x03, 0x01, 0x01, 0x01, 0x03, 0x01, 0x01, 0x01, 0x03, 0x01, 0x01, 0x01, 0x03,
    0x04, 0x01, 0x01, 0x03, 0x01, 0x01, 0x01, 0x03, 0x01, 0x01, 0x01, 0x03, 0x04, 0x01, 0x01, 0x03,
    0x01, 0x01, 0x01, 0x03, 0x01, 0x01, 0x01, 0x03, 0x02, 0x01, 0x01, 0x04, 0x01, 0x03, 0x01, 0x04,
    0x01, 0x00, 0x01, 0x04, 0x01, 0x01, 0x01, 0x04, 0x01, 0x03, 0x02, 0x04, 0x01, 0x03, 0x01, 0x04,
    0x01, 0x00, 0x01, 0x04, 0x01, 0x01, 0x01, 0x04, 0x01, 0x03, 0x02, 0x04, 0x01, 0x03, 0x01, 0x04,
    0x01, 0x00, 0x01, 0x04, 0x01, 0x00, 0x01, 0x04, 0x01, 0x03, 0x02, 0x04, 0x01, 0x03, 0x01, 0x04,
    0x01, 0x01, 0x01, 0x04, 0x01, 0x00, 0x01, 0x04, 0x01, 0x03, 0x04, 0x04, 0x01, 0x00, 0x01, 0x04,
    0x01, 0x00, 0x01, 0x04, 0x01, 0x03, 0x04, 0x04, 0x01, 0x03, 0x01, 0x04, 0x01, 0x00, 0x01, 0x04,
    0x01, 0x03, 0x04, 0x04, 0x01, 0x03, 0x01, 0x04, 0x01, 0x00, 0x01, 0x04, 0x01, 0x01, 0x02, 0x04,
    0xFF, 0x03, 0xFF, 0x03, 0xFF, 0x03, 0xFF, 0x03, 0xFF, 0x03, 0x15, 0x03, 0x04, 0x01, 0x01, 0x00,
    0x02, 0x01, 0x16, 0x00, 0x22, 0x03, 0x01, 0x02, 0x01, 0x03, 0x01, 0x04, 0x01, 0x03, 0x01, 0x04,
    0x01, 0x03, 0x18, 0x04, 0x22, 0x03, 0x01, 0x00, 0x1D, 0x05, 0x02, 0x00, 0x1F, 0x03, 0x01, 0x01,
    0x01, 0x00, 0x1D, 0x05, 0x02, 0x04, 0x20, 0x03, 0x01, 0x00, 0x1F, 0x05, 0x04, 0x00, 0x1C, 0x03,
    0x01, 0x00, 0x1F, 0x05, 0x04, 0x04, 0x01, 0x02, 0x1B, 0x03, 0x01, 0x00, 0x22, 0x05, 0x01, 0x04,
    0x01, 0x00, 0x1B, 0x03, 0x01, 0x00, 0x0B, 0x05, 0x03, 0x04, 0x0B, 0x05, 0x04, 0x04, 0x07, 0x05,
    0x01, 0x04, 0x01, 0x00, 0x0E, 0x03, 0x01, 0x02, 0x0A, 0x03, 0x01, 0x00, 0x0B, 0x05, 0x03, 0x00,
    0x01, 0x04, 0x0A, 0x05, 0x01, 0x04, 0x03, 0x00, 0x07, 0x05, 0x01, 0x04, 0x01, 0x00, 0x19, 0x03,
    0x01, 0x00, 0x0B, 0x05, 0x03, 0x00, 0x01, 0x04, 0x0A, 0x05, 0x01, 0x04, 0x02, 0x00, 0x01, 0x03,
    0x07, 0x05, 0x01, 0x04, 0x01, 0x00, 0x19, 0x03, 0x01, 0x00, 0x0B, 0x05, 0x03, 0x00, 0x01, 0x04,
    0x0A, 0x05, 0x01, 0x04, 0x02, 0x00, 0x01, 0x03, 0x07, 0x05, 0x01, 0x04, 0x01, 0x00, 0x19, 0x03,
    0x01, 0x00, 0x0B, 0x05, 0x03, 0x00, 0x01, 0x04, 0x0A, 0x05, 0x01, 0x04, 0x03, 0x00, 0x07, 0x05,
    0x01, 0x04, 0x01, 0x00, 0x19, 0x03, 0x01, 0x00, 0x0B, 0x05, 0x03, 0x04, 0x0B, 0x05, 0x04, 0x04,
    0x07, 0x05, 0x01, 0x04, 0x01, 0x00, 0x19, 0x03, 0x01, 0x00, 0x24, 0x05, 0x01, 0x04, 0x01, 0x00,
    0x19, 0x03, 0x01, 0x00, 0x24, 0x05, 0x01, 0x04, 0x01, 0x00, 0x19, 0x03, 0x01, 0x00, 0x24, 0x05,
    0x01, 0x04, 0x01, 0x00, 0x19, 0x03, 0x01, 0x00, 0x1D, 0x05, 0x07, 0x04, 0x01, 0x03, 0x01, 0x01,
    0x19, 0x03, 0x01, 0x00, 0x1D, 0x05, 0x07, 0x00, 0x01, 0x01, 0x1A, 0x03, 0x01, 0x00, 0x24, 0x05,
    0x01, 0x04, 0x01, 0x00, 0x07, 0x03, 0x01, 0x00, 0x01, 0x04, 0x01, 0x05, 0x0F, 0x03, 0x01, 0x00,
    0x24, 0x05, 0x01, 0x04, 0x01, 0x00, 0x08, 0x03, 0x01, 0x04, 0x01, 0x05, 0x0F, 0x03, 0x01, 0x00,
    0x24, 0x05, 0x01, 0x04, 0x01, 0x00, 0x05, 0x03, 0x01, 0x00, 0x01, 0x03, 0x03, 0x05, 0x0F, 0x03,
    0x01, 0x00, 0x24, 0x05, 0x01, 0x04, 0x01, 0x00, 0x05, 0x03, 0x02, 0x04, 0x03, 0x05, 0x0F, 0x03,
    0x01, 0x00, 0x04, 0x05, 0x03, 0x00, 0x04, 0x05, 0x07, 0x00, 0x04, 0x05, 0x03, 0x00, 0x0B, 0x05,
    0x01, 0x04, 0x01, 0x00, 0x03, 0x03, 0x02, 0x00, 0x04, 0x05, 0x01, 0x00, 0x0F, 0x03, 0x01, 0x02,
    0x04, 0x05, 0x01, 0x00, 0x01, 0x03, 0x01, 0x00, 0x04, 0x05, 0x07, 0x03, 0x04, 0x05, 0x01, 0x00,
    0x01, 0x03, 0x01, 0x00, 0x0B, 0x05, 0x01, 0x04, 0x01, 0x00, 0x02, 0x03, 0x01, 0x00, 0x02, 0x04,
    0x02, 0x05, 0x02, 0x04, 0x0F, 0x03, 0x02, 0x00, 0x04, 0x05, 0x01, 0x00, 0x01, 0x03, 0x01, 0x00,
    0x04, 0x05, 0x01, 0x03, 0x01, 0x01, 0x03, 0x03, 0x02, 0x00, 0x04, 0x05, 0x03, 0x00, 0x0B, 0x05,
    0x01, 0x04, 0x01, 0x00, 0x01, 0x03, 0x01, 0x02, 0x01, 0x00, 0x01, 0x04, 0x03, 0x05, 0x01, 0x03,
    0x01, 0x00, 0x0E, 0x03, 0x01, 0x00, 0x01, 0x04, 0x05, 0x05, 0x01, 0x00, 0x01, 0x04, 0x05, 0x05,
    0x01, 0x03, 0x01, 0x01, 0x02, 0x03, 0x01, 0x00, 0x01, 0x04, 0x05, 0x05, 0x01, 0x00, 0x01, 0x04,
    0x0C, 0x05, 0x01, 0x04, 0x02, 0x00, 0x01, 0x04, 0x03, 0x05, 0x02, 0x04, 0x10, 0x03, 0x01, 0x00,
    0x06, 0x05, 0x01, 0x00, 0x01, 0x04, 0x05, 0x05, 0x01, 0x03, 0x01, 0x01, 0x02, 0x03, 0x01, 0x00,
    0x06, 0x05, 0x01, 0x00, 0x01, 0x04, 0x0C, 0x05, 0x01, 0x04, 0x01, 0x03, 0x01, 0x00, 0x01, 0x04,
    0x03, 0x05, 0x01, 0x04, 0x01, 0x00, 0x10, 0x03, 0x01, 0x00, 0x04, 0x05, 0x02, 0x04, 0x01, 0x00,
    0x01, 0x04, 0x03, 0x05, 0x02, 0x04, 0x04, 0x03, 0x01, 0x00, 0x04, 0x05, 0x02, 0x04, 0x01, 0x00,
    0x04, 0x05, 0x02, 0x04, 0x01, 0x03, 0x01, 0x04, 0x0A, 0x05, 0x02, 0x04, 0x05, 0x03, 0x01, 0x00,
    0x01, 0x03, 0x01, 0x00, 0x01, 0x03, 0x01, 0x00, 0x01, 0x03, 0x01, 0x00, 0x01, 0x02, 0x02, 0x00,
    0x01, 0x02, 0x01, 0x00, 0x01, 0x03, 0x01, 0x00, 0x01, 0x04, 0x03, 0x05, 0x03, 0x00, 0x01, 0x04,
    0x03, 0x05, 0x01, 0x04, 0x01, 0x00, 0x02, 0x02, 0x01, 0x00, 0x01, 0x03, 0x01, 0x00, 0x04, 0x05,
    0x03, 0x00, 0x01, 0x04, 0x03, 0x05, 0x01, 0x04, 0x02, 0x00, 0x01, 0x04, 0x0A, 0x05, 0x01, 0x04,
    0x01, 0x00, 0x01, 0x03, 0x01, 0x00, 0x01, 0x03, 0x02, 0x00, 0x01, 0x04, 0x01, 0x03, 0x01, 0x04,
    0x01, 0x00, 0x01, 0x04, 0x01, 0x02, 0x01, 0x04, 0x01, 0x03, 0x02, 0x04, 0x01, 0x03, 0x01, 0x04,
    0x01, 0x00, 0x01, 0x04, 0x01, 0x02, 0x01, 0x04, 0x01, 0x03, 0x02, 0x04, 0x01, 0x03, 0x01, 0x04,
    0x01, 0x00, 0x01, 0x04, 0x01, 0x00, 0x01, 0x04, 0x01, 0x03, 0x02, 0x04, 0x01, 0x03, 0x01, 0x04,
    0x01, 0x02, 0x01, 0x04, 0x01, 0x00, 0x01, 0x04, 0x01, 0x03, 0x02, 0x04, 0x01, 0x03, 0x01, 0x04,
    0x01, 0x00, 0x01, 0x04, 0x01, 0x00, 0x01, 0x04, 0x01, 0x03, 0x02, 0x04, 0x01, 0x03, 0x01, 0x04,
    0x01, 0x00, 0x01, 0x04, 0x01, 0x00, 0x01, 0x04, 0x01, 0x00, 0x01, 0x04, 0x02, 0x03, 0x01, 0x04,
    0x01, 0x03, 0x01, 0x04, 0x01, 0x00, 0x01, 0x04, 0x01, 0x01, 0x02, 0x04, 0x02, 0x03, 0x01, 0x04,
    0x01, 0x02, 0x01, 0x04, 0x01, 0x03, 0x01, 0x04, 0x01, 0x03, 0x02, 0x04, 0x01, 0x03, 0x01, 0x04,
    0x01, 0x00, 0x01, 0x04, 0x01, 0x01, 0x01, 0x04, 0x02, 0x03, 0x01, 0x04, 0x01, 0x03, 0x01, 0x04,
    0x01, 0x02, 0x01, 0x04, 0x01, 0x02, 0x01, 0x04, 0x01, 0x03, 0x01, 0x04, 0x02, 0x03, 0x01, 0x04,
    0x01, 0x02, 0x01, 0x04, 0x01, 0x01, 0x01, 0x04, 0x01, 0x03, 0x01, 0x04, 0x02, 0x03, 0x01, 0x04,
    0x01, 0x02, 0x01, 0x04, 0x01, 0x02, 0x01, 0x04, 0x01, 0x03, 0x01, 0x04, 0x02, 0x03, 0x01, 0x04,
    0x01, 0x03, 0x01, 0x04, 0x01, 0x00, 0x01, 0x04, 0x01, 0x03, 0x01, 0x04, 0x02, 0x03, 0x01, 0x04,
    0x01, 0x03, 0x01, 0x04, 0x01, 0x02, 0x01, 0x04, 0x01, 0x03, 0x01, 0x04, 0x0D, 0x03, 0x01, 0x02,
    0x08, 0x03, 0x01, 0x02, 0x0A, 0x03, 0x01, 0x02, 0x11, 0x03, 0x01, 0x02, 0x08, 0x03, 0x01, 0x02,
    0x04, 0x03, 0x01, 0x04, 0x01, 0x03, 0x01, 0x04, 0x01, 0x00, 0x01, 0x04, 0x01, 0x02, 0x01, 0x04,
    0x01, 0x03, 0x02, 0x04, 0x01, 0x03, 0x01, 0x04, 0x01, 0x00, 0x01, 0x04, 0x01, 0x02, 0x01, 0x04,
    0x01, 0x03, 0x02, 0x04, 0x01, 0x03, 0x01, 0x04, 0x01, 0x00, 0x01, 0x04, 0x01, 0x00, 0x01, 0x04,
    0x01, 0x03, 0x02, 0x04, 0x01, 0x03, 0x01, 0x04, 0x01, 0x02, 0x01, 0x04, 0x01, 0x00, 0x01, 0x04,
    0x01, 0x03, 0x02, 0x04, 0x01, 0x03, 0x01, 0x04, 0x01, 0x00, 0x01, 0x04, 0x01, 0x00, 0x01, 0x04,
    0x01, 0x03, 0x02, 0x04, 0x01, 0x03, 0x01, 0x04, 0x01, 0x03, 0x01, 0x04, 0x01, 0x00, 0x01, 0x04,
    0x01, 0x03, 0x02, 0x04, 0x01, 0x03, 0x01, 0x04, 0x01, 0x03, 0x01, 0x04, 0x01, 0x00, 0x01, 0x04,
    0x01, 0x02, 0x02, 0x04, 0x01, 0x02, 0x01, 0x03, 0x01, 0x01, 0x01, 0x03, 0x01, 0x02, 0x01, 0x03,
    0x01, 0x02, 0x01, 0x03, 0x02, 0x02, 0x01, 0x03, 0x01, 0x02, 0x01, 0x03, 0x01, 0x02, 0x01, 0x03,
    0x01, 0x01, 0x01, 0x03, 0x02, 0x02, 0x01, 0x03, 0x01, 0x02, 0x01, 0x03, 0x01, 0x02, 0x01, 0x03,
    0x01, 0x00, 0x04, 0x03, 0x01, 0x02, 0x01, 0x03, 0x01, 0x02, 0x01, 0x03, 0x01, 0x02, 0x01, 0x03,
    0x01, 0x02, 0x01, 0x01, 0x01, 0x03, 0x01, 0x02, 0x01, 0x03, 0x01, 0x02, 0x01, 0x03, 0x01, 0x02,
    0x04, 0x03, 0x01, 0x01, 0x01, 0x03, 0x01, 0x02, 0x01, 0x03, 0x01, 0x02, 0x01, 0x03, 0x01, 0x01,
    0x02, 0x03, 0x01, 0x02, 0x01, 0x03, 0x01, 0x02, 0x01, 0x03, 0x01, 0x02, 0x03, 0x03, 0x01, 0x04,
    0x01, 0x03, 0x01, 0x04, 0x01, 0x00, 0x01, 0x04, 0x01, 0x02, 0x01, 0x04, 0x01, 0x03, 0x02, 0x04,
    0x01, 0x03, 0x01, 0x04, 0x01, 0x00, 0x01, 0x04, 0x01, 0x02, 0x01, 0x04, 0x01, 0x03, 0x02, 0x04,
    0x01, 0x03, 0x01, 0x04, 0x01, 0x00, 0x01, 0x04, 0x01, 0x00, 0x01, 0x04, 0x01, 0x03, 0x02, 0x04,
    0x01, 0x03, 0x01, 0x04, 0x01, 0x00, 0x01, 0x04, 0x01, 0x00, 0x01, 0x04, 0x01, 0x03, 0x04, 0x04,
    0x01, 0x01, 0x01, 0x04, 0x01, 0x00, 0x01, 0x04, 0x01, 0x03, 0x04, 0x04, 0x01, 0x03, 0x01, 0x04,
    0x01, 0x00, 0x01, 0x04, 0x01, 0x03, 0x04, 0x04, 0x01, 0x03, 0x01, 0x04, 0x01, 0x00, 0x01, 0x04,
    0x01, 0x02, 0x02, 0x04, 0x01, 0x00, 0x01, 0x03, 0x01, 0x00, 0x01, 0x03, 0x01, 0x00, 0x01, 0x03,
    0x01, 0x00, 0x01, 0x02, 0x02, 0x00, 0x01, 0x03, 0x01, 0x00, 0x01, 0x03, 0x01, 0x00, 0x01, 0x03,
    0x01, 0x00, 0x01, 0x02, 0x02, 0x00, 0x01, 0x02, 0x01, 0x00, 0x01, 0x03, 0x01, 0x00, 0x01, 0x03,
    0x01, 0x00, 0x01, 0x02, 0x02, 0x00, 0x01, 0x02, 0x01, 0x00, 0x01, 0x03, 0x01, 0x00, 0x01, 0x03,
    0x01, 0x00, 0x01, 0x01, 0x02, 0x00, 0x01, 0x02, 0x01, 0x00, 0x01, 0x03, 0x01, 0x00, 0x01, 0x03,
    0x01, 0x00, 0x01, 0x03, 0x02, 0x00, 0x01, 0x02, 0x01, 0x00, 0x01, 0x03, 0x01, 0x00, 0x01, 0x03,
    0x01, 0x00, 0x01, 0x03, 0x02, 0x00, 0x01, 0x02, 0x01, 0x00, 0x01, 0x03, 0x01, 0x00, 0x01, 0x03,
    0x01, 0x00, 0x01, 0x03, 0x02, 0x00, 0x01, 0x04, 0x01, 0x03, 0x01, 0x04, 0x01, 0x00, 0x01, 0x04,
    0x01, 0x02, 0x01, 0x04, 0x01, 0x03, 0x02, 0x04, 0x01, 0x03, 0x01, 0x04, 0x01, 0x00, 0x01, 0x04,
    0x01, 0x02, 0x01, 0x04, 0x01, 0x03, 0x02, 0x04, 0x01, 0x03, 0x01, 0x04, 0x01, 0x00, 0x01, 0x04,
    0x01, 0x00, 0x01, 0x04, 0x01, 0x03, 0x02, 0x04, 0x01, 0x03, 0x01, 0x04, 0x01, 0x00, 0x01, 0x04,
    0x01, 0x00, 0x01, 0x04, 0x01, 0x03, 0x02, 0x04, 0x01, 0x03, 0x01, 0x04, 0x01, 0x00, 0x01, 0x04,
    0x01, 0x00, 0x01, 0x04, 0x01, 0x03, 0x04, 0x04, 0x01, 0x03, 0x01, 0x04, 0x01, 0x00, 0x01, 0x04,
    0x01, 0x03, 0x04, 0x04, 0x01, 0x03, 0x01, 0x04, 0x01, 0x00, 0x01, 0x04, 0x01, 0x01, 0x02, 0x04,
    0x40, 0x03, 0x01, 0x04, 0x01, 0x03, 0x01, 0x04, 0x01, 0x00, 0x01, 0x04, 0x01, 0x02, 0x01, 0x04,
    0x01, 0x03, 0x02, 0x04, 0x01, 0x03, 0x01, 0x04, 0x01, 0x00, 0x01, 0x04, 0x01, 0x02, 0x01, 0x04,
    0x01, 0x03, 0x02, 0x04, 0x01, 0x03, 0x01, 0x04, 0x01, 0x00, 0x01, 0x04, 0x01, 0x00, 0x01, 0x04,
    0x01, 0x03, 0x02, 0x04, 0x01, 0x03, 0x01, 0x04, 0x01, 0x02, 0x01, 0x04, 0x01, 0x00, 0x01, 0x04,
    0x01, 0x03, 0x02, 0x04, 0x01, 0x03, 0x01, 0x04, 0x01, 0x02, 0x01, 0x04, 0x01, 0x00, 0x01, 0x04,
    0x01, 0x03, 0x02, 0x04, 0x01, 0x03, 0x01, 0x04, 0x01, 0x03, 0x01, 0x04, 0x01, 0x00, 0x01, 0x04,
    0x01, 0x03, 0x02, 0x04, 0x01, 0x03, 0x01, 0x04, 0x01, 0x03, 0x01, 0x04, 0x01, 0x00, 0x01, 0x04,
    0x01, 0x03, 0x03, 0x04, 0x01, 0x03, 0x01, 0x04, 0x01, 0x00, 0x01, 0x04, 0x01, 0x02, 0x01, 0x04,
    0x01, 0x03, 0x02, 0x04, 0x01, 0x03, 0x01, 0x04, 0x01, 0x00, 0x01, 0x04, 0x01, 0x02, 0x01, 0x04,
    0x02, 0x03, 0x01, 0x04, 0x01, 0x03, 0x01, 0x04, 0x01, 0x02, 0x01, 0x04, 0x01, 0x00, 0x01, 0x04,
    0x01, 0x03, 0x01, 0x04, 0x02, 0x03, 0x01, 0x04, 0x01, 0x02, 0x01, 0x04, 0x01, 0x02, 0x01, 0x04,
    0x01, 0x03, 0x01, 0x04, 0x02, 0x03, 0x01, 0x04, 0x01, 0x02, 0x01, 0x04, 0x01, 0x00, 0x01, 0x04,
    0x01, 0x03, 0x01, 0x04, 0x02, 0x03, 0x01, 0x04, 0x01, 0x03, 0x01, 0x04, 0x01, 0x00, 0x01, 0x04,
    0x01, 0x03, 0x01, 0x04, 0x02, 0x03, 0x01, 0x04, 0x01, 0x03, 0x01, 0x04, 0x01, 0x00, 0x01, 0x04,
    0x01, 0x03, 0x01, 0x04, 0x04, 0x03, 0x01, 0x02, 0x01, 0x04, 0x07, 0x03, 0x01, 0x02, 0x08, 0x03,
    0x01, 0x02, 0x01, 0x04, 0x01, 0x02, 0x06, 0x03, 0x01, 0x01, 0x01, 0x03, 0x01, 0x02, 0x06, 0x03,
    0x01, 0x02, 0x01, 0x03, 0x01, 0x02, 0x01, 0x04, 0x07, 0x03, 0x01, 0x02, 0x07, 0x03, 0x01, 0x04,
    0x01, 0x02, 0x04, 0x03, 0x01, 0x04, 0x01, 0x03, 0x01, 0x04, 0x01, 0x00, 0x01, 0x04, 0x01, 0x02,
    0x01, 0x04, 0x01, 0x03, 0x02, 0x04, 0x01, 0x03, 0x01, 0x04, 0x01, 0x00, 0x01, 0x04, 0x01, 0x02,
    0x01, 0x04, 0x01, 0x03, 0x02, 0x04, 0x01, 0x03, 0x01, 0x04, 0x01, 0x00, 0x01, 0x04, 0x01, 0x00,
    0x01, 0x04, 0x01, 0x03, 0x02, 0x04, 0x01, 0x03, 0x01, 0x04, 0x01, 0x01, 0x01, 0x04, 0x01, 0x00,
    0x01, 0x04, 0x01, 0x03, 0x02, 0x04, 0x01, 0x03, 0x01, 0x04, 0x01, 0x00, 0x01, 0x04, 0x01, 0x00,
    0x01, 0x04, 0x01, 0x03, 0x02, 0x04, 0x01, 0x03, 0x01, 0x04, 0x01, 0x03, 0x01, 0x04, 0x01, 0x00,
    0x01, 0x04, 0x01, 0x03, 0x04, 0x04, 0x01, 0x03, 0x01, 0x04, 0x01, 0x00, 0x01, 0x04, 0x01, 0x01,
    0x02, 0x04, 0x01, 0x02, 0x01, 0x03, 0x01, 0x01, 0x01, 0x03, 0x01, 0x00, 0x01, 0x03, 0x01, 0x02,
    0x01, 0x03, 0x02, 0x02, 0x01, 0x03, 0x01, 0x02, 0x01, 0x03, 0x01, 0x00, 0x01, 0x03, 0x01, 0x01,
    0x01, 0x03, 0x02, 0x02, 0x01, 0x03, 0x01, 0x02, 0x01, 0x03, 0x01, 0x00, 0x01, 0x03, 0x01, 0x02,
    0x01, 0x03, 0x02, 0x02, 0x01, 0x03, 0x01, 0x01, 0x01, 0x03, 0x01, 0x00, 0x01, 0x03, 0x01, 0x01,
    0x01, 0x03, 0x02, 0x02, 0x01, 0x03, 0x01, 0x02, 0x01, 0x03, 0x01, 0x00, 0x01, 0x03, 0x01, 0x00,
    0x01, 0x03, 0x02, 0x02, 0x01, 0x03, 0x01, 0x02, 0x01, 0x03, 0x01, 0x00, 0x01, 0x03, 0x01, 0x00,
    0x01, 0x03, 0x04, 0x02, 0x01, 0x03, 0x01, 0x00, 0x01, 0x03, 0x01, 0x00, 0x01, 0x03, 0x02, 0x02,
    0x01, 0x04, 0x01, 0x03, 0x01, 0x04, 0x01, 0x00, 0x01, 0x04, 0x01, 0x02, 0x01, 0x04, 0x01, 0x03,
    0x02, 0x04, 0x01, 0x03, 0x01, 0x04, 0x01, 0x00, 0x01, 0x04, 0x01, 0x02, 0x01, 0x04, 0x01, 0x03,
    0x02, 0x04, 0x01, 0x03, 0x01, 0x04, 0x01, 0x00, 0x01, 0x04, 0x01, 0x00, 0x01, 0x04, 0x01, 0x03,
    0x02, 0x04, 0x01, 0x03, 0x01, 0x04, 0x01, 0x00, 0x01, 0x04, 0x01, 0x00, 0x01, 0x04, 0x01, 0x03,
    0x04, 0x04, 0x01, 0x00, 0x01, 0x04, 0x01, 0x00, 0x01, 0x04, 0x01, 0x03, 0x04, 0x04, 0x01, 0x03,
    0x01, 0x04, 0x01, 0x00, 0x01, 0x04, 0x01, 0x03, 0x04, 0x04, 0x01, 0x03, 0x01, 0x04, 0x01, 0x00,
    0x01, 0x04, 0x01, 0x02, 0x02, 0x04, 0xFF, 0x03, 0xFF, 0x03, 0xFF, 0x03, 0xFF, 0x03, 0xFF, 0x03,
    0x15, 0x03, 0x04, 0x01, 0x01, 0x00, 0x02, 0x01, 0x16, 0x00, 0x22, 0x03, 0x01, 0x02, 0x01, 0x03,
    0x01, 0x04, 0x01, 0x03, 0x01, 0x04, 0x01, 0x03, 0x18, 0x04, 0x22, 0x03, 0x01, 0x00, 0x1D, 0x05,
    0x02, 0x00, 0x1F, 0x03, 0x01, 0x01, 0x01, 0x00, 0x1D, 0x05, 0x02, 0x04, 0x20, 0x03, 0x01, 0x02,
    0x1F, 0x05, 0x04, 0x00, 0x1C, 0x03, 0x01, 0x02, 0x1F, 0x05, 0x04, 0x04, 0x01, 0x02, 0x1B, 0x03,
    0x01, 0x02, 0x22, 0x05, 0x01, 0x04, 0x01, 0x00, 0x1B, 0x03, 0x01, 0x02, 0x0B, 0x05, 0x03, 0x04,
    0x0B, 0x05, 0x04, 0x04, 0x07, 0x05, 0x01, 0x04, 0x01, 0x01, 0x0E, 0x03, 0x01, 0x02, 0x0A, 0x03,
    0x01, 0x02, 0x0B, 0x05, 0x03, 0x00, 0x01, 0x04, 0x0A, 0x05, 0x01, 0x04, 0x03, 0x00, 0x07, 0x05,
    0x01, 0x04, 0x01, 0x00, 0x19, 0x03, 0x01, 0x02, 0x0B, 0x05, 0x03, 0x00, 0x01, 0x04, 0x0A, 0x05,
    0x01, 0x04, 0x02, 0x00, 0x01, 0x03, 0x07, 0x05, 0x01, 0x04, 0x01, 0x00, 0x19, 0x03, 0x01, 0x00,
    0x0B, 0x05, 0x03, 0x00, 0x01, 0x04, 0x0A, 0x05, 0x01, 0x04, 0x02, 0x00, 0x01, 0x03, 0x07, 0x05,
    0x01, 0x04, 0x01, 0x00, 0x19, 0x03, 0x01, 0x00, 0x0B, 0x05, 0x03, 0x00, 0x01, 0x04, 0x0A, 0x05,
    0x01, 0x04, 0x03, 0x00, 0x07, 0x05, 0x01, 0x04, 0x01, 0x00, 0x19, 0x03, 0x01, 0x00, 0x0B, 0x05,
    0x03, 0x04, 0x0B, 0x05, 0x04, 0x04, 0x07, 0x05, 0x01, 0x04, 0x01, 0x00, 0x19, 0x03, 0x01, 0x00,
    0x24, 0x05, 0x01, 0x04, 0x01, 0x00, 0x19, 0x03, 0x01, 0x00, 0x24, 0x05, 0x01, 0x04, 0x01, 0x00,
    0x19, 0x03, 0x01, 0x00, 0x24, 0x05, 0x01, 0x04, 0x01, 0x00, 0x19, 0x03, 0x01, 0x00, 0x1D, 0x05,
    0x07, 0x04, 0x01, 0x03, 0x01, 0x01, 0x19, 0x03, 0x01, 0x00, 0x1D, 0x05, 0x07, 0x00, 0x01, 0x01,
    0x1A, 0x03, 0x01, 0x00, 0x24, 0x05, 0x01, 0x04, 0x01, 0x00, 0x07, 0x03, 0x01, 0x00, 0x01, 0x04,
    0x01, 0x05, 0x0F, 0x03, 0x01, 0x00, 0x24, 0x05, 0x01, 0x04, 0x01, 0x00, 0x08, 0x03, 0x01, 0x04,
    0x01, 0x05, 0x0E, 0x03, 0x01, 0x01, 0x01, 0x02, 0x24, 0x05, 0x01, 0x04, 0x01, 0x00, 0x05, 0x03,
    0x01, 0x00, 0x01, 0x03, 0x03, 0x05, 0x0E, 0x03, 0x01, 0x01, 0x01, 0x02, 0x24, 0x05, 0x01, 0x04,
    0x01, 0x00, 0x05, 0x03, 0x02, 0x04, 0x03, 0x05, 0x0F, 0x03, 0x01, 0x02, 0x04, 0x05, 0x03, 0x00,
    0x04, 0x05, 0x07, 0x00, 0x04, 0x05, 0x03, 0x00, 0x0B, 0x05, 0x01, 0x04, 0x01, 0x00, 0x03, 0x03,
    0x02, 0x00, 0x04, 0x05, 0x01, 0x00, 0x10, 0x03, 0x04, 0x05, 0x01, 0x00, 0x01, 0x03, 0x01, 0x00,
    0x04, 0x05, 0x07, 0x03, 0x04, 0x05, 0x01, 0x00, 0x01, 0x03, 0x01, 0x00, 0x0B, 0x05, 0x01, 0x04,
    0x01, 0x00, 0x02, 0x03, 0x01, 0x00, 0x02, 0x04, 0x02, 0x05, 0x02, 0x04, 0x0F, 0x03, 0x02, 0x00,
    0x04, 0x05, 0x01, 0x00, 0x01, 0x03, 0x01, 0x00, 0x04, 0x05, 0x01, 0x03, 0x01, 0x01, 0x03, 0x03,
    0x01, 0x00, 0x01, 0x02, 0x04, 0x05, 0x03, 0x00, 0x0B, 0x05, 0x01, 0x04, 0x01, 0x00, 0x01, 0x03,
    0x01, 0x02, 0x01, 0x00, 0x01, 0x04, 0x03, 0x05, 0x01, 0x03, 0x01, 0x00, 0x0E, 0x03, 0x01, 0x00,
    0x01, 0x04, 0x05, 0x05, 0x01, 0x00, 0x01, 0x04, 0x05, 0x05, 0x01, 0x03, 0x01, 0x01, 0x02, 0x03,
    0x01, 0x00, 0x01, 0x04, 0x05, 0x05, 0x01, 0x00, 0x01, 0x04, 0x0C, 0x05, 0x01, 0x04, 0x02, 0x00,
    0x01, 0x04, 0x03, 0x05, 0x02, 0x04, 0x10, 0x03, 0x01, 0x00, 0x06, 0x05, 0x01, 0x00, 0x01, 0x04,
    0x05, 0x05, 0x01, 0x03, 0x01, 0x01, 0x02, 0x03, 0x01, 0x00, 0x06, 0x05, 0x01, 0x00, 0x01, 0x04,
    0x0C, 0x05, 0x01, 0x04, 0x01, 0x03, 0x01, 0x00, 0x01, 0x04, 0x03, 0x05, 0x01, 0x04, 0x01, 0x00,
    0x10, 0x03, 0x01, 0x00, 0x04, 0x05, 0x02, 0x04, 0x01, 0x00, 0x01, 0x04, 0x03, 0x05, 0x02, 0x04,
    0x04, 0x03, 0x01, 0x00, 0x04, 0x05, 0x02, 0x04, 0x01, 0x00, 0x04, 0x05, 0x02, 0x04, 0x01, 0x03,
    0x01, 0x04, 0x0A, 0x05, 0x02, 0x04, 0x05, 0x03, 0x01, 0x00, 0x01, 0x03, 0x01, 0x00, 0x01, 0x03,
    0x01, 0x00, 0x01, 0x03, 0x01, 0x00, 0x01, 0x02, 0x02, 0x00, 0x01, 0x02, 0x01, 0x00, 0x01, 0x03,
    0x01, 0x00, 0x01, 0x04, 0x03, 0x05, 0x03, 0x00, 0x01, 0x04, 0x03, 0x05, 0x01, 0x04, 0x01, 0x00,
    0x02, 0x02, 0x01, 0x00, 0x01, 0x03, 0x01, 0x00, 0x04, 0x05, 0x03, 0x00, 0x01, 0x04, 0x03, 0x05,
    0x01, 0x04, 0x02, 0x00, 0x01, 0x04, 0x0A, 0x05, 0x01, 0x04, 0x01, 0x00, 0x01, 0x03, 0x01, 0x00,
    0x01, 0x03, 0x02, 0x00, 0x01, 0x04, 0x01, 0x03, 0x01, 0x04, 0x01, 0x00, 0x01, 0x04, 0x01, 0x02,
    0x01, 0x04, 0x01, 0x03, 0x02, 0x04, 0x01, 0x03, 0x01, 0x04, 0x01, 0x00, 0x01, 0x04, 0x01, 0x00,
    0x01, 0x04, 0x01, 0x03, 0x02, 0x04, 0x01, 0x03, 0x01, 0x04, 0x01, 0x00, 0x01, 0x04, 0x01, 0x00,
    0x01, 0x04, 0x01, 0x03, 0x02, 0x04, 0x01, 0x03, 0x01, 0x04, 0x01, 0x02, 0x01, 0x04, 0x01, 0x00,
    0x01, 0x04, 0x01, 0x01, 0x02, 0x04, 0x01, 0x03, 0x01, 0x04, 0x01, 0x00, 0x01, 0x04, 0x01, 0x00,
    0x01, 0x04, 0x01, 0x03, 0x02, 0x04, 0x01, 0x03, 0x01, 0x04, 0x01, 0x00, 0x01, 0x04, 0x01, 0x00,
    0x01, 0x04, 0x01, 0x00, 0x01, 0x04, 0x02, 0x03, 0x01, 0x04, 0x01, 0x03, 0x01, 0x04, 0x01, 0x00,
    0x01, 0x04, 0x01, 0x01, 0x02, 0x04, 0x02, 0x03, 0x01, 0x04, 0x01, 0x02, 0x01, 0x04, 0x01, 0x03,
    0x01, 0x04, 0x01, 0x03, 0x02, 0x04, 0x01, 0x03, 0x01, 0x04, 0x01, 0x00, 0x01, 0x04, 0x01, 0x01,
    0x01, 0x04, 0x02, 0x03, 0x01, 0x04, 0x01, 0x03, 0x01, 0x04, 0x01, 0x02, 0x01, 0x04, 0x01, 0x02,
    0x01, 0x04, 0x01, 0x03, 0x01, 0x04, 0x02, 0x03, 0x01, 0x04, 0x01, 0x02, 0x01, 0x04, 0x01, 0x01,
    0x01, 0x04, 0x01, 0x03, 0x01, 0x04, 0x02, 0x03, 0x01, 0x04, 0x01, 0x02, 0x01, 0x04, 0x01, 0x02,
    0x01, 0x04, 0x01, 0x03, 0x01, 0x04, 0x02, 0x03, 0x01, 0x04, 0x01, 0x03, 0x01, 0x04, 0x01, 0x00,
    0x01, 0x04, 0x01, 0x03, 0x01, 0x04, 0x02, 0x03, 0x01, 0x04, 0x01, 0x03, 0x01, 0x04, 0x01, 0x02,
    0x01, 0x04, 0x01, 0x03, 0x01, 0x04, 0x0D, 0x03, 0x01, 0x02, 0x08, 0x03, 0x01, 0x02, 0x0A, 0x03,
    0x01, 0x02, 0x11, 0x03, 0x01, 0x02, 0x08, 0x03, 0x01, 0x02, 0x04, 0x03, 0x01, 0x04, 0x01, 0x03,
    0x01, 0x04, 0x01, 0x00, 0x01, 0x04, 0x01, 0x02, 0x01, 0x04, 0x01, 0x03, 0x02, 0x04, 0x01, 0x03,
    0x01, 0x04, 0x01, 0x00, 0x01, 0x04, 0x01, 0x02, 0x01, 0x04, 0x01, 0x03, 0x02, 0x04, 0x01, 0x03,
    0x01, 0x04, 0x01, 0x00, 0x01, 0x04, 0x01, 0x00, 0x01, 0x04, 0x01, 0x03, 0x02, 0x04, 0x01, 0x03,
    0x01, 0x04, 0x01, 0x02, 0x01, 0x04, 0x01, 0x00, 0x01, 0x04, 0x01, 0x03, 0x02, 0x04, 0x01, 0x03,
    0x01, 0x04, 0x01, 0x00, 0x01, 0x04, 0x01, 0x00, 0x01, 0x04, 0x01, 0x03, 0x02, 0x04, 0x01, 0x03,
    0x01, 0x04, 0x01, 0x03, 0x01, 0x04, 0x01, 0x00, 0x01, 0x04, 0x01, 0x03, 0x02, 0x04, 0x01, 0x03,
    0x01, 0x04, 0x01, 0x03, 0x01, 0x04, 0x01, 0x00, 0x01, 0x04, 0x01, 0x02, 0x02, 0x04, 0x01, 0x02,
    0x01, 0x03, 0x01, 0x01, 0x01, 0x03, 0x01, 0x02, 0x01, 0x03, 0x01, 0x02, 0x01, 0x03, 0x02, 0x02,
    0x01, 0x03, 0x01, 0x02, 0x01, 0x03, 0x01, 0x02, 0x01, 0x03, 0x01, 0x01, 0x01, 0x03, 0x02, 0x02,
    0x01, 0x03, 0x01, 0x02, 0x01, 0x03, 0x01, 0x02, 0x01, 0x03, 0x01, 0x00, 0x04, 0x03, 0x01, 0x02,
    0x01, 0x03, 0x01, 0x02, 0x01, 0x03, 0x01, 0x02, 0x01, 0x03, 0x01, 0x02, 0x01, 0x01, 0x01, 0x03,
    0x01, 0x02, 0x01, 0x03, 0x01, 0x02, 0x01, 0x03, 0x01, 0x02, 0x04, 0x03, 0x01, 0x01, 0x01, 0x03,
    0x01, 0x02, 0x01, 0x03, 0x01, 0x02, 0x01, 0x03, 0x01, 0x01, 0x02, 0x03, 0x01, 0x02, 0x01, 0x03,
    0x01, 0x02, 0x01, 0x03, 0x01, 0x02, 0x03, 0x03, 0x01, 0x04, 0x01, 0x03, 0x01, 0x04, 0x01, 0x00,
    0x01, 0x04, 0x01, 0x02, 0x01, 0x04, 0x01, 0x03, 0x02, 0x04, 0x01, 0x03, 0x01, 0x04, 0x01, 0x00,
    0x01, 0x04, 0x01, 0x02, 0x01, 0x04, 0x01, 0x03, 0x02, 0x04, 0x01, 0x03, 0x01, 0x04, 0x01, 0x00,
    0x01, 0x04, 0x01, 0x00, 0x01, 0x04, 0x01, 0x03, 0x02, 0x04, 0x01, 0x03, 0x01, 0x04, 0x01, 0x00,
    0x01, 0x04, 0x01, 0x00, 0x01, 0x04, 0x01, 0x03, 0x04, 0x04, 0x01, 0x01, 0x01, 0x04, 0x01, 0x00,
    0x01, 0x04, 0x01, 0x03, 0x04, 0x04, 0x01, 0x03, 0x01, 0x04, 0x01, 0x00, 0x01, 0x04, 0x01, 0x03,
    0x04, 0x04, 0x01, 0x03, 0x01, 0x04, 0x01, 0x00, 0x01, 0x04, 0x01, 0x02, 0x02, 0x04, 0x01, 0x00,
    0x01, 0x03, 0x01, 0x00, 0x01, 0x03, 0x01, 0x00, 0x01, 0x03, 0x01, 0x00, 0x01, 0x02, 0x02, 0x00,
    0x01, 0x03, 0x01, 0x00, 0x01, 0x03, 0x01, 0x00, 0x01, 0x03, 0x01, 0x00, 0x01, 0x02, 0x02, 0x00,
    0x01, 0x02, 0x01, 0x00, 0x01, 0x03, 0x01, 0x00, 0x01, 0x03, 0x01, 0x00, 0x01, 0x02, 0x02, 0x00,
    0x01, 0x02, 0x01, 0x00, 0x01, 0x03, 0x01, 0x00, 0x01, 0x03, 0x01, 0x00, 0x01, 0x01, 0x02, 0x00,
    0x01, 0x02, 0x01, 0x00, 0x01, 0x03, 0x01, 0x00, 0x01, 0x03, 0x01, 0x00, 0x01, 0x03, 0x02, 0x00,
    0x01, 0x02, 0x01, 0x00, 0x01, 0x03, 0x01, 0x00, 0x01, 0x03, 0x01, 0x00, 0x01, 0x03, 0x02, 0x00,
    0x01, 0x02, 0x01, 0x00, 0x01, 0x03, 0x01, 0x00, 0x01, 0x03, 0x01, 0x00, 0x01, 0x03, 0x02, 0x00,
    0x01, 0x04, 0x01, 0x03, 0x01, 0x04, 0x01, 0x00, 0x01, 0x04, 0x01, 0x02, 0x01, 0x04, 0x01, 0x03,
    0x02, 0x04, 0x01, 0x03, 0x01, 0x04, 0x01, 0x00, 0x01, 0x04, 0x01, 0x02, 0x01, 0x04, 0x01, 0x03,
    0x02, 0x04, 0x01, 0x03, 0x01, 0x04, 0x01, 0x00, 0x01, 0x04, 0x01, 0x00, 0x01, 0x04, 0x01, 0x03,
    0x02, 0x04, 0x01, 0x03, 0x01, 0x04, 0x01, 0x00, 0x01, 0x04, 0x01, 0x00, 0x01, 0x04, 0x01, 0x03,
    0x02, 0x04, 0x01, 0x03, 0x01, 0x04, 0x01, 0x00, 0x01, 0x04, 0x01, 0x00, 0x01, 0x04, 0x01, 0x03,
    0x04, 0x04, 0x01, 0x03, 0x01, 0x04, 0x01, 0x00, 0x01, 0x04, 0x01, 0x03, 0x04, 0x04, 0x01, 0x03,
    0x01, 0x04, 0x01, 0x00, 0x01, 0x04, 0x01, 0x01, 0x02, 0x04, 0x40, 0x03, 0x01, 0x04, 0x01, 0x03,
    0x01, 0x04, 0x01, 0x00, 0x01, 0x04, 0x01, 0x02, 0x01, 0x04, 0x01, 0x03, 0x02, 0x04, 0x01, 0x03,
    0x01, 0x04, 0x01, 0x00, 0x01, 0x04, 0x01, 0x02, 0x01, 0x04, 0x01, 0x03, 0x02, 0x04, 0x01, 0x03,
    0x01, 0x04, 0x01, 0x00, 0x01, 0x04, 0x01, 0x00, 0x01, 0x04, 0x01, 0x03, 0x02, 0x04, 0x01, 0x03,
    0x01, 0x04, 0x01, 0x02, 0x01, 0x04, 0x01, 0x00, 0x01, 0x04, 0x01, 0x03, 0x02, 0x04, 0x01, 0x03,
    0x01, 0x04, 0x01, 0x02, 0x01, 0x04, 0x01, 0x00, 0x01, 0x04, 0x01, 0x03, 0x02, 0x04, 0x01, 0x03,
    0x01, 0x04, 0x01, 0x03, 0x01, 0x04, 0x01, 0x00, 0x01, 0x04, 0x01, 0x03, 0x02, 0x04, 0x01, 0x03,
    0x01, 0x04, 0x01, 0x03, 0x01, 0x04, 0x01, 0x00, 0x01, 0x04, 0x01, 0x03, 0x03, 0x04, 0x01, 0x03,
    0x01, 0x04, 0x01, 0x00, 0x01, 0x04, 0x01, 0x02, 0x01, 0x04, 0x01, 0x03, 0x02, 0x04, 0x01, 0x03,
    0x01, 0x04, 0x01, 0x00, 0x01, 0x04, 0x01, 0x02, 0x01, 0x04, 0x02, 0x03, 0x01, 0x04, 0x01, 0x03,
    0x01, 0x04, 0x01, 0x02, 0x01, 0x04, 0x01, 0x00, 0x01, 0x04, 0x01, 0x03, 0x01, 0x04, 0x02, 0x03,
    0x01, 0x04, 0x01, 0x02, 0x01, 0x04, 0x01, 0x02, 0x01, 0x04, 0x01, 0x03, 0x01, 0x04, 0x02, 0x03,
    0x01, 0x04, 0x01, 0x02, 0x01, 0x04, 0x01, 0x00, 0x01, 0x04, 0x01, 0x03, 0x01, 0x04, 0x02, 0x03,
    0x01, 0x04, 0x01, 0x03, 0x01, 0x04, 0x01, 0x00, 0x01, 0x04, 0x01, 0x03, 0x01, 0x04, 0x02, 0x03,
    0x01, 0x04, 0x01, 0x03, 0x01, 0x04, 0x01, 0x00, 0x01, 0x04, 0x01, 0x03, 0x01, 0x04, 0x04, 0x03,
    0x01, 0x02, 0x01, 0x04, 0x07, 0x03, 0x01, 0x02, 0x08, 0x03, 0x01, 0x02, 0x01, 0x04, 0x01, 0x02,
    0x06, 0x03, 0x01, 0x01, 0x01, 0x03, 0x01, 0x02, 0x06, 0x03, 0x01, 0x02, 0x01, 0x03, 0x01, 0x02,
    0x01, 0x04, 0x07, 0x03, 0x01, 0x02, 0x07, 0x03, 0x01, 0x04, 0x01, 0x02, 0x04, 0x03, 0x01, 0x04,
    0x01, 0x03, 0x01, 0x04, 0x01, 0x00, 0x01, 0x04, 0x01, 0x02, 0x01, 0x04, 0x01, 0x03, 0x02, 0x04,
    0x01, 0x03, 0x01, 0x04, 0x01, 0x00, 0x01, 0x04, 0x01, 0x02, 0x01, 0x04, 0x01, 0x03, 0x02, 0x04,
    0x01, 0x03, 0x01, 0x04, 0x01, 0x00, 0x01, 0x04, 0x01, 0x00, 0x01, 0x04, 0x01, 0x03, 0x02, 0x04,
    0x01, 0x03, 0x01, 0x04, 0x01, 0x01, 0x01, 0x04, 0x01, 0x00, 0x01, 0x04, 0x01, 0x03, 0x02, 0x04,
    0x01, 0x03, 0x01, 0x04, 0x01, 0x00, 0x01, 0x04, 0x01, 0x00, 0x01, 0x04, 0x01, 0x03, 0x02, 0x04,
    0x01, 0x03, 0x01, 0x04, 0x01, 0x03, 0x01, 0x04, 0x01, 0x00, 0x01, 0x04, 0x01, 0x03, 0x04, 0x04,
    0x01, 0x03, 0x01, 0x04, 0x01, 0x00, 0x01, 0x04, 0x01, 0x01, 0x02, 0x04, 0x01, 0x02, 0x01, 0x03,
    0x01, 0x01, 0x01, 0x03, 0x01, 0x00, 0x01, 0x03, 0x01, 0x02, 0x01, 0x03, 0x02, 0x02, 0x01, 0x03,
    0x01, 0x02, 0x01, 0x03, 0x01, 0x00, 0x01, 0x03, 0x01, 0x01, 0x01, 0x03, 0x02, 0x02, 0x01, 0x03,
    0x01, 0x00, 0x01, 0x03, 0x01, 0x00, 0x01, 0x03, 0x01, 0x02, 0x01, 0x03, 0x02, 0x02, 0x01, 0x03,
    0x01, 0x01, 0x01, 0x03, 0x01, 0x00, 0x01, 0x03, 0x01, 0x01, 0x01, 0x03, 0x02, 0x02, 0x01, 0x03,
    0x01, 0x02, 0x01, 0x03, 0x01, 0x00, 0x01, 0x03, 0x01, 0x00, 0x01, 0x03, 0x02, 0x02, 0x01, 0x03,
    0x01, 0x02, 0x01, 0x03, 0x01, 0x00, 0x01, 0x03, 0x01, 0x00, 0x01, 0x03, 0x04, 0x02, 0x01, 0x03,
    0x01, 0x00, 0x01, 0x03, 0x01, 0x00, 0x01, 0x03, 0x02, 0x02, 0x01, 0x04, 0x01, 0x03, 0x01, 0x04,
    0x01, 0x00, 0x01, 0x04, 0x01, 0x02, 0x01, 0x04, 0x01, 0x03, 0x02, 0x04, 0x01, 0x03, 0x01, 0x04,
    0x01, 0x00, 0x01, 0x04, 0x01, 0x02, 0x01, 0x04, 0x01, 0x03, 0x02, 0x04, 0x01, 0x03, 0x01, 0x04,
    0x01, 0x00, 0x01, 0x04, 0x01, 0x00, 0x01, 0x04, 0x01, 0x03, 0x02, 0x04, 0x01, 0x03, 0x01, 0x04,
    0x01, 0x00, 0x01, 0x04, 0x01, 0x00, 0x01, 0x04, 0x01, 0x03, 0x04, 0x04, 0x01, 0x00, 0x01, 0x04,
    0x01, 0x00, 0x01, 0x04, 0x01, 0x03, 0x04, 0x04, 0x01, 0x03, 0x01, 0x04, 0x01, 0x00, 0x01, 0x04,
    0x01, 0x03, 0x04, 0x04, 0x01, 0x03, 0x01, 0x04, 0x01, 0x00, 0x01, 0x04, 0x01, 0x02, 0x02, 0x04,
    0xFF, 0x03, 0xFF, 0x03, 0xFF, 0x03, 0xFF, 0x03, 0xFF, 0x03, 0x15, 0x03, 0x04, 0x01, 0x01, 0x00,
    0x02, 0x01, 0x16, 0x00, 0x22, 0x03, 0x01, 0x02, 0x01, 0x03, 0x03, 0x04, 0x02, 0x03, 0x17, 0x04,
    0x22, 0x03, 0x01, 0x00, 0x1D, 0x05, 0x02, 0x00, 0x1F, 0x03, 0x01, 0x01, 0x01, 0x00, 0x1D, 0x05,
    0x02, 0x04, 0x20, 0x03, 0x01, 0x00, 0x1F, 0x05, 0x04, 0x00, 0x1C, 0x03, 0x01, 0x00, 0x1F, 0x05,
    0x04, 0x04, 0x01, 0x02, 0x1B, 0x03, 0x01, 0x00, 0x22, 0x05, 0x01, 0x04, 0x01, 0x00, 0x1B, 0x03,
    0x01, 0x00, 0x0B, 0x05, 0x03, 0x04, 0x0B, 0x05, 0x04, 0x04, 0x07, 0x05, 0x01, 0x04, 0x01, 0x01,
    0x0E, 0x03, 0x01, 0x02, 0x0A, 0x03, 0x01, 0x00, 0x0B, 0x05, 0x03, 0x00, 0x01, 0x04, 0x0A, 0x05,
    0x01, 0x04, 0x03, 0x00, 0x07, 0x05, 0x01, 0x04, 0x01, 0x00, 0x19, 0x03, 0x01, 0x00, 0x0B, 0x05,
    0x03, 0x00, 0x01, 0x04, 0x0A, 0x05, 0x01, 0x04, 0x02, 0x00, 0x01, 0x03, 0x07, 0x05, 0x01, 0x04,
    0x01, 0x00, 0x19, 0x03, 0x01, 0x00, 0x0B, 0x05, 0x03, 0x00, 0x01, 0x04, 0x0A, 0x05, 0x01, 0x04,
    0x02, 0x00, 0x01, 0x03, 0x07, 0x05, 0x01, 0x04, 0x01, 0x00, 0x19, 0x03, 0x01, 0x00, 0x0B, 0x05,
    0x03, 0x00, 0x01, 0x04, 0x0A, 0x05, 0x01, 0x04, 0x03, 0x00, 0x07, 0x05, 0x01, 0x04, 0x01, 0x00,
    0x19, 0x03, 0x01, 0x00, 0x0B, 0x05, 0x03, 0x04, 0x0B, 0x05, 0x04, 0x04, 0x07, 0x05, 0x01, 0x04,
    0x01, 0x00, 0x19, 0x03, 0x01, 0x00, 0x24, 0x05, 0x01, 0x04, 0x01, 0x00, 0x19, 0x03, 0x01, 0x00,
    0x24, 0x05, 0x01, 0x04, 0x01, 0x00, 0x19, 0x03, 0x01, 0x00, 0x24, 0x05, 0x01, 0x04, 0x01, 0x00,
    0x19, 0x03, 0x01, 0x00, 0x1D, 0x05, 0x07, 0x04, 0x01, 0x03, 0x01, 0x01, 0x19, 0x03, 0x01, 0x00,
    0x1D, 0x05, 0x07, 0x00, 0x01, 0x01, 0x1A, 0x03, 0x01, 0x00, 0x24, 0x05, 0x01, 0x04, 0x01, 0x00,
    0x07, 0x03, 0x01, 0x00, 0x01, 0x04, 0x01, 0x05, 0x0F, 0x03, 0x01, 0x00, 0x24, 0x05, 0x01, 0x04,
    0x01, 0x00, 0x08, 0x03, 0x01, 0x04, 0x01, 0x05, 0x0F, 0x03, 0x01, 0x00, 0x24, 0x05, 0x01, 0x04,
    0x01, 0x00, 0x05, 0x03, 0x01, 0x00, 0x01, 0x03, 0x03, 0x05, 0x0F, 0x03, 0x01, 0x00, 0x24, 0x05,
    0x01, 0x04, 0x01, 0x00, 0x05, 0x03, 0x02, 0x04, 0x03, 0x05, 0x0F, 0x03, 0x01, 0x00, 0x04, 0x05,
    0x03, 0x00, 0x04, 0x05, 0x07, 0x00, 0x04, 0x05, 0x03, 0x00, 0x0B, 0x05, 0x01, 0x04, 0x01, 0x00,
    0x03, 0x03, 0x02, 0x00, 0x04, 0x05, 0x01, 0x00, 0x0F, 0x03, 0x01, 0x02, 0x04, 0x05, 0x01, 0x00,
    0x01, 0x03, 0x01, 0x00, 0x04, 0x05, 0x07, 0x03, 0x04, 0x05, 0x01, 0x00, 0x01, 0x03, 0x01, 0x00,
    0x0B, 0x05, 0x01, 0x04, 0x01, 0x00, 0x02, 0x03, 0x01, 0x00, 0x02, 0x04, 0x02, 0x05, 0x02, 0x04,
    0x0F, 0x03, 0x02, 0x00, 0x04, 0x05, 0x01, 0x00, 0x01, 0x03, 0x01, 0x00, 0x04, 0x05, 0x01, 0x03,
    0x01, 0x01, 0x03, 0x03, 0x02, 0x00, 0x04, 0x05, 0x03, 0x00, 0x0B, 0x05, 0x01, 0x04, 0x01, 0x00,
    0x01, 0x03, 0x01, 0x02, 0x01, 0x00, 0x01, 0x04, 0x03, 0x05, 0x01, 0x03, 0x01, 0x00, 0x0E, 0x03,
    0x01, 0x00, 0x01, 0x04, 0x05, 0x05, 0x01, 0x00, 0x01, 0x04, 0x05, 0x05, 0x01, 0x03, 0x01, 0x01,
    0x02, 0x03, 0x01, 0x00, 0x01, 0x04, 0x05, 0x05, 0x01, 0x00, 0x01, 0x04, 0x0C, 0x05, 0x01, 0x04,
    0x02, 0x00, 0x01, 0x04, 0x03, 0x05, 0x02, 0x04, 0x10, 0x03, 0x01, 0x00, 0x06, 0x05, 0x01, 0x00,
    0x01, 0x04, 0x05, 0x05, 0x01, 0x03, 0x01, 0x01, 0x02, 0x03, 0x01, 0x00, 0x06, 0x05, 0x01, 0x00,
    0x0D, 0x05, 0x01, 0x04, 0x01, 0x03, 0x01, 0x00, 0x01, 0x04, 0x03, 0x05, 0x01, 0x04, 0x01, 0x00,
    0x10, 0x03, 0x01, 0x00, 0x04, 0x05, 0x02, 0x04, 0x01, 0x00, 0x01, 0x04, 0x03, 0x05, 0x02, 0x04,
    0x04, 0x03, 0x01, 0x00, 0x04, 0x05, 0x02, 0x04, 0x01, 0x00, 0x04, 0x05, 0x04, 0x04, 0x0A, 0x05,
    0x02, 0x04, 0x05, 0x03, 0x01, 0x00, 0x01, 0x03, 0x01, 0x00, 0x01, 0x03, 0x01, 0x00, 0x01, 0x03,
    0x01, 0x00, 0x01, 0x02, 0x02, 0x00, 0x01, 0x02, 0x01, 0x00, 0x01, 0x03, 0x01, 0x00, 0x01, 0x04,
    0x03, 0x05, 0x03, 0x00, 0x01, 0x04, 0x03, 0x05, 0x01, 0x04, 0x01, 0x00, 0x02, 0x02, 0x01, 0x00,
    0x01, 0x03, 0x01, 0x00, 0x04, 0x05, 0x03, 0x00, 0x01, 0x04, 0x03, 0x05, 0x01, 0x04, 0x02, 0x00,
    0x01, 0x04, 0x0A, 0x05, 0x01, 0x04, 0x01, 0x00, 0x01, 0x03, 0x01, 0x00, 0x01, 0x03, 0x02, 0x00,
    0x01, 0x04, 0x01, 0x03, 0x01, 0x04, 0x01, 0x00, 0x01, 0x04, 0x01, 0x02, 0x01, 0x04, 0x01, 0x03,
    0x02, 0x04, 0x01, 0x03, 0x01, 0x04, 0x01, 0x00, 0x01, 0x04, 0x01, 0x02, 0x01, 0x04, 0x01, 0x03,
    0x02, 0x04, 0x01, 0x03, 0x01, 0x04, 0x01, 0x00, 0x01, 0x04, 0x01, 0x00, 0x01, 0x04, 0x01, 0x03,
    0x02, 0x04, 0x01, 0x03, 0x01, 0x04, 0x01, 0x02, 0x01, 0x04, 0x01, 0x00, 0x01, 0x04, 0x01, 0x01,
    0x02, 0x04, 0x01, 0x03, 0x01, 0x04, 0x01, 0x00, 0x01, 0x04, 0x01, 0x00, 0x01, 0x04, 0x01, 0x03,
    0x02, 0x04, 0x01, 0x03, 0x01, 0x04, 0x01, 0x00, 0x01, 0x04, 0x01, 0x00, 0x01, 0x04, 0x01, 0x00,
    0x01, 0x04, 0x02, 0x03, 0x01, 0x04, 0x01, 0x03, 0x01, 0x04, 0x01, 0x00, 0x01, 0x04, 0x01, 0x02,
    0x02, 0x04, 0x02, 0x03, 0x01, 0x04, 0x01, 0x02, 0x01, 0x04, 0x01, 0x03, 0x01, 0x04, 0x01, 0x03,
    0x02, 0x04, 0x01, 0x03, 0x01, 0x04, 0x01, 0x00, 0x01, 0x04, 0x01, 0x01, 0x01, 0x04, 0x02, 0x03,
    0x01, 0x04, 0x01, 0x03, 0x01, 0x04, 0x01, 0x02, 0x01, 0x04, 0x01, 0x02, 0x01, 0x04, 0x01, 0x03,
    0x02, 0x04, 0x01, 0x03, 0x01, 0x04, 0x01, 0x02, 0x01, 0x04, 0x01, 0x01, 0x01, 0x04, 0x01, 0x03,
    0x01, 0x04, 0x02, 0x03, 0x01, 0x04, 0x01, 0x02, 0x01, 0x04, 0x01, 0x02, 0x01, 0x04, 0x01, 0x03,
    0x01, 0x04, 0x02, 0x03, 0x01, 0x04, 0x01, 0x03, 0x01, 0x04, 0x01, 0x00, 0x01, 0x04, 0x01, 0x03,
    0x01, 0x04, 0x02, 0x03, 0x01, 0x04, 0x01, 0x03, 0x01, 0x04, 0x01, 0x02, 0x01, 0x04, 0x01, 0x03,
    0x02, 0x04, 0x0C, 0x03, 0x01, 0x02, 0x08, 0x03, 0x01, 0x02, 0x0A, 0x03, 0x01, 0x02, 0x11, 0x03,
    0x01, 0x02, 0x08, 0x03, 0x01, 0x02, 0x04, 0x03, 0x01, 0x04, 0x01, 0x03, 0x01, 0x04, 0x01, 0x00,
    0x01, 0x04, 0x01, 0x02, 0x01, 0x04, 0x01, 0x03, 0x02, 0x04, 0x01, 0x03, 0x01, 0x04, 0x01, 0x00,
    0x01, 0x04, 0x01, 0x02, 0x01, 0x04, 0x01, 0x03, 0x02, 0x04, 0x01, 0x03, 0x01, 0x04, 0x01, 0x00,
    0x01, 0x04, 0x01, 0x00, 0x01, 0x04, 0x01, 0x03, 0x02, 0x04, 0x01, 0x03, 0x01, 0x04, 0x01, 0x02,
    0x01, 0x04, 0x01, 0x00, 0x01, 0x04, 0x01, 0x03, 0x02, 0x04, 0x01, 0x03, 0x01, 0x04, 0x01, 0x00,
    0x01, 0x04, 0x01, 0x00, 0x01, 0x04, 0x01, 0x03, 0x04, 0x04, 0x01, 0x03, 0x01, 0x04, 0x01, 0x00,
    0x01, 0x04, 0x01, 0x03, 0x04, 0x04, 0x01, 0x03, 0x01, 0x04, 0x01, 0x00, 0x01, 0x04, 0x01, 0x02,
    0x02, 0x04, 0x01, 0x02, 0x01, 0x03, 0x01, 0x01, 0x01, 0x03, 0x01, 0x02, 0x01, 0x03, 0x01, 0x02,
    0x01, 0x03, 0x02, 0x02, 0x01, 0x03, 0x01, 0x02, 0x01, 0x03, 0x01, 0x02, 0x01, 0x03, 0x01, 0x01,
    0x01, 0x03, 0x02, 0x02, 0x01, 0x03, 0x01, 0x02, 0x01, 0x03, 0x01, 0x02, 0x01, 0x03, 0x01, 0x00,
    0x04, 0x03, 0x01, 0x02, 0x01, 0x03, 0x01, 0x01, 0x01, 0x03, 0x01, 0x02, 0x01, 0x03, 0x01, 0x02,
    0x01, 0x01, 0x01, 0x03, 0x01, 0x02, 0x01, 0x03, 0x01, 0x02, 0x01, 0x03, 0x01, 0x02, 0x04, 0x03,
    0x01, 0x02, 0x01, 0x03, 0x01, 0x02, 0x01, 0x03, 0x01, 0x02, 0x01, 0x03, 0x02, 0x02, 0x01, 0x03,
    0x01, 0x02, 0x01, 0x03, 0x01, 0x02, 0x01, 0x03, 0x01, 0x02, 0x03, 0x03, 0x01, 0x04, 0x01, 0x03,
    0x01, 0x04, 0x01, 0x00, 0x01, 0x04, 0x01, 0x02, 0x01, 0x04, 0x01, 0x03, 0x02, 0x04, 0x01, 0x03,
    0x01, 0x04, 0x01, 0x00, 0x01, 0x04, 0x01, 0x02, 0x01, 0x04, 0x01, 0x03, 0x02, 0x04, 0x01, 0x03,
    0x01, 0x04, 0x01, 0x00, 0x01, 0x04, 0x01, 0x00, 0x01, 0x04, 0x01, 0x03, 0x02, 0x04, 0x01, 0x03,
    0x01, 0x04, 0x01, 0x00, 0x01, 0x04, 0x01, 0x00, 0x01, 0x04, 0x01, 0x03, 0x04, 0x04, 0x01, 0x01,
    0x01, 0x04, 0x01, 0x00, 0x01, 0x04, 0x01, 0x03, 0x04, 0x04, 0x01, 0x03, 0x01, 0x04, 0x01, 0x00,
    0x01, 0x04, 0x01, 0x03, 0x04, 0x04, 0x01, 0x03, 0x01, 0x04, 0x01, 0x00, 0x01, 0x04, 0x01, 0x02,
    0x02, 0x04, 0x01, 0x00, 0x01, 0x03, 0x01, 0x00, 0x01, 0x03, 0x01, 0x00, 0x01, 0x03, 0x01, 0x00,
    0x01, 0x02, 0x02, 0x00, 0x01, 0x03, 0x01, 0x00, 0x01, 0x03, 0x01, 0x00, 0x01, 0x03, 0x01, 0x00,
    0x01, 0x02, 0x02, 0x00, 0x01, 0x02, 0x01, 0x00, 0x01, 0x03, 0x01, 0x00, 0x01, 0x03, 0x01, 0x00,
    0x01, 0x02, 0x02, 0x00, 0x01, 0x02, 0x01, 0x00, 0x01, 0x03, 0x01, 0x00, 0x01, 0x03, 0x01, 0x00,
    0x01, 0x01, 0x02, 0x00, 0x01, 0x02, 0x01, 0x00, 0x01, 0x03, 0x01, 0x00, 0x01, 0x03, 0x01, 0x00,
    0x01, 0x03, 0x02, 0x00, 0x01, 0x02, 0x01, 0x00, 0x01, 0x03, 0x01, 0x00, 0x01, 0x03, 0x01, 0x00,
    0x01, 0x03, 0x01, 0x00, 0x01, 0x01, 0x01, 0x02, 0x01, 0x00, 0x01, 0x03, 0x01, 0x00, 0x01, 0x03,
    0x01, 0x00, 0x01, 0x03, 0x02, 0x00, 0x01, 0x04, 0x01, 0x03, 0x01, 0x04, 0x01, 0x00, 0x01, 0x04,
    0x01, 0x02, 0x01, 0x04, 0x01, 0x03, 0x02, 0x04, 0x01, 0x03, 0x01, 0x04, 0x01, 0x00, 0x01, 0x04,
    0x01, 0x02, 0x01, 0x04, 0x01, 0x03, 0x02, 0x04, 0x01, 0x03, 0x01, 0x04, 0x01, 0x00, 0x01, 0x04,
    0x01, 0x00, 0x01, 0x04, 0x01, 0x03, 0x02, 0x04, 0x01, 0x03, 0x01, 0x04, 0x01, 0x00, 0x01, 0x04,
    0x01, 0x00, 0x01, 0x04, 0x01, 0x03, 0x02, 0x04, 0x01, 0x03, 0x01, 0x04, 0x01, 0x00, 0x01, 0x04,
    0x01, 0x00, 0x01, 0x04, 0x01, 0x03, 0x04, 0x04, 0x01, 0x03, 0x01, 0x04, 0x01, 0x00, 0x01, 0x04,
    0x01, 0x03, 0x04, 0x04, 0x01, 0x03, 0x01, 0x04, 0x01, 0x00, 0x01, 0x04, 0x01, 0x01, 0x02, 0x04,
    0x40, 0x03, 0x01, 0x04, 0x01, 0x03, 0x01, 0x04, 0x01, 0x00, 0x01, 0x04, 0x01, 0x02, 0x01, 0x04,
    0x01, 0x03, 0x02, 0x04, 0x01, 0x03, 0x01, 0x04, 0x01, 0x00, 0x01, 0x04, 0x01, 0x02, 0x01, 0x04,
    0x01, 0x03, 0x02, 0x04, 0x01, 0x03, 0x01, 0x04, 0x01, 0x00, 0x01, 0x04, 0x01, 0x00, 0x01, 0x04,
    0x01, 0x03, 0x02, 0x04, 0x01, 0x03, 0x01, 0x04, 0x01, 0x01, 0x01, 0x04, 0x01, 0x00, 0x01, 0x04,
    0x01, 0x03, 0x02, 0x04, 0x01, 0x03, 0x01, 0x04, 0x01, 0x02, 0x01, 0x04, 0x01, 0x00, 0x01, 0x04,
    0x01, 0x03, 0x02, 0x04, 0x01, 0x03, 0x01, 0x04, 0x01, 0x03, 0x01, 0x04, 0x01, 0x00, 0x01, 0x04,
    0x01, 0x03, 0x04, 0x04, 0x01, 0x03, 0x01, 0x04, 0x01, 0x00, 0x01, 0x04, 0x01, 0x03, 0x03, 0x04,
    0x01, 0x03, 0x01, 0x04, 0x01, 0x00, 0x01, 0x04, 0x01, 0x02, 0x01, 0x04, 0x01, 0x03, 0x02, 0x04,
    0x01, 0x03, 0x01, 0x04, 0x01, 0x00, 0x01, 0x04, 0x01, 0x02, 0x01, 0x04, 0x01, 0x03, 0x02, 0x04,
    0x01, 0x03, 0x01, 0x04, 0x01, 0x02, 0x01, 0x04, 0x01, 0x00, 0x01, 0x04, 0x01, 0x03, 0x02, 0x04,
    0x01, 0x03, 0x01, 0x04, 0x01, 0x02, 0x01, 0x04, 0x01, 0x02, 0x01, 0x04, 0x01, 0x03, 0x02, 0x04,
    0x01, 0x03, 0x01, 0x04, 0x01, 0x02, 0x01, 0x04, 0x01, 0x00, 0x01, 0x04, 0x01, 0x03, 0x01, 0x04,
    0x02, 0x03, 0x01, 0x04, 0x01, 0x03, 0x01, 0x04, 0x01, 0x00, 0x01, 0x04, 0x01, 0x03, 0x01, 0x04,
    0x02, 0x03, 0x01, 0x04, 0x01, 0x03, 0x01, 0x04, 0x01, 0x00, 0x01, 0x04, 0x01, 0x03, 0x01, 0x04,
    0x04, 0x03, 0x01, 0x02, 0x01, 0x04, 0x07, 0x03, 0x01, 0x02, 0x01, 0x04, 0x07, 0x03, 0x01, 0x02,
    0x01, 0x04, 0x01, 0x02, 0x06, 0x03, 0x01, 0x01, 0x01, 0x04, 0x01, 0x02, 0x06, 0x03, 0x01, 0x02,
    0x01, 0x04, 0x01, 0x02, 0x01, 0x04, 0x06, 0x03, 0x01, 0x04, 0x01, 0x02, 0x01, 0x04, 0x06, 0x03,
    0x01, 0x04, 0x01, 0x02, 0x01, 0x04, 0x03, 0x03, 0x01, 0x04, 0x01, 0x03, 0x01, 0x04, 0x01, 0x00,
    0x01, 0x04, 0x01, 0x02, 0x01, 0x04, 0x01, 0x03, 0x02, 0x04, 0x01, 0x03, 0x01, 0x04, 0x01, 0x00,
    0x01, 0x04, 0x01, 0x02, 0x01, 0x04, 0x01, 0x03, 0x02, 0x04, 0x01, 0x03, 0x01, 0x04, 0x01, 0x00,
    0x01, 0x04, 0x01, 0x00, 0x01, 0x04, 0x01, 0x03, 0x02, 0x04, 0x01, 0x03, 0x01, 0x04, 0x01, 0x01,
    0x01, 0x04, 0x01, 0x00, 0x01, 0x04, 0x01, 0x03, 0x02, 0x04, 0x01, 0x03, 0x01, 0x04, 0x01, 0x00,
    0x01, 0x04, 0x01, 0x00, 0x01, 0x04, 0x01, 0x03, 0x02, 0x04, 0x01, 0x03, 0x01, 0x04, 0x01, 0x03,
    0x01, 0x04, 0x01, 0x00, 0x01, 0x04, 0x01, 0x03, 0x04, 0x04, 0x01, 0x03, 0x01, 0x04, 0x01, 0x00,
    0x01, 0x04, 0x01, 0x01, 0x02, 0x04, 0x01, 0x02, 0x01, 0x03, 0x01, 0x01, 0x01, 0x03, 0x01, 0x00,
    0x01, 0x03, 0x01, 0x02, 0x01, 0x03, 0x02, 0x02, 0x01, 0x03, 0x01, 0x02, 0x01, 0x03, 0x01, 0x00,
    0x01, 0x03, 0x01, 0x01, 0x01, 0x03, 0x02, 0x02, 0x01, 0x03, 0x01, 0x02, 0x01, 0x03, 0x01, 0x00,
    0x01, 0x03, 0x01, 0x02, 0x01, 0x03, 0x02, 0x02, 0x01, 0x03, 0x01, 0x01, 0x01, 0x03, 0x01, 0x00,
    0x01, 0x03, 0x01, 0x01, 0x01, 0x03, 0x02, 0x02, 0x01, 0x03, 0x01, 0x02, 0x01, 0x03, 0x01, 0x00,
    0x01, 0x03, 0x01, 0x00, 0x01, 0x03, 0x02, 0x02, 0x01, 0x03, 0x01, 0x02, 0x01, 0x03, 0x01, 0x00,
    0x01, 0x03, 0x01, 0x00, 0x01, 0x03, 0x04, 0x02, 0x01, 0x03, 0x01, 0x00, 0x01, 0x03, 0x01, 0x00,
    0x01, 0x03, 0x02, 0x02, 0x01, 0x04, 0x01, 0x03, 0x01, 0x04, 0x01, 0x00, 0x01, 0x04, 0x01, 0x02,
    0x01, 0x04, 0x01, 0x03, 0x02, 0x04, 0x01, 0x03, 0x01, 0x04, 0x01, 0x00, 0x01, 0x04, 0x01, 0x02,
    0x01, 0x04, 0x01, 0x03, 0x02, 0x04, 0x01, 0x03, 0x01, 0x04, 0x01, 0x00, 0x01, 0x04, 0x01, 0x00,
    0x01, 0x04, 0x01, 0x03, 0x02, 0x04, 0x01, 0x03, 0x01, 0x04, 0x01, 0x00, 0x01, 0x04, 0x01, 0x00,
    0x01, 0x04, 0x01, 0x03, 0x04, 0x04, 0x01, 0x00, 0x01, 0x04, 0x01, 0x00, 0x01, 0x04, 0x01, 0x03,
    0x04, 0x04, 0x01, 0x03, 0x01, 0x04, 0x01, 0x00, 0x01, 0x04, 0x01, 0x03, 0x04, 0x04, 0x01, 0x03,
    0x01, 0x04, 0x01, 0x00, 0x01, 0x04, 0x01, 0x02, 0x02, 0x04, 0xFF, 0x03, 0xFF, 0x03, 0xFF, 0x03,
    0xFF, 0x03, 0xFF, 0x03, 0x95, 0x03, 0x1D, 0x00, 0x22, 0x03, 0x01, 0x02, 0x1D, 0x04, 0x01, 0x01,
    0x21, 0x03, 0x01, 0x00, 0x1D, 0x05, 0x01, 0x03, 0x01, 0x01, 0x20, 0x03, 0x01, 0x00, 0x1D, 0x05,
    0x01, 0x03, 0x01, 0x01, 0x20, 0x03, 0x01, 0x00, 0x1D, 0x05, 0x01, 0x02, 0x01, 0x01, 0x20, 0x03,
    0x01, 0x00, 0x1D, 0x05, 0x01, 0x02, 0x01, 0x01, 0x15, 0x03, 0x01, 0x02, 0x0A, 0x03, 0x01, 0x00,
    0x1D, 0x05, 0x01, 0x02, 0x01, 0x01, 0x15, 0x03, 0x01, 0x02, 0x0A, 0x03, 0x01, 0x00, 0x0B, 0x05,
    0x02, 0x04, 0x01, 0x03, 0x0B, 0x05, 0x03, 0x04, 0x01, 0x03, 0x01, 0x02, 0x01, 0x01, 0x20, 0x03,
    0x01, 0x00, 0x0B, 0x05, 0x03, 0x00, 0x01, 0x04, 0x0A, 0x05, 0x01, 0x04, 0x03, 0x00, 0x01, 0x02,
    0x21, 0x03, 0x01, 0x00, 0x0B, 0x05, 0x03, 0x00, 0x01, 0x04, 0x0A, 0x05, 0x01, 0x04, 0x03, 0x00,
    0x01, 0x02, 0x21, 0x03, 0x01, 0x00, 0x0B, 0x05, 0x03, 0x04, 0x0B, 0x05, 0x04, 0x04, 0x22, 0x03,
    0x01, 0x00, 0x1D, 0x05, 0x06, 0x00, 0x1C, 0x03, 0x01, 0x00, 0x1D, 0x05, 0x06, 0x04, 0x01, 0x01,
    0x1B, 0x03, 0x01, 0x00, 0x22, 0x05, 0x01, 0x04, 0x01, 0x00, 0x0A, 0x03, 0x01, 0x02, 0x01, 0x00,
    0x0F, 0x03, 0x01, 0x00, 0x24, 0x05, 0x01, 0x04, 0x01, 0x01, 0x07, 0x03, 0x01, 0x00, 0x01, 0x04,
    0x01, 0x05, 0x0F, 0x03, 0x01, 0x00, 0x24, 0x05, 0x01, 0x04, 0x01, 0x00, 0x07, 0x03, 0x01, 0x00,
    0x01, 0x04, 0x01, 0x05, 0x0F, 0x03, 0x01, 0x00, 0x24, 0x05, 0x01, 0x04, 0x01, 0x00, 0x05, 0x03,
    0x01, 0x00, 0x01, 0x03, 0x03, 0x05, 0x0F, 0x03, 0x01, 0x00, 0x24, 0x05, 0x01, 0x04, 0x01, 0x00,
    0x05, 0x03, 0x02, 0x04, 0x03, 0x05, 0x0F, 0x03, 0x01, 0x02, 0x24, 0x05, 0x01, 0x04, 0x01, 0x00,
    0x03, 0x03, 0x02, 0x00, 0x04, 0x05, 0x10, 0x03, 0x01, 0x02, 0x24, 0x05, 0x01, 0x04, 0x01, 0x00,
    0x02, 0x03, 0x01, 0x02, 0x02, 0x04, 0x03, 0x05, 0x01, 0x04, 0x01, 0x02, 0x0F, 0x03, 0x01, 0x02,
    0x24, 0x05, 0x01, 0x04, 0x01, 0x00, 0x01, 0x03, 0x01, 0x02, 0x01, 0x00, 0x01, 0x04, 0x03, 0x05,
    0x01, 0x03, 0x01, 0x00, 0x10, 0x03, 0x01, 0x02, 0x04, 0x05, 0x03, 0x04, 0x05, 0x05, 0x05, 0x04,
    0x05, 0x05, 0x01, 0x04, 0x01, 0x05, 0x01, 0x04, 0x04, 0x05, 0x08, 0x04, 0x01, 0x03, 0x01, 0x02,
    0x02, 0x04, 0x03, 0x05, 0x01, 0x04, 0x11, 0x03, 0x02, 0x00, 0x04, 0x05, 0x03, 0x00, 0x04, 0x05,
    0x07, 0x00, 0x04, 0x05, 0x03, 0x00, 0x04, 0x05, 0x0A, 0x00, 0x01, 0x04, 0x03, 0x05, 0x01, 0x04,
    0x01, 0x00, 0x10, 0x03, 0x01, 0x00, 0x01, 0x04, 0x05, 0x05, 0x01, 0x00, 0x01, 0x04, 0x05, 0x05,
    0x04, 0x03, 0x01, 0x00, 0x01, 0x04, 0x05, 0x05, 0x01, 0x00, 0x01, 0x04, 0x05, 0x05, 0x01, 0x02,
    0x01, 0x04, 0x0A, 0x05, 0x03, 0x04, 0x11, 0x03, 0x01, 0x00, 0x06, 0x05, 0x01, 0x00, 0x01, 0x04,
    0x05, 0x05, 0x01, 0x03, 0x01, 0x01, 0x02, 0x03, 0x01, 0x00, 0x06, 0x05, 0x01, 0x00, 0x06, 0x05,
    0x01, 0x00, 0x01, 0x04, 0x0A, 0x05, 0x01, 0x04, 0x01, 0x00, 0x12, 0x03, 0x01, 0x00, 0x04, 0x05,
    0x02, 0x04, 0x01, 0x00, 0x01, 0x04, 0x03, 0x05, 0x02, 0x04, 0x04, 0x03, 0x01, 0x00, 0x04, 0x05,
    0x02, 0x04, 0x01, 0x00, 0x04, 0x05, 0x02, 0x04, 0x02, 0x03, 0x0B, 0x04, 0x06, 0x03, 0x01, 0x02,
    0x01, 0x03, 0x01, 0x00, 0x01, 0x03, 0x01, 0x00, 0x01, 0x03, 0x01, 0x00, 0x02, 0x02, 0x01, 0x00,
    0x01, 0x03, 0x01, 0x00, 0x01, 0x03, 0x01, 0x00, 0x01, 0x04, 0x03, 0x05, 0x01, 0x02, 0x02, 0x00,
    0x01, 0x04, 0x03, 0x05, 0x01, 0x04, 0x01, 0x00, 0x02, 0x02, 0x01, 0x00, 0x01, 0x03, 0x01, 0x00,
    0x04, 0x05, 0x03, 0x00, 0x01, 0x04, 0x03, 0x05, 0x01, 0x04, 0x01, 0x00, 0x01, 0x03, 0x01, 0x02,
    0x0A, 0x00, 0x01, 0x02, 0x01, 0x00, 0x01, 0x03, 0x01, 0x00, 0x01, 0x03, 0x01, 0x00, 0x01, 0x02,
    0x01, 0x04, 0x01, 0x03, 0x01, 0x04, 0x01, 0x02, 0x01, 0x04, 0x01, 0x02, 0x01, 0x04, 0x01, 0x03,
    0x02, 0x04, 0x01, 0x03, 0x01, 0x04, 0x01, 0x00, 0x01, 0x04, 0x01, 0x02, 0x01, 0x04, 0x01, 0x03,
    0x02, 0x04, 0x01, 0x03, 0x01, 0x04, 0x01, 0x00, 0x01, 0x04, 0x01, 0x00, 0x01, 0x04, 0x01, 0x03,
    0x02, 0x04, 0x01, 0x03, 0x01, 0x04, 0x01, 0x02, 0x01, 0x04, 0x01, 0x00, 0x01, 0x04, 0x01, 0x00,
    0x02, 0x04, 0x01, 0x03, 0x01, 0x04, 0x01, 0x00, 0x01, 0x04, 0x01, 0x00, 0x01, 0x04, 0x01, 0x03,
    0x02, 0x04, 0x01, 0x03, 0x01, 0x04, 0x01, 0x03, 0x01, 0x04, 0x01, 0x02, 0x01, 0x04, 0x01, 0x03,
    0x02, 0x04, 0x01, 0x03, 0x01, 0x04, 0x01, 0x03, 0x01, 0x04, 0x01, 0x02, 0x01, 0x04, 0x01, 0x02,
    0x03, 0x04, 0x01, 0x03, 0x01, 0x04, 0x01, 0x02, 0x01, 0x04, 0x01, 0x03, 0x01, 0x04, 0x01, 0x03,
    0x02, 0x04, 0x01, 0x03, 0x01, 0x04, 0x01, 0x02, 0x01, 0x04, 0x01, 0x01, 0x01, 0x04, 0x01, 0x03,
    0x02, 0x04, 0x01, 0x03, 0x01, 0x04, 0x01, 0x02, 0x01, 0x04, 0x01, 0x01, 0x01, 0x04, 0x01, 0x03,
    0x02, 0x04, 0x01, 0x03, 0x01, 0x04, 0x01, 0x02, 0x01, 0x04, 0x01, 0x01, 0x01, 0x04, 0x01, 0x03,
    0x02, 0x04, 0x01, 0x03, 0x01, 0x04, 0x01, 0x02, 0x01, 0x04, 0x01, 0x01, 0x01, 0x04, 0x01, 0x03,
    0x01, 0x04, 0x02, 0x03, 0x01, 0x04, 0x01, 0x03, 0x01, 0x04, 0x01, 0x02, 0x01, 0x04, 0x01, 0x03,
    0x01, 0x04, 0x02, 0x03, 0x01, 0x04, 0x01, 0x03, 0x01, 0x04, 0x01, 0x02, 0x01, 0x04, 0x01, 0x02,
    0x02, 0x04, 0x03, 0x03, 0x01, 0x01, 0x08, 0x03, 0x01, 0x02, 0x08, 0x03, 0x01, 0x02, 0x01, 0x03,
    0x01, 0x02, 0x07, 0x03, 0x01, 0x04, 0x01, 0x02, 0x08, 0x03, 0x01, 0x02, 0x08, 0x03, 0x01, 0x02,
    0x07, 0x03, 0x01, 0x04, 0x01, 0x02, 0x04, 0x03, 0x01, 0x04, 0x01, 0x03, 0x01, 0x04, 0x01, 0x00,
    0x01, 0x04, 0x01, 0x02, 0x01, 0x04, 0x01, 0x03, 0x02, 0x04, 0x01, 0x03, 0x01, 0x04, 0x01, 0x00,
    0x01, 0x04, 0x01, 0x02, 0x01, 0x04, 0x01, 0x03, 0x02, 0x04, 0x01, 0x03, 0x01, 0x04, 0x01, 0x00,
    0x01, 0x04, 0x01, 0x00, 0x01, 0x04, 0x01, 0x03, 0x02, 0x04, 0x01, 0x03, 0x01, 0x04, 0x01, 0x01,
    0x01, 0x04, 0x01, 0x00, 0x01, 0x04, 0x01, 0x03, 0x04, 0x04, 0x01, 0x02, 0x01, 0x04, 0x01, 0x00,
    0x01, 0x04, 0x01, 0x03, 0x04, 0x04, 0x01, 0x03, 0x01, 0x04, 0x01, 0x00, 0x01, 0x04, 0x01, 0x03,
    0x04, 0x04, 0x01, 0x03, 0x01, 0x04, 0x01, 0x00, 0x01, 0x04, 0x01, 0x02, 0x02, 0x04, 0x01, 0x02,
    0x01, 0x03, 0x01, 0x01, 0x01, 0x03, 0x01, 0x02, 0x03, 0x03, 0x01, 0x02, 0x01, 0x01, 0x01, 0x03,
    0x01, 0x02, 0x01, 0x03, 0x01, 0x02, 0x01, 0x03, 0x01, 0x01, 0x01, 0x03, 0x02, 0x02, 0x01, 0x03,
    0x01, 0x02, 0x01, 0x03, 0x01, 0x02, 0x01, 0x03, 0x01, 0x02, 0x01, 0x03, 0x01, 0x02, 0x02, 0x03,
    0x01, 0x02, 0x01, 0x03, 0x01, 0x01, 0x01, 0x03, 0x01, 0x02, 0x01, 0x03, 0x01, 0x02, 0x01, 0x01,
    0x01, 0x03, 0x01, 0x02, 0x01, 0x03, 0x01, 0x02, 0x01, 0x03, 0x01, 0x02, 0x01, 0x03, 0x01, 0x02,
    0x01, 0x03, 0x01, 0x01, 0x01, 0x02, 0x01, 0x03, 0x01, 0x02, 0x01, 0x03, 0x01, 0x02, 0x01, 0x03,
    0x01, 0x01, 0x01, 0x02, 0x01, 0x03, 0x01, 0x02, 0x01, 0x03, 0x01, 0x02, 0x01, 0x03, 0x01, 0x02,
    0x01, 0x03, 0x01, 0x02, 0x01, 0x03, 0x01, 0x04, 0x01, 0x03, 0x01, 0x04, 0x01, 0x00, 0x01, 0x04,
    0x01, 0x02, 0x01, 0x04, 0x01, 0x03, 0x02, 0x04, 0x01, 0x03, 0x01, 0x04, 0x01, 0x00, 0x01, 0x04,
    0x01, 0x02, 0x01, 0x04, 0x01, 0x03, 0x02, 0x04, 0x01, 0x03, 0x01, 0x04, 0x01, 0x00, 0x01, 0x04,
    0x01, 0x00, 0x01, 0x04, 0x01, 0x03, 0x02, 0x04, 0x01, 0x03, 0x01, 0x04, 0x01, 0x02, 0x01, 0x04,
    0x01, 0x00, 0x01, 0x04, 0x01, 0x03, 0x04, 0x04, 0x01, 0x00, 0x01, 0x04, 0x01, 0x00, 0x01, 0x04,
    0x01, 0x03, 0x04, 0x04, 0x01, 0x03, 0x01, 0x04, 0x01, 0x00, 0x01, 0x04, 0x01, 0x03, 0x04, 0x04,
    0x01, 0x03, 0x01, 0x04, 0x01, 0x00, 0x01, 0x04, 0x01, 0x02, 0x02, 0x04, 0x01, 0x02, 0x01, 0x03,
    0x01, 0x00, 0x01, 0x03, 0x01, 0x00, 0x01, 0x03, 0x01, 0x00, 0x02, 0x02, 0x01, 0x00, 0x01, 0x03,
    0x01, 0x00, 0x01, 0x03, 0x01, 0x00, 0x01, 0x03, 0x01, 0x00, 0x04, 0x02, 0x01, 0x00, 0x01, 0x03,
    0x01, 0x00, 0x01, 0x03, 0x01, 0x00, 0x01, 0x02, 0x01, 0x00, 0x02, 0x02, 0x01, 0x00, 0x01, 0x03,
    0x01, 0x00, 0x01, 0x03, 0x01, 0x00, 0x01, 0x03, 0x01, 0x00, 0x02, 0x02, 0x01, 0x00, 0x01, 0x03,
    0x01, 0x00, 0x01, 0x03, 0x01, 0x00, 0x01, 0x03, 0x01, 0x00, 0x01, 0x01, 0x01, 0x02, 0x01, 0x00,
    0x01, 0x03, 0x01, 0x00, 0x01, 0x03, 0x01, 0x00, 0x01, 0x03, 0x01, 0x00, 0x02, 0x02, 0x01, 0x00,
    0x01, 0x03, 0x01, 0x00, 0x01, 0x03, 0x01, 0x00, 0x01, 0x03, 0x01, 0x00, 0x01, 0x02, 0x01, 0x04,
    0x01, 0x03, 0x01, 0x04, 0x01, 0x02, 0x01, 0x04, 0x01, 0x02, 0x01, 0x04, 0x01, 0x03, 0x02, 0x04,
    0x01, 0x03, 0x01, 0x04, 0x01, 0x00, 0x01, 0x04, 0x01, 0x02, 0x01, 0x04, 0x01, 0x03, 0x02, 0x04,
    0x01, 0x03, 0x01, 0x04, 0x01, 0x02, 0x01, 0x04, 0x01, 0x00, 0x01, 0x04, 0x01, 0x03, 0x02, 0x04,
    0x01, 0x03, 0x01, 0x04, 0x01, 0x02, 0x01, 0x04, 0x01, 0x00, 0x01, 0x04, 0x01, 0x03, 0x04, 0x04,
    0x01, 0x02, 0x01, 0x04, 0x01, 0x00, 0x01, 0x04, 0x01, 0x03, 0x04, 0x04, 0x01, 0x03, 0x01, 0x04,
    0x01, 0x00, 0x01, 0x04, 0x01, 0x03, 0x04, 0x04, 0x01, 0x03, 0x01, 0x04, 0x01, 0x00, 0x01, 0x04,
    0x01, 0x02, 0x02, 0x04, 0x40, 0x03, 0x01, 0x04, 0x01, 0x03, 0x01, 0x04, 0x01, 0x02, 0x01, 0x04,
    0x01, 0x02, 0x01, 0x04, 0x01, 0x03, 0x02, 0x04, 0x01, 0x03, 0x01, 0x04, 0x01, 0x00, 0x01, 0x04,
    0x01, 0x02, 0x01, 0x04, 0x01, 0x03, 0x02, 0x04, 0x01, 0x03, 0x01, 0x04, 0x01, 0x02, 0x01, 0x04,
    0x01, 0x00, 0x01, 0x04, 0x01, 0x03, 0x02, 0x04, 0x01, 0x03, 0x01, 0x04, 0x01, 0x02, 0x01, 0x04,
    0x01, 0x02, 0x01, 0x04, 0x01, 0x03, 0x02, 0x04, 0x01, 0x03, 0x01, 0x04, 0x01, 0x02, 0x01, 0x04,
    0x01, 0x00, 0x01, 0x04, 0x01, 0x03, 0x04, 0x04, 0x01, 0x03, 0x01, 0x04, 0x01, 0x00, 0x01, 0x04,
    0x01, 0x03, 0x04, 0x04, 0x01, 0x03, 0x01, 0x04, 0x01, 0x00, 0x01, 0x04, 0x01, 0x02, 0x03, 0x04,
    0x01, 0x03, 0x01, 0x04, 0x01, 0x01, 0x01, 0x04, 0x01, 0x02, 0x01, 0x04, 0x01, 0x03, 0x02, 0x04,
    0x01, 0x03, 0x01, 0x04, 0x01, 0x02, 0x01, 0x04, 0x01, 0x01, 0x01, 0x04, 0x01, 0x03, 0x02, 0x04,
    0x01, 0x03, 0x01, 0x04, 0x01, 0x02, 0x01, 0x04, 0x01, 0x02, 0x01, 0x04, 0x01, 0x03, 0x02, 0x04,
    0x01, 0x03, 0x01, 0x04, 0x01, 0x02, 0x01, 0x04, 0x01, 0x02, 0x01, 0x04, 0x01, 0x03, 0x02, 0x04,
    0x01, 0x03, 0x01, 0x04, 0x01, 0x02, 0x01, 0x04, 0x01, 0x02, 0x01, 0x04, 0x01, 0x03, 0x01, 0x04,
    0x02, 0x03, 0x01, 0x04, 0x01, 0x03, 0x01, 0x04, 0x01, 0x00, 0x01, 0x04, 0x01, 0x03, 0x01, 0x04,
    0x02, 0x03, 0x01, 0x04, 0x01, 0x03, 0x01, 0x04, 0x01, 0x02, 0x01, 0x04, 0x01, 0x03, 0x02, 0x04,
    0x02, 0x03, 0x01, 0x04, 0x01, 0x02, 0x01, 0x04, 0x06, 0x03, 0x01, 0x04, 0x01, 0x02, 0x01, 0x04,
    0x01, 0x01, 0x01, 0x04, 0x04, 0x03, 0x01, 0x04, 0x01, 0x01, 0x01, 0x04, 0x01, 0x02, 0x01, 0x04,
    0x04, 0x03, 0x01, 0x04, 0x01, 0x01, 0x01, 0x04, 0x01, 0x02, 0x06, 0x03, 0x01, 0x02, 0x01, 0x04,
    0x01, 0x02, 0x01, 0x04, 0x06, 0x03, 0x01, 0x04, 0x01, 0x02, 0x01, 0x04, 0x06, 0x03, 0x01, 0x04,
    0x01, 0x02, 0x01, 0x04, 0x03, 0x03, 0x01, 0x04, 0x01, 0x03, 0x01, 0x04, 0x01, 0x02, 0x01, 0x04,
    0x01, 0x02, 0x01, 0x04, 0x01, 0x03, 0x02, 0x04, 0x01, 0x03, 0x01, 0x04, 0x01, 0x00, 0x01, 0x04,
    0x01, 0x02, 0x01, 0x04, 0x01, 0x03, 0x02, 0x04, 0x01, 0x03, 0x01, 0x04, 0x01, 0x02, 0x01, 0x04,
    0x01, 0x00, 0x01, 0x04, 0x01, 0x03, 0x02, 0x04, 0x01, 0x03, 0x01, 0x04, 0x01, 0x01, 0x01, 0x04,
    0x01, 0x02, 0x01, 0x04, 0x01, 0x03, 0x02, 0x04, 0x01, 0x03, 0x01, 0x04, 0x01, 0x02, 0x01, 0x04,
    0x01, 0x00, 0x01, 0x04, 0x01, 0x03, 0x04, 0x04, 0x01, 0x03, 0x01, 0x04, 0x01, 0x00, 0x01, 0x04,
    0x01, 0x03, 0x04, 0x04, 0x01, 0x03, 0x01, 0x04, 0x01, 0x00, 0x01, 0x04, 0x01, 0x02, 0x02, 0x04,
    0x01, 0x02, 0x01, 0x03, 0x01, 0x01, 0x01, 0x03, 0x01, 0x02, 0x01, 0x03, 0x01, 0x02, 0x01, 0x03,
    0x02, 0x02, 0x01, 0x03, 0x01, 0x02, 0x01, 0x03, 0x01, 0x01, 0x01, 0x03, 0x01, 0x02, 0x01, 0x03,
    0x02, 0x02, 0x01, 0x03, 0x01, 0x02, 0x01, 0x03, 0x01, 0x01, 0x01, 0x03, 0x01, 0x02, 0x01, 0x03,
    0x02, 0x02, 0x01, 0x03, 0x01, 0x02, 0x01, 0x03, 0x01, 0x02, 0x01, 0x03, 0x01, 0x02, 0x01, 0x03,
    0x02, 0x02, 0x01, 0x03, 0x01, 0x02, 0x01, 0x03, 0x01, 0x02, 0x01, 0x03, 0x01, 0x02, 0x01, 0x03,
    0x02, 0x02, 0x01, 0x03, 0x01, 0x02, 0x01, 0x03, 0x01, 0x01, 0x01, 0x03, 0x01, 0x01, 0x01, 0x03,
    0x02, 0x02, 0x01, 0x03, 0x01, 0x02, 0x01, 0x03, 0x01, 0x02, 0x01, 0x03, 0x01, 0x01, 0x01, 0x03,
    0x02, 0x02, 0x01, 0x04, 0x01, 0x03, 0x01, 0x04, 0x01, 0x00, 0x01, 0x04, 0x01, 0x02, 0x01, 0x04,
    0x01, 0x03, 0x02, 0x04, 0x01, 0x03, 0x01, 0x04, 0x01, 0x00, 0x01, 0x04, 0x01, 0x02, 0x04, 0x04,
    0x01, 0x03, 0x01, 0x04, 0x01, 0x00, 0x01, 0x04, 0x01, 0x00, 0x04, 0x04, 0x01, 0x03, 0x01, 0x04,
    0x01, 0x02, 0x01, 0x04, 0x01, 0x00, 0x01, 0x04, 0x01, 0x03, 0x04, 0x04, 0x01, 0x00, 0x01, 0x04,
    0x01, 0x00, 0x01, 0x04, 0x01, 0x03, 0x04, 0x04, 0x01, 0x03, 0x01, 0x04, 0x01, 0x00, 0x01, 0x04,
    0x01, 0x03, 0x04, 0x04, 0x01, 0x03, 0x01, 0x04, 0x01, 0x00, 0x01, 0x04, 0x01, 0x02, 0x02, 0x04
};
